Timestamp, Config, NodeId, ScanStartPs, ScanStopPs, ScanResolutionBins, BaseIntegrationIndex, Segment1NumSamples, Segment2NumSamples, Segment3NumSamples, Segment4NumSamples, Segment1AdditionalIntegration, Segment2AdditionalIntegration, Segment3AdditionalIntegration, Segment4AdditionalIntegration, AntennaMode, TransmitGain, CodeChannel
1747889001.358, Config, 100, 10000, 39297, 32, 12, 0, 0, 0, 0, 0, 0, 0, 0, 0, 63, 0
Timestamp, MrmFullScanInfo, MessageId, SourceId, EmbeddedTimestamp, Reserved, Reserved, Reserved, Reserved, ScanStartPs, ScanStopPs, ScanStepBins, Filtering, AntennaId, Reserved, NumSamplesTotal, ScanData
1747889001.422, MrmFullScanInfo, 1116, 1511006420, 402478, 0, 0, 0, 0, 10000, 39297, 32, 1, 2, 1, 480, 7059, -7351, -5522, 9209, 3834, -11882, -122, 11256, -2841, -10399, 7194, 10461, -11764, -9265, 16066, 5635, -16127, -1557, 19995, -2977, -23735, 9479, 20468, -15958, -15672, 20221, 9576, -28565, 1619, 34921, -16416, -32120, 27795, 27534, -49952, -18807, 83515, 1523, -102525, 26855, 114797, -60088, -141518, 108507, 168285, -176116, -157000, 222475, 128621, -241984, -121278, 317795, 101652, -403932, -51805, 429011, -619, -434976, 68438, 469676, -169165, -507968, 225015, 459477, -259221, -381357, 364339, 381559, -468187, -395061, 454975, 255137, -471021, -148399, 508325, 65023, -520166, 76313, 519655, -173196, -503579, 181410, 501529, -316768, -519167, 451953, 460229, -445173, -327132, 466258, 301613, -505889, -267917, 520156, 77527, -519324, -12423, 480665, -113131, -483863, 296138, 513398, -312981, -430421, 339820, 321113, -438072, -297332, 507628, 256165, -497859, -115522, 512281, 32886, -519263, 78322, 520191, -240188, -518450, 271891, 463993, -292056, -467598, 389591, 508484, -478469, -404428, 456184, 289550, -469037, -289081, 498876, 299372, -518942, -186545, 511200, 166220, -505748, -245066, 499909, 450778, -460139, -513155, 176824, 510981, 41135, -510695, -86942, 518769, 61376, -512561, 15645, 505373, -64113, -510865, 171912, 519833, -309007, -495874, 326399, 423297, -386874, -419908, 459197, 446762, -511265, -308380, 507340, 212450, -510882, -182809, 516351, 165714, -520189, -104772, 519917, 104972, -514035, -119833, 515622, 183250, -518785, -235737, 503179, 272148, -466899, -352437, 461005, 445073, -484830, -404721, 438142, 368030, -382436, -399626, 421727, 448418, -482539, -349615, 460827, 263484, -463958, -235756, 495636, 180567, -518977, -51192, 507177, -26423, -456752, 139957, 441804, -270275, -417060, 306828, 286280, -307425, -184570, 326612, 93634, -323893, -20309, 257730, -18918, -187197, 30192, 147768, -40862, -117350, 37329, 83483, -17902, -70863, 202, 73578, 13099, -94111, -25884, 110379, 30098, -115370, -26166, 149043, 14814, -191275, 3126, 201235, -25679, -205969, 49588, 233861, -85035, -262716, 124982, 242282, -149787, -242055, 183748, 245867, -218459, -246887, 255209, 211615, -248316, -186962, 233647, 172973, -250433, -161180, 271061, 132586, -246960, -133086, 195578, 125333, -201401, -119774, 213628, 100721, -194755, -88468, 175615, 79708, -177731, -71162, 182352, 53737, -159442, -41462, 138442, 33775, -135060, -27165, 131911, 19733, -109927, -15622, 87443, 13995, -77333, -13817, 67025, 13708, -48086, -17245, 50319, 16352, -44501, -18838, 39004, 19466, -31130, -20684, 22547, 25961, -18546, -33364, 14777, 35962, -13525, -19533, 19112, 22169, -15168, -28031, 11388, 29973, -9286, -34863, 6398, 50988, -7077, -74055, 10393, 80227, -18977, -64943, 19121, 79810, -25295, -97361, 35511, 97222, -47648, -95697, 57499, 106274, -75170, -114634, 100002, 100146, -107663, -80560, 118440, 74120, -136110, -65126, 154587, 46886, -145014, -31450, 134052, 19654, -137810, -4930, 140288, -7652, -121345, 28696, 99258, -43419, -88600, 55108, 78825, -52977, -59097, 48566, 46715, -48253, -41125, 48103, 36519, -38717, -31724, 27332, 25261, -25192, -22512, 23748, 21089, -20895, -17188, 19519, 13157, -21229, -9086, 23502, 4451, -23057, -1688, 26931, -7741, -29719, 12654, 31354, -18458, -25551, 20090, 21109, -21869, -17535, 25228, 15139, -27370, -13791, 23410, -1283, -36109, 6787, 34782, -10574, -29201, 10146, 19018, -8023, -13071, 5842, 10552, -1533, -11192, -3900, 12871, -13566, -6542, 9924, 2468, -2526, -291, -6516, 1968, 10748, -5642, -12796, 9496, 13216, -15560, -11205, 18588, -3813, -6768, 2999, 5483, -1950, -4941, 3088, 2618, -6359, 796, 8070, -6553, -10333, 13315, 5776, -14944, -10984, 26544, 2951, -33275, 6179, 38716, -14925, -37385, 19118, 37096, -29307, -38147, 39735, 36067, -40530, -25154
1747889001.438, MrmFullScanInfo, 1116, 1511006420, 402478, 0, 0, 0, 0, 10000, 39297, 32, 2, 2, 1, 480, 0, 0, 0, 0, 0, 0, -1661, 4436, 1248, -9635, 2131, 11894, -6780, -10680, 11061, 7503, -14339, -3689, 16553, -319, -17995, 4725, 18827, -9883, -18369, 15550, 15466, -20900, -9520, 25338, 461, -28226, 11344, 28236, -25051, -23845, 40613, 13856, -58527, 3132, 77083, -28090, -92629, 60913, 103632, -102400, -109405, 153030, 105267, -206638, -86956, 254104, 57667, -295971, -22084, 339610, -21824, -382418, 77640, 411809, -144554, -422513, 219098, 417429, -294279, -394774, 360925, 351808, -417790, -297107, 470492, 240132, -516427, -176486, 542619, 96473, -542531, 1193, 522851, -109356, -491401, 214528, 453995, -303884, -419474, 381305, 389992, -458867, -349466, 529147, 283360, -569252, -202292, 575112, 122219, -563373, -41025, 542052, -51726, -507263, 158635, 460924, -272065, -409273, 375747, 351256, -450224, -283187, 493061, 209014, -518936, -133341, 535900, 52999, -538611, 37151, 522681, -138663, -491617, 246278, 448946, -344229, -400205, 416169, 359164, -467328, -331200, 514687, 298107, -555178, -241737, 571491, 174610, -565044, -119881, 555071, 79004, -550019, -46393, 545322, 42597, -541828, -96161, 533688, 201718, -489513, -324623, 383325, 433948, -241643, -513467, 131654, 551281, -97367, -543995, 134109, 505146, -215391, -455215, 314719, 403240, -407584, -349822, 476432, 301982, -523589, -262451, 560768, 216404, -585157, -149785, 585526, 74117, -564830, -12667, 540468, -26941, -524834, 49612, 518870, -55486, -520436, 39085, 529113, -1292, -541444, -50981, 550898, 113817, -557893, -180364, 566958, 231168, -570468, -251554, 556328, 253629, -534808, -253728, 529416, 241671, -540998, -200122, 548828, 135133, -543481, -63310, 531796, -12335, -513644, 96352, 479825, -188060, -427256, 279783, 358136, -356215, -273149, 397733, 175580, -396845, -76747, 362903, -8194, -308099, 66911, 242057, -93649, -177215, 93571, 125649, -78976, -91361, 59707, 72181, -40078, -66488, 22777, 73627, -10826, -89786, 6081, 109262, -8656, -129743, 18726, 151669, -36968, -172283, 62064, 186818, -90762, -195642, 122043, 201297, -156519, -201935, 192083, 194788, -224929, -182354, 254830, 167698, -281907, -148989, 300220, 125581, -303840, -102578, 297339, 84032, -290552, -68499, 283361, 55574, -268923, -48876, 249043, 48285, -233010, -46773, 223288, 39443, -214106, -28626, 203055, 18292, -192402, -8754, 181604, -506, -167725, 8018, 151717, -12674, -137144, 15557, 123960, -17400, -109384, 17188, 93215, -14242, -77743, 9415, 64931, -4138, -55661, -343, 49908, 3339, -46131, -5229, 41937, 7453, -36426, -11481, 30656, 17629, -26439, -23383, 24649, 25166, -24233, -22613, 23401, 19468, -21515, -19608, 19362, 24190, -18300, -33429, 19752, 46699, -24972, -59644, 33077, 66937, -40787, -68992, 46501, 71035, -52656, -75156, 62043, 78709, -74524, -80154, 89425, 79452, -106298, -74414, 122619, 62844, -134912, -46722, 143325, 29845, -150023, -13506, 153660, -2164, -151207, 15975, 143726, -27419, -134801, 38257, 124356, -49942, -109482, 61491, 90224, -70348, -70202, 74155, 52698, -72277, -39037, 66539, 29498, -59849, -23599, 53327, 20109, -46319, -17888, 38892, 16289, -32452, -14808, 28019, 12930, -25403, -10222, 24086, 6541, -23604, -2160, 23595, -2703, -23895, 8216, 24403, -14528, -24389, 20910, 22681, -25780, -18924, 28208, 14107, -28767, -9669, 28584, 5610, -28604, -495, 29177, -6623, -29537, 14336, 27924, -19402, -23246, 19671, 16868, -15595, -11509, 9475, 9210, -4862, -9331, 4512, 8878, -7317, -5776, 8552, 1655, -4828, -91, -2172, 2709, 8320, -8238, -10814, 14218, 8805, -17782, -3245, 16635, -2792, -11272, 5977, 5197, -5887, -1312, 4971, -872, -5127, 3630, 5841, -8050, -5731, 13669, 4068, -19822, -281, 26005, -6368, -30873, 15433, 32745, -24819, -31525, 33129, 28504, -40273, -24396
1747889001.465, MrmFullScanInfo, 1116, 1511006420, 402478, 0, 0, 0, 0, 10000, 39297, 32, 4, 2, 1, 480, 0, 0, 0, 0, 0, 0, 95, 2, -258, 63, 385, -200, -355, 343, 177, -422, -24, 447, 28, -460, -91, 394, 90, -167, -40, -112, 1, 241, 63, -155, -138, -32, 182, 201, -173, -250, 92, 196, 49, -214, -109, 369, -84, -464, 522, 368, -994, -215, 1162, 115, -808, -29, 219, -157, -176, 566, 984, -1145, -2077, 1653, 2867, -1864, -3217, 1949, 3062, -1790, -2407, 1015, 1726, 133, -1533, -621, 1724, 70, -1767, 612, 1475, -646, -988, 193, 575, 423, -563, -1334, 1096, 2319, -1711, -2645, 1895, 1964, -1708, -652, 1541, -570, -1457, 1189, 1300, -1214, -1056, 967, 882, -700, -1034, 843, 1560, -1713, -1941, 2969, 1588, -3751, -575, 3815, -563, -3563, 1352, 3136, -1580, -2582, 1340, 2340, -1147, -2881, 1683, 3724, -2822, -3857, 3760, 2912, -4126, -1349, 4293, -126, -4833, 1170, 6371, -1887, -9074, 2550, 12707, -2998, -16541, 2129, 18879, 2029, -18128, -9307, 14569, 15176, -9932, -14629, 5171, 8248, -739, -1292, -2273, -2618, 3117, 3783, -2442, -4051, 1800, 4472, -2375, -4891, 4376, 4503, -6812, -2820, 8160, 553, -8175, 1090, 8848, -2139, -11744, 3573, 15294, -5531, -16768, 7044, 15386, -7411, -11167, 7138, 3056, -7464, 9008, 9299, -21535, -12130, 30229, 14667, -33792, -16371, 33703, 17332, -31994, -16804, 29798, 13661, -27209, -8407, 23812, 3114, -19592, 613, 15213, -2543, -11051, 3040, 6627, -2090, -1922, -605, -1960, 4984, 3866, -10647, -3421, 17150, 359, -23600, 5537, 28133, -13237, -29026, 21003, 25996, -28004, -20098, 34006, 12712, -38287, -4776, 40251, -3133, -40671, 10855, 40427, -18251, -38422, 24355, 33108, -27792, -25201, 28556, 17019, -27857, -9896, 26284, 3978, -23464, 526, 19390, -3440, -14656, 5145, 9641, -6051, -4514, 6084, -395, -4692, 4607, 1394, -7428, 3693, 8182, -9860, -6512, 15888, 2673, -20284, 1608, 22535, -4115, -24157, 4839, 26933, -6506, -30127, 11341, 31401, -18546, -29563, 26027, 25046, -31919, -18579, 34891, 11009, -34563, -3535, 32066, -2977, -29058, 8634, 25940, -13725, -21882, 17982, 16005, -20830, -8067, 21046, 659, -18166, 1851, 14653, 1488, -14093, -5876, 16811, 5826, -19610, -709, 19780, -6689, -16873, 13341, 12609, -16646, -10231, 15671, 12730, -12862, -19529, 12543, 25915, -16501, -27129, 22352, 21818, -26843, -11802, 28211, 1665, -26538, 3431, 24012, -2263, -23727, -600, 26416, -492, -29154, 6663, 28370, -15316, -23253, 23244, 15486, -27583, -7668, 26913, 2106, -23012, 862, 19583, -3249, -18383, 7073, 18276, -12393, -17787, 18211, 16247, -23490, -12492, 26424, 5441, -24855, 3661, 18801, -11457, -11279, 15561, 5731, -16397, -3386, 15760, 3635, -15058, -5226, 14562, 7085, -14027, -8493, 13521, 8914, -13264, -7902, 13029, 5386, -12323, -1724, 11043, -2642, -9359, 7151, 7582, -10999, -6211, 13748, 5444, -15826, -4236, 17547, 1002, -18089, 4546, 16454, -11113, -12771, 16818, 7950, -20222, -3759, 21586, 1906, -23143, -1478, 26346, -1191, -29253, 8414, 28693, -18142, -23887, 26593, 16620, -31294, -10857, 31965, 10635, -30914, -15820, 31676, 20454, -35134, -18255, 38092, 9452, -37092, 680, 32426, -7600, -26692, 9546, 22230, -6932, -20414, 2518, 20967, -184, -21385, 1369, 19235, -3848, -15070, 5163, 11512, -5005, -10275, 3889, 11137, -1821, -13285, -698, 16174, 1905, -18797, -465, 19860, -2894, -19229, 6680, 18040, -9934, -17107
Timestamp, MrmDetectionListInfo, MessageId, NumDetections, DetIndex, DetMagnitude, DetIndex, DetMagnitude,...
1747889001.476, MrmDetectionListInfo, 1116, 1, 149, 13786
1747889001.518, MrmFullScanInfo, 1117, 1511006420, 402603, 0, 0, 0, 0, 10000, 39297, 32, 1, 2, 1, 480, 7588, -7162, -5454, 9204, 4570, -11875, 28, 11440, -3128, -11096, 7417, 11136, -12341, -9774, 16147, 5970, -15231, -1789, 20204, -3218, -23567, 9749, 20828, -16615, -17270, 20797, 10112, -29071, 891, 35715, -16702, -32458, 28019, 27412, -50425, -19173, 84434, 387, -102862, 27821, 114169, -58844, -141126, 107632, 167444, -177109, -156885, 223470, 130299, -240313, -121394, 319062, 100397, -404049, -47261, 429201, -854, -434685, 68809, 470669, -171853, -508399, 225610, 457077, -254740, -384173, 367960, 382274, -470449, -398053, 455996, 249730, -471356, -150208, 508307, 70928, -520159, 79527, 519746, -175584, -502795, 176450, 502104, -316159, -519320, 452612, 456750, -445210, -325141, 466161, 303296, -505955, -265189, 520139, 72819, -519288, -12521, 479887, -115052, -483855, 293019, 513315, -314297, -432953, 338295, 322765, -438374, -298803, 507837, 259914, -498628, -120326, 512781, 31478, -519398, 80911, 520192, -236253, -518761, 273006, 463866, -289443, -467360, 389752, 509437, -477839, -403585, 456255, 288550, -470469, -287509, 499615, 299337, -519361, -185655, 511494, 163155, -506157, -241418, 500774, 445092, -467567, -511059, 187611, 509950, 33761, -512233, -80620, 519106, 61853, -512677, 13207, 505302, -60418, -510921, 170233, 519841, -305672, -497166, 322521, 425183, -387435, -423410, 459200, 449965, -510475, -315696, 506184, 220284, -509728, -194728, 515485, 182103, -520169, -125143, 519760, 124618, -514411, -144780, 514711, 218176, -518610, -259163, 501708, 284079, -465959, -361386, 465099, 448192, -490976, -401195, 445091, 358768, -393820, -389457, 436101, 434142, -490025, -334748, 469155, 252622, -471054, -221669, 499535, 159426, -519074, -39306, 507913, -33213, -456885, 153475, 438824, -275704, -414765, 304426, 291774, -300311, -190327, 316378, 103088, -310541, -30485, 245819, -2012, -173335, 8977, 135365, -17490, -106426, 10493, 80887, 7086, -69591, -23185, 79065, 38445, -103340, -50100, 122642, 51095, -128507, -40435, 164936, 24579, -207249, -2837, 215747, -22577, -217386, 45995, 243255, -82518, -268482, 122466, 247610, -143821, -245741, 186044, 242785, -216867, -237364, 246515, 203883, -232674, -180539, 211609, 170181, -221049, -162503, 234824, 143020, -213382, -120741, 169245, 118088, -166510, -121709, 170365, 116676, -155992, -114404, 143014, 119517, -151456, -122217, 165813, 106995, -157246, -90329, 143510, 82705, -149012, -72681, 155080, 54931, -135295, -42615, 114320, 33541, -108592, -26691, 102114, 20789, -78519, -50113, 73830, 46266, -68121, -43021, 64433, 38390, -52292, -36753, 41930, 36643, -38879, -37514, 35262, 34204, -30031, -55473, 48388, 55419, -49448, -54564, 48205, 45901, -41146, -41146, 33095, 43212, -28500, -51049, 23986, 53416, -22488, -75032, 50838, 82125, -54988, -91422, 62481, 87827, -64226, -84579, 65240, 93460, -75637, -103186, 94008, 94655, -99340, -86609, 142547, 78726, -156548, -68408, 171270, 48265, -155982, -31879, 140046, 18612, -140768, -2762, 143583, -12660, -126334, 25670, 128432, -40978, -118400, 53524, 107634, -54902, -80331, 51563, 57978, -54380, -43190, 57434, 29497, -51797, -18300, 40691, 9930, -40613, -4652, 41118, 71, -35193, 3037, 30154, -3381, -31682, 5004, 35045, -6821, -32262, 7467, 18527, -6847, -22841, 12129, 24799, -21521, -21206, 28603, 18656, -33741, -14326, 43024, 10114, -51849, -4580, 44734, 11397, -37788, -6387, 44381, -850, -46711, 9059, 37616, -15068, -29589, 18648, 23374, -19547, -17448, 13547, 9908, -10499, -23924, 13881, 19930, -16319, -15047, 13345, 9835, -10834, -8173, 8765, 8463, -6285, -9542, 1329, 10636, -13218, -9219, 13903, 4835, -15923, -938, 15348, -2047, -17611, 6352, 19032, -11938, -19109, 17766, 12587, -18125, -15811, 27833, 9231, -33225, -3527, 39727, -2470, -39162, 7110, 39035, -16933, -39422, 28666, 34470, -32973, -23682
1747889001.534, MrmFullScanInfo, 1117, 1511006420, 402603, 0, 0, 0, 0, 10000, 39297, 32, 2, 2, 1, 480, 0, 0, 0, 0, 0, 0, -1771, 4472, 1429, -9774, 2047, 12177, -6960, -11085, 11511, 7941, -14848, -4082, 16850, 7, -17984, 4495, 18652, -9848, -18305, 15827, 15712, -21532, -10067, 26245, 1057, -29203, 11006, 29016, -25097, -24246, 40983, 13820, -59058, 3599, 77524, -28790, -92724, 61365, 103348, -102260, -108971, 152567, 104982, -206344, -87003, 254175, 57960, -296295, -22002, 339912, -22917, -382338, 79528, 411260, -146469, -421911, 220630, 417011, -295220, -394549, 361077, 351988, -417631, -297974, 471097, 241098, -518079, -176534, 544310, 95872, -543415, 1265, 523132, -108645, -491533, 213808, 454004, -303335, -419429, 380502, 389981, -457917, -349094, 528416, 282313, -568715, -200901, 574676, 120734, -562983, -39247, 541489, -53798, -506388, 160273, 460007, -272630, -408923, 375387, 351951, -449647, -284838, 492938, 211178, -519459, -135801, 537035, 55592, -540130, 35153, 524049, -137866, -492276, 246319, 448919, -344134, -400010, 415491, 359256, -466355, -331628, 513858, 298523, -554821, -241630, 571607, 173766, -565432, -118583, 555481, 77581, -550272, -44744, 545330, 40199, -541907, -92659, 534965, 197249, -493252, -319805, 389649, 429647, -248929, -510403, 137446, 549838, -99872, -544179, 133234, 506564, -212502, -457189, 311272, 405281, -404522, -351953, 474417, 304420, -523022, -265444, 561431, 220437, -586437, -155613, 587118, 82564, -567000, -24411, 543820, -11743, -529812, 31441, 525327, -34413, -527958, 14901, 537456, 24375, -549984, -74077, 558382, 130497, -563551, -189247, 571305, 232588, -574646, -246412, 561362, 243072, -540974, -239101, 535829, 224841, -546298, -183206, 552363, 119037, -545074, -47621, 531011, -27371, -510584, 109479, 475574, -198531, -422831, 287439, 354411, -360260, -271799, 397281, 178624, -392248, -84944, 355579, 4521, -299636, 50429, 233789, -73678, -170202, 70225, 121055, -53039, -90476, 32944, 75831, -14483, -74696, -525, 85941, 10038, -105587, -12115, 127545, 5949, -149145, 8756, 170736, -31902, -189699, 60914, 201638, -91688, -207509, 123228, 210446, -156698, -209003, 191075, 200083, -223456, -184984, 252947, 166366, -277626, -144253, 290558, 120547, -287207, -101049, 274058, 88803, -262354, -79318, 252969, 68341, -238279, -59021, 217462, 56310, -198867, -58975, 187809, 62353, -182147, -64678, 180075, 65481, -181784, -62143, 184004, 53135, -181478, -41312, 174165, 30082, -165892, -19508, 156846, 9062, -144105, -423, 128123, -4851, -112167, 5399, 98426, 223, -88135, -10409, 82117, 19442, -78531, -22776, 73324, 21788, -64763, -20546, 54998, 21175, -47234, -24038, 43984, 29014, -46752, -34472, 54321, 37113, -61525, -35137, 62753, 30912, -57037, -28769, 48068, 31288, -40735, -38372, 39485, 48101, -46919, -57498, 61514, 63557, -77290, -64948, 88081, 63571, -92819, -63112, 95941, 64995, -102684, -65917, 115434, 61118, -133217, -48885, 152890, 30942, -168642, -10711, 173531, -7625, -165883, 21167, 151496, -30783, -137791, 40107, 127267, -51399, -118146, 64111, 108369, -75913, -96178, 83376, 80050, -83775, -60796, 77908, 41321, -69498, -24414, 61216, 11237, -53336, -1901, 46117, -4198, -40499, 8305, 36408, -11245, -32873, 13057, 30036, -13977, -28724, 14830, 27894, -15768, -25579, 16181, 21942, -16666, -18735, 19265, 16265, -24808, -12998, 31905, 8056, -38904, -1743, 44460, -4423, -46896, 8260, 45888, -9199, -43632, 9809, 41892, -13167, -39259, 19009, 33492, -24338, -24970, 26332, 16213, -24186, -10400, 19763, 9441, -16644, -11809, 16809, 13359, -18391, -11507, 18191, 7763, -15288, -5059, 11092, 4904, -8060, -6451, 8145, 7304, -11198, -5494, 14796, 1207, -16548, 3816, 16368, -8348, -15444, 12574, 14153, -16791, -12090, 20850, 9108, -24840, -5135, 29183, -256, -33412, 7085, 36086, -14435, -36341, 21826, 34158, -29293, -29466
1747889001.549, MrmFullScanInfo, 1117, 1511006420, 402603, 0, 0, 0, 0, 10000, 39297, 32, 4, 2, 1, 480, 0, 0, 0, 0, 0, 0, -69, 41, 72, -122, 81, 218, -335, -286, 538, 288, -536, -225, 327, 146, -43, -69, -125, -35, 39, 233, 253, -530, -531, 840, 553, -994, -273, 873, -114, -508, 415, 28, -521, 416, 400, -591, -117, 290, -85, 289, 27, -574, 205, 389, -379, -15, 339, -284, 104, 399, -805, -213, 1133, -82, -781, 51, 189, 205, 384, -371, -891, 445, 867, -597, 13, 452, -965, 195, 943, -431, -240, -288, -127, 1055, 34, -922, -85, 395, 335, -172, -567, 90, 996, -80, -1509, 378, 1615, -708, -1466, 794, 1539, -835, -1695, 939, 1254, -828, -339, 328, -277, 349, 234, -828, 213, 1142, -616, -1595, 943, 2010, -1156, -1699, 1005, 764, -436, -21, -134, -106, 461, -25, -580, 114, 575, -202, -628, 234, 1002, -224, -1635, 186, 2367, -193, -3320, 388, 4828, -752, -6949, 532, 8909, 1829, -9763, -6536, 9166, 11010, -7377, -11787, 4745, 8165, -1700, -2589, -963, -2029, 2518, 4422, -2884, -5168, 2828, 5076, -3287, -4257, 4494, 2621, -6049, -624, 7591, -1000, -9380, 2049, 12414, -3129, -17263, 5034, 22764, -7675, -27157, 10012, 30659, -11447, -33591, 12255, 33341, -12258, -26897, 10991, 15559, -9071, -3594, 7932, -6475, -8277, 14335, 9826, -20270, -11256, 24411, 10838, -26280, -8199, 25558, 4738, -23501, -1492, 21652, -1659, -19454, 4210, 15771, -5105, -11169, 4342, 6623, -2158, -1789, -2161, -3368, 9019, 7440, -17019, -9056, 24081, 8124, -29249, -5311, 32605, 1213, -34494, 4005, 34725, -10065, -32693, 16203, 28435, -21752, -23040, 26428, 17704, -29679, -12633, 30633, 7425, -29191, -1881, 26047, -3506, -21802, 7518, 16918, -9078, -12099, 8197, 8032, -5629, -5005, 2605, 2567, -143, 474, -2259, -4319, 6504, 6842, -13342, -5406, 21061, -454, -27539, 9230, 31440, -17245, -32342, 20348, 31765, -18532, -32380, 17574, 34231, -23148, -33648, 34691, 27184, -47578, -14977, 57423, -113, -61490, 14756, 59078, -26430, -52049, 34587, 43084, -40183, -33263, 43621, 22635, -44400, -11986, 42788, 2480, -39627, 3216, 36054, -2101, -34032, -4549, 34894, 10422, -36697, -10491, 35721, 5902, -30775, -306, 23956, -4282, -17838, 5635, 15035, -1585, -18378, -5326, 27512, 8175, -36335, -3145, 37826, -6534, -30593, 16107, 18204, -23062, -5006, 24910, -3705, -20269, 2963, 13158, 5988, -10183, -14323, 12493, 14232, -14911, -6348, 13165, -3723, -7129, 10898, -809, -11360, 7429, 3688, -9769, 8560, 7408, -18263, -3337, 20853, 1112, -17875, -1672, 13638, 3230, -11413, -3395, 12859, 957, -18071, 3874, 24966, -9828, -29602, 14906, 28788, -17348, -22507, 16944, 13026, -15029, -3004, 13196, -5650, -12225, 12002, 12308, -16200, -13048, 19115, 13285, -21064, -12074, 21537, 10068, -20471, -8645, 18756, 7266, -16446, -4319, 12579, 127, -7746, 3277, 4840, -5113, -5954, 6746, 10213, -9525, -15424, 13780, 19479, -17319, -20472, 16540, 18437, -10842, -16004, 4968, 15199, -4632, -14625, 10433, 11355, -18426, -4574, 24026, -4104, -24377, 10553, 20235, -10646, -16418, 5300, 17419, -892, -22187, 2534, 25697, -8923, -24855, 15782, 20123, -19996, -13981, 20390, 9351, -17634, -8136, 14210, 9617, -12567, -11056, 12918, 10695, -13653, -8833, 13649, 6604, -12807, -4901, 11413, 4368, -9951, -5265, 9166, 7100, -9534, -8774, 10743, 9403, -11925, -8733, 12219, 7075, -11200
1747889001.549, MrmDetectionListInfo, 1117, 3, 32, 736, 33, 746, 34, 694
1747889001.654, MrmFullScanInfo, 1118, 1511006420, 402728, 0, 0, 0, 0, 10000, 39297, 32, 1, 2, 1, 480, 6953, -7321, -5853, 8759, 3954, -11547, 27, 11673, -2781, -11036, 7590, 10786, -12028, -9086, 16053, 5326, -15396, -1916, 19600, -2953, -24070, 10133, 21100, -16127, -16598, 20634, 9800, -29127, 1524, 35287, -17342, -32538, 28465, 27125, -50304, -19108, 83964, 1056, -102352, 27592, 115096, -60487, -141452, 109155, 167331, -176457, -157112, 223754, 130764, -243947, -122930, 319785, 101471, -404170, -48675, 429682, -1403, -436115, 69841, 470590, -171917, -507609, 226230, 458688, -259920, -385862, 365497, 384252, -470015, -398148, 456696, 254166, -472964, -149882, 508891, 63964, -520170, 79909, 519849, -176202, -504602, 181064, 502825, -317678, -519190, 452558, 459173, -447128, -328392, 469129, 302058, -507049, -264997, 520087, 74073, -519457, -10215, 480423, -114695, -483175, 297624, 513820, -313798, -432332, 339433, 324183, -438199, -300138, 508360, 258281, -498670, -120194, 513218, 29652, -519397, 82006, 520192, -245270, -518782, 273569, 464437, -291819, -469107, 389726, 509202, -478124, -407210, 457722, 290664, -472140, -289192, 499592, 296519, -519227, -189491, 511382, 168156, -506521, -247320, 500333, 447881, -467703, -511366, 188893, 510239, 30913, -512397, -78115, 518999, 54081, -513207, 15245, 506277, -62986, -511334, 169713, 519927, -307752, -496439, 324679, 424751, -389352, -421076, 461087, 449633, -511263, -316430, 507077, 222685, -510436, -196773, 515519, 182835, -520118, -126553, 519757, 122654, -514894, -144818, 514442, 218917, -518215, -266045, 500037, 293255, -463530, -368729, 461794, 455389, -487927, -409886, 441732, 366092, -387680, -395863, 431079, 445915, -487863, -344855, 465453, 259789, -470199, -230993, 499581, 171145, -519177, -53191, 508320, -23419, -459221, 139899, 445187, -262579, -427338, 292475, 304480, -290931, -203195, 307939, 115415, -300792, -44727, 235396, 14033, -164790, -3965, 127579, -2672, -98815, -4136, 73178, 21874, -62501, -38109, 72552, 54802, -97560, -68259, 118077, 68837, -124731, -56021, 162533, 43478, -207017, -21642, 216375, -5739, -218215, 32861, 244914, -70266, -270583, 110009, 248788, -130653, -253755, 175598, 253078, -208197, -247779, 239361, 209249, -225800, -180433, 203317, 165457, -210545, -156070, 217422, 137409, -190995, -121201, 169566, 112737, -163018, -111963, 159636, 105196, -138483, -104346, 119567, 112580, -122814, -124478, 132776, 117697, -124622, -107650, 113166, 108046, -123736, -106740, 137133, 88339, -125997, -73731, 111549, 63613, -110785, -56325, 109428, 45361, -89501, -80301, 69919, 78035, -69184, -77646, 69486, 68508, -61192, -62663, 53097, 64238, -51545, -67472, 52381, 59455, -48562, -78453, 51610, 81219, -55334, -86031, 59667, 75656, -57349, -68484, 52746, 70949, -52370, -74637, 52905, 68407, -49425, -84821, 52813, 92511, -59887, -104158, 72784, 100354, -77467, -95493, 80215, 103332, -96735, -109611, 116266, 95891, -117427, -97618, 129876, 94497, -152389, -87005, 179642, 64966, -175809, -43493, 164523, 24214, -171570, -4450, 172278, -14017, -144050, -1772, 134633, -19709, -130832, 39782, 125753, -52300, -99549, 56803, 75368, -64749, -62543, 68945, 47434, -60090, -31937, 45074, 22776, -41560, -16256, 39975, 11488, -34785, -7190, 31093, 3246, -33147, 2039, 35899, -8944, -32138, 14053, 30765, -9425, -31855, 14165, 33120, -19965, -29926, 23808, 28044, -26825, -27991, 35864, 25877, -48465, -19149, 48990, 17591, -52926, -10150, 55674, 4727, -56011, -3694, 48153, 164, -43065, 3460, 45062, -8896, -46207, 14590, 36988, -12819, -44211, 14342, 39717, -12651, -37287, 9478, 32480, -9076, -28583, 12811, 25287, -18164, -19763, 17052, 12760, -24985, -26742, 26029, 19895, -27030, -14520, 24762, 8913, -23997, -2052, 22635, -5773, -22254, 12624, 16732, -15690, -29874, 14017, 21343, -18770, -13274, 22368, 3378, -23583, 4886, 24093, -14489, -25343, 21157, 26848, -22208, -24979
1747889001.663, MrmFullScanInfo, 1118, 1511006420, 402728, 0, 0, 0, 0, 10000, 39297, 32, 2, 2, 1, 480, 0, 0, 0, 0, 0, 0, -1704, 4372, 1345, -9597, 2073, 12026, -6894, -10957, 11367, 7718, -14640, -3724, 16578, -343, -17716, 4679, 18521, -9855, -18351, 15747, 15799, -21397, -9994, 26023, 746, -28889, 11488, 28639, -25596, -23874, 41303, 13591, -59071, 3536, 77349, -28538, -92641, 61391, 103429, -102875, -109019, 153490, 104904, -207255, -86995, 255244, 58191, -297741, -22483, 341487, -22290, -383665, 79046, 412213, -146452, -422399, 221093, 417043, -296135, -394417, 362467, 352132, -419201, -298634, 472283, 242397, -518802, -178356, 545131, 97231, -544449, 1632, 523706, -110825, -491226, 216672, 453325, -306035, -419008, 382914, 389991, -459952, -349673, 530181, 283452, -570654, -201984, 576780, 121108, -564610, -38918, 542209, -54389, -506357, 161079, 459574, -273831, -408272, 376858, 351278, -450972, -284538, 493827, 211417, -520024, -136228, 537398, 55612, -540277, 35820, 523910, -139514, -491752, 249211, 447898, -347857, -398756, 418951, 358396, -468656, -331744, 515111, 299781, -555782, -243679, 572940, 175661, -566983, -119586, 556553, 78228, -550678, -46464, 545721, 43710, -542957, -97013, 536654, 200784, -495123, -321508, 391436, 429641, -251025, -509375, 140429, 548407, -103689, -542806, 136971, 505638, -215221, -456830, 312932, 405195, -405725, -351555, 475692, 303300, -524355, -263834, 562582, 219175, -587389, -155511, 588097, 83675, -568115, -26114, 544874, -10284, -530527, 30783, 525562, -34522, -527754, 14856, 537057, 26190, -549808, -78812, 558719, 137893, -564219, -198018, 571782, 241608, -574395, -255192, 560049, 251827, -538856, -248470, 533861, 235005, -545481, -193467, 552970, 128725, -546846, -57120, 533766, -17286, -514340, 98623, 480593, -187316, -429898, 276522, 364564, -350551, -285242, 389736, 194137, -386948, -100872, 351483, 20270, -295569, 34475, 229487, -57238, -166158, 53595, 117661, -36583, -87688, 16686, 73467, 1786, -72735, -17193, 84639, 27436, -105331, -30079, 128556, 23930, -151411, -8925, 174264, -14501, -194549, 44106, 207558, -76316, -213832, 109868, 216479, -145001, -214843, 180279, 206930, -213545, -194170, 244821, 177684, -271911, -155440, 286414, 128712, -282494, -104589, 266292, 88417, -249686, -77795, 236441, 68303, -222382, -59983, 206096, 55070, -190676, -53671, 177238, 55050, -164861, -59894, 155623, 67494, -152830, -73252, 154360, 73343, -154579, -69227, 152576, 63765, -151449, -56299, 150496, 45572, -145424, -33837, 135589, 24293, -124137, -19937, 112802, 23659, -102269, -34949, 94575, 47218, -90544, -52753, 87318, 50705, -81669, -46165, 74360, 43704, -68661, -44497, 66492, 48109, -67883, -53720, 72238, 58787, -77745, -59765, 81065, 56291, -79962, -51853, 75774, 49872, -71831, -51126, 70285, 55230, -71909, -61954, 77580, 69473, -87154, -73947, 97793, 73693, -106554, -71147, 114410, 68713, -124128, -65431, 135453, 59867, -146533, -52570, 158485, 43013, -172302, -28390, 183279, 8374, -185246, 13241, 178284, -32722, -166690, 47435, 152985, -55421, -138594, 58399, 125834, -62358, -114298, 70832, 99717, -80271, -79788, 85539, 57341, -84804, -37186, 78622, 22053, -68212, -12262, 56245, 6694, -46139, -3287, 39383, 242, -35197, 3197, 32709, -7366, -31350, 12497, 30074, -17640, -28129, 21147, 26227, -22886, -25235, 24593, 24485, -27524, -22791, 31479, 19974, -36500, -16130, 42698, 11032, -48911, -4843, 53360, -1619, -55340, 7471, 54980, -12006, -52248, 14723, 47812, -16142, -43430, 17886, 40083, -20812, -37440, 24002, 35228, -25980, -33695, 26125, 32560, -24597, -30917, 22186, 28378, -20451, -24726, 20391, 19736, -21736, -14576, 23882, 11260, -26725, -10036, 29672, 8836, -31027, -5725, 29710, 768, -26227, 5263, 21695, -11453, -17699, 16710, 15657, -20494, -15047, 23095, 13101, -24658, -7415, 24766, -1513, -23182, 11542, 20606, -20461, -18130
1747889001.677, MrmFullScanInfo, 1118, 1511006420, 402728, 0, 0, 0, 0, 10000, 39297, 32, 4, 2, 1, 480, 0, 0, 0, 0, 0, 0, 34, -82, -39, 123, 33, -47, -43, -16, 58, -71, -4, 234, -140, -262, 256, 135, -187, -15, -26, 23, 189, -92, -146, 122, -75, -83, 356, -31, -532, 174, 487, -226, -238, 124, 5, -18, 35, 181, 17, -529, 16, 709, -50, -758, -109, 1053, 358, -1537, -417, 1691, 223, -1333, 122, 806, -495, -331, 753, -30, -952, 115, 1176, 238, -1334, -874, 1308, 1474, -1239, -1705, 1320, 1121, -1221, 307, 578, -1776, 292, 2461, -678, -2439, 482, 2189, -104, -1843, -302, 1626, 647, -1753, -539, 1851, -109, -1375, 840, 462, -1160, 331, 1198, -692, -1219, 698, 1232, -407, -1103, -214, 883, 915, -781, -1293, 777, 1061, -694, -253, 372, -1111, 245, 2661, -973, -3521, 1307, 3179, -903, -1997, -119, 982, 1267, -771, -1948, 1235, 1623, -1539, -575, 1123, 25, -438, -720, 310, 1917, -988, -2151, 2275, 955, -3833, 889, 5142, -2230, -5822, 2564, 5742, -2087, -4875, 1200, 3269, -211, -1412, -529, 89, 808, 322, -627, 51, 240, -666, -177, 1103, 993, -1346, -2786, 1640, 5068, -2100, -7283, 2657, 8900, -3194, -9718, 3526, 10452, -3656, -12084, 3846, 14389, -4082, -15767, 3971, 15069, -3316, -12565, 2455, 9232, -1704, -5904, 1155, 3349, -926, -2077, 1134, 1866, -1654, -1946, 2156, 1834, -2367, -2001, 2273, 3105, -2292, -4985, 3103, 6813, -5221, -8005, 8805, 8531, -13329, -8414, 17578, 8010, -20653, -7903, 22937, 8111, -25155, -7851, 27252, 6539, -28691, -4313, 29216, 1653, -28846, 1069, 27778, -3701, -26600, 6313, 25744, -8860, -24743, 10936, 22958, -12225, -20522, 12868, 18037, -13056, -15694, 12643, 13372, -11470, -11345, 9776, 10301, -8493, -10195, 8580, 9883, -9687, -8655, 10157, 7586, -8734, -8508, 5861, 12107, -3083, -17890, 2210, 24650, -3954, -29205, 6513, 28576, -6664, -24419, 3887, 22175, -1838, -24701, 4379, 29353, -12186, -32158, 23237, 31025, -34408, -26050, 43062, 18600, -48470, -9840, 51104, 229, -50673, 9485, 46482, -17778, -39397, 23716, 31493, -27513, -25398, 28981, 23749, -28054, -27305, 26438, 32888, -26375, -35307, 27956, 32564, -29231, -26977, 29448, 21805, -29499, -18899, 29672, 19048, -29578, -22206, 29854, 26246, -31665, -27551, 34577, 24402, -36610, -17826, 36656, 9827, -34808, -2602, 30924, -1412, -25329, 1050, 20098, 1846, -17487, -3907, 17446, 3605, -18141, -1620, 18371, -790, -17862, 2066, 15714, -107, -11783, -6008, 8877, 13622, -10727, -17635, 17578, 15092, -25589, -7350, 30900, -1689, -31783, 6705, 29030, -3935, -25974, -4365, 26122, 10242, -29059, -7436, 30590, -2499, -27544, 13477, 20799, -20407, -13490, 21796, 8001, -18897, -4960, 14181, 3834, -9953, -3488, 7345, 2825, -6223, -1296, 5858, -1202, -5402, 4481, 4606, -7530, -3960, 8973, 4091, -8257, -4993, 6157, 6151, -3961, -7425, 2601, 8907, -2919, -10126, 5496, 10084, -9977, -8149, 14815, 4932, -18198, -2124, 19508, 1170, -19685, -1903, 20336, 2338, -22288, 50, 24515, -5584, -25142, 11592, 23765, -14959, -21998, 15205, 21225, -14250, -20905, 14030, 19464, -15460, -15477, 18067, 8599, -20039, -1443, 20041, -1762, -19069, -193, 18896, 3924, -19183, -5519, 18057, 4507, -14787, -2469, 10553, 770, -7774, -225, 8335, 1207, -11952, -3487, 16153, 6184, -18112, -8329, 16979, 9672, -14232, -9924, 12226, 8137
1747889001.779, MrmFullScanInfo, 1119, 1511006420, 402853, 0, 0, 0, 0, 10000, 39297, 32, 1, 2, 1, 480, 7327, -7395, -5616, 9086, 3564, -11627, -913, 11885, -2992, -10902, 6479, 11019, -12281, -9217, 16270, 5828, -15525, -2329, 19969, -2709, -23715, 10320, 20646, -15754, -16245, 20414, 9612, -28627, 1681, 35560, -17237, -32599, 27522, 27209, -50868, -18267, 84359, 977, -101832, 27975, 114052, -59662, -141604, 107872, 168281, -176606, -157135, 224012, 128542, -240174, -122161, 319661, 100704, -404607, -49047, 428181, -1273, -435048, 68023, 470423, -171122, -508393, 224874, 458664, -258828, -382161, 366976, 383825, -471341, -396391, 455565, 252284, -473194, -150053, 508828, 69270, -520127, 77288, 519831, -172264, -503502, 179411, 503053, -315842, -519388, 453509, 458611, -444460, -326715, 467297, 302937, -506495, -272680, 520179, 75142, -519343, -11881, 481744, -114420, -482667, 294471, 513814, -312404, -432736, 340505, 322340, -440759, -297017, 509065, 255728, -499719, -113273, 513117, 34430, -519485, 82312, 520192, -241879, -518838, 271721, 463426, -292753, -466815, 392178, 508990, -479763, -400232, 459390, 291849, -470595, -286744, 499838, 300911, -519073, -190152, 511394, 165204, -506774, -239105, 501759, 446753, -468166, -512145, 191636, 510959, 33369, -512110, -77620, 519111, 56264, -513357, 16936, 505390, -64648, -510681, 176141, 519883, -310706, -494039, 328997, 426448, -387033, -417835, 462962, 449512, -511927, -313969, 507531, 218273, -510958, -185374, 516203, 169110, -520155, -109245, 519918, 117424, -515169, -134912, 515489, 206904, -518811, -255080, 501734, 282231, -466628, -360106, 464636, 449742, -489800, -402614, 443288, 365655, -389386, -396255, 430408, 446519, -485961, -342642, 466782, 256152, -470180, -225783, 499119, 171955, -518802, -53143, 508529, -25562, -460747, 142712, 444336, -264845, -428055, 302672, 301903, -301767, -198955, 319545, 111732, -311590, -40368, 246025, 6827, -175216, 2306, 136459, -9568, -107142, 3311, 79345, 13375, -65118, -31375, 74095, 47057, -95382, -60400, 114122, 63711, -121122, -54408, 157096, 44344, -201099, -26212, 212229, -2155, -215906, 29142, 243175, -65566, -269146, 105076, 249101, -128702, -256340, 164704, 260805, -198985, -260779, 234113, 217935, -229120, -186304, 211665, 168146, -221736, -152360, 229548, 126551, -197937, -138270, 187093, 123873, -185567, -111744, 184467, 90924, -155584, -80983, 128575, 80362, -121813, -87463, 120136, 86025, -102977, -82928, 85951, 92369, -89082, -100227, 98714, 94461, -92658, -88678, 85572, 87422, -91924, -87283, 97695, 75273, -86312, -75696, 45945, 80727, -45573, -87125, 46423, 83752, -47005, -79986, 44755, 84443, -47543, -90509, 51553, 81467, -51727, -68996, 19564, 83359, -24799, -98563, 33125, 93643, -43470, -85970, 46185, 88816, -51826, -96002, 56647, 86535, -56722, -94537, 31200, 103538, -43358, -112795, 59367, 105217, -68907, -98610, 70903, 105116, -84685, -115385, 105455, 105059, -110074, -93040, 102826, 91229, -120209, -88139, 141216, 72872, -142376, -59788, 139591, 47539, -152831, -32687, 166633, 11645, -150082, -18671, 100939, 9638, -104582, 4077, 110601, -17807, -98967, 27875, 84041, -41998, -73820, 53013, 61163, -50679, -40517, 42047, 26263, -42597, -16454, 43435, 9402, -37739, -5791, 32691, 3391, -34670, -54, 39041, -4506, -37578, 10218, 14701, -1684, -18080, 4237, 25151, -8627, -28013, 15205, 30631, -21906, -32959, 35395, 30698, -51009, -23217, 54006, 17598, -29321, -17721, 38537, 15944, -49827, -14320, 51080, 9749, -50610, -2338, 54842, -3830, -56400, 9403, 47982, 7649, -37340, -5425, 41298, 3421, -46897, -1273, 44885, -523, -42154, 6273, 44627, -12325, -44757, 17642, 35900, -511, -32627, 5048, 33356, -10264, -31509, 14998, 25931, -19300, -20619, 26780, 12789, -32859, -2777, 28699, -4810, -7442, -8679, 7250, 3892, -4277, -297, 3343, -3576, -1718, 7729, -1597, -14016, 9220, 17032, -12972, -13477
1747889001.796, MrmFullScanInfo, 1119, 1511006420, 402853, 0, 0, 0, 0, 10000, 39297, 32, 2, 2, 1, 480, 0, 0, 0, 0, 0, 0, -1699, 4436, 1363, -9734, 1937, 12216, -6608, -11190, 11054, 7988, -14484, -4016, 16694, -66, -18018, 4463, 18786, -9707, -18375, 15585, 15562, -21117, -9670, 25639, 524, -28561, 11500, 28530, -25426, -23956, 41118, 13642, -58990, 3707, 77250, -28818, -92339, 61395, 103089, -102413, -109027, 152851, 105208, -206643, -87078, 254372, 57795, -296416, -21910, 340065, -22641, -382573, 78940, 411496, -145777, -422077, 219959, 417223, -294855, -394792, 361403, 352027, -418586, -297608, 472078, 240602, -518690, -176411, 544812, 96088, -544088, 1064, 523838, -108389, -492086, 213182, 454587, -302607, -420155, 380348, 390686, -458450, -349750, 529222, 283047, -569550, -202060, 575568, 122763, -564115, -42051, 542958, -51180, -507885, 158929, 460952, -272544, -409045, 375827, 351503, -450235, -284128, 493806, 209944, -520606, -133334, 537863, 51935, -540082, 38737, 523331, -140339, -491549, 247880, 448434, -345584, -399525, 417145, 358522, -468197, -330406, 515851, 296896, -556721, -240137, 573177, 173042, -566541, -119069, 556185, 79344, -550919, -47186, 546221, 42155, -542937, -93486, 536036, 197334, -494583, -319724, 391470, 429477, -251343, -509995, 140550, 549070, -103686, -543038, 137542, 505134, -217098, -455385, 316118, 402996, -409214, -349160, 478212, 301341, -525459, -262490, 562721, 217893, -587205, -153064, 587608, 78470, -566765, -17035, 542010, -22489, -526171, 43561, 520825, -45790, -523993, 24688, 534635, 16403, -548175, -68433, 557407, 127502, -563240, -188572, 571279, 233897, -574384, -249792, 560443, 249024, -539414, -247814, 534263, 235119, -545500, -192735, 552469, 126525, -545735, -54367, 532331, -19317, -513335, 99807, 480400, -188567, -430104, 278917, 364236, -355013, -283260, 396713, 189688, -395895, -94059, 361132, 11983, -304906, 43409, 238020, -66435, -173722, 62904, 124151, -45953, -92788, 26016, 76671, -7149, -73631, -9056, 83097, 20403, -101596, -24577, 123305, 20633, -145611, -8462, 168836, -12052, -190267, 39540, 204903, -70956, -212708, 104707, 216411, -140414, -215572, 175993, 208952, -208813, -198930, 239438, 186341, -267430, -166905, 285531, 139464, -286738, -110774, 274894, 87790, -259945, -71988, 246294, 62769, -233250, -58889, 221722, 55827, -211824, -48710, 198834, 39096, -179247, -33404, 157303, 35291, -140603, -41623, 130639, 47801, -123450, -53175, 117737, 58608, -115669, -62269, 116674, 61899, -117091, -58615, 115771, 54634, -114135, -50482, 109945, 47462, -99155, -49161, 83789, 56645, -71600, -65054, 67125, 68990, -67843, -68408, 69999, 66504, -72218, -64121, 72092, 61299, -66465, -61584, 57509, 67991, -52928, -76378, 56990, 79485, -65719, -76205, 73517, 71023, -78404, -67765, 79585, 68181, -76795, -73507, 73711, 81990, -76172, -87428, 85071, 85670, -95568, -79778, 105175, 75008, -115584, -71365, 126358, 65744, -134018, -58035, 138589, 49824, -143899, -40138, 150560, 27401, -155274, -12561, 157226, -3064, -157664, 18329, 153208, -29766, -139449, 33824, 120004, -32958, -103640, 34521, 93267, -42328, -84019, 53961, 71560, -64252, -55753, 68649, 38856, -65391, -23509, 56947, 11477, -47961, -2982, 41169, -2644, -36601, 6130, 34019, -8590, -33430, 11562, 32572, -14706, -28431, 15593, 22009, -13506, -17912, 11727, 18565, -14106, -21632, 21351, 23537, -32044, -21875, 43813, 15998, -51985, -8123, 52501, 2534, -47533, -1200, 44007, 1451, -45559, 610, 49565, -6113, -52342, 13587, 52247, -19548, -49065, 20414, 44277, -15919, -40949, 10222, 40884, -7994, -42535, 10124, 43145, -14759, -41827, 20084, 39073, -23938, -35370, 23993, 31793, -20563, -29653, 17393, 28465, -17802, -26015, 21482, 20738, -26353, -12661, 30204, 2948, -30058, 5122, 24182, -7550, -15087, 4120, 7657, 501, -4016, -1587, 2282, -1529, 329, 6674, -5221, -10833
1747889001.805, MrmFullScanInfo, 1119, 1511006420, 402853, 0, 0, 0, 0, 10000, 39297, 32, 4, 2, 1, 480, 0, 0, 0, 0, 0, 0, 20, 28, 2, -78, -133, 158, 295, -222, -324, 225, 188, -187, 37, 169, -193, -165, 196, 149, -35, -165, -176, 271, 298, -381, -286, 355, 171, -181, -34, 27, -20, -43, 23, 192, -124, -249, 325, 60, -335, 230, 16, -315, 244, 278, -83, -436, -273, 714, 389, -761, -208, 569, -109, -390, 490, 187, -794, 151, 819, -298, -492, -28, 3, 676, 330, -1178, -341, 1211, 179, -658, -140, -413, 390, 1635, -749, -2416, 992, 2403, -973, -1681, 697, 783, -270, -324, -53, 382, -369, -413, 1656, -116, -2823, 981, 2766, -1426, -1663, 1114, 750, -476, -478, 26, 265, 365, 322, -1160, -859, 2478, 724, -3409, -15, 2984, -497, -1403, 346, -169, 125, 793, -247, -489, -208, -364, 1249, 1159, -2339, -1287, 2733, 782, -1944, -216, 245, 101, 1233, -427, -1244, 658, -390, -407, 2135, 186, -2482, -581, 1585, 1381, -595, -1885, 98, 1893, -53, -1773, 299, 1978, -731, -2675, 1391, 3506, -2029, -3663, 2341, 2828, -2162, -1579, 1689, 666, -1383, -324, 1905, 62, -3915, 687, 7224, -2106, -10101, 3572, 10698, -3996, -9203, 3091, 7395, -1747, -6493, 849, 6176, -428, -5764, 146, 5049, 123, -3960, -306, 2402, 372, -355, -327, -1628, 256, 2497, -221, -1680, 95, 65, 243, 522, -410, 500, -190, -1844, 1389, 2187, -2589, -1206, 3361, -981, -3259, 3914, 2061, -6367, -377, 7279, -715, -6863, 904, 5986, -623, -5244, 322, 4673, -193, -3895, 150, 2624, 132, -931, -860, -830, 2012, 2258, -3502, -3018, 5356, 2954, -7606, -2109, 9916, 601, -11403, 1196, 11416, -2590, -10385, 3261, 9248, -3771, -8704, 5291, 8844, -8696, -8820, 13051, 7195, -15465, -3506, 13515, -694, -7447, 3168, -304, -2371, 5335, 203, -4272, -1444, -304, 7922, 1063, -14456, 5862, 13819, -16583, -4275, 24799, -10398, -26677, 24871, 21846, -35337, -12094, 40514, -47, -41229, 12591, 38682, -24192, -33073, 33577, 24334, -39903, -13340, 42938, 1772, -41080, 6242, 33614, -5786, -25034, -2581, 22148, 10899, -26046, -11456, 31285, 4230, -33396, 5818, 32166, -14207, -27872, 16536, 21213, -9285, -16748, -4469, 19638, 14328, -28016, -12410, 34017, 1200, -33119, 11657, 27043, -20587, -19612, 22260, 13919, -15494, -12185, 4059, 14136, 4573, -16059, -6232, 14512, 3663, -10140, -1195, 6337, 328, -4889, -1805, 5204, 7358, -7154, -16701, 11749, 25077, -18539, -26832, 24881, 20759, -28453, -9565, 28546, -2832, -25989, 10801, 23901, -9900, -26597, 2971, 34266, 812, -40406, 4152, 38195, -14002, -27388, 21809, 13465, -23757, -2221, 20242, -3830, -13791, 5476, 7091, -4882, -2020, 3814, -709, -3079, 1317, 2974, -631, -3642, -168, 3800, 878, -1489, -2769, -2749, 6679, 5288, -10898, -3273, 12429, -2164, -9927, 7725, 4404, -10707, 1998, 10145, -5708, -7645, 3801, 6928, 1715, -10059, -4340, 14546, -107, -15893, 9143, 12433, -17641, -5990, 22412, 681, -22547, -367, 19420, 5394, -16611, -11350, 17175, 12764, -20523, -8427, 23519, 1266, -24649, 5604, 24338, -9358, -22910, 7545, 21183, -888, -20855, -5446, 22282, 6368, -23592, -1750, 22870, -5469, -19954, 12358, 15664, -15237, -12524, 11649, 14180, -4489, -21091, 510, 28408, -3235, -30547, 10003, 26435, -16456, -18786, 19871, 11324
1747889001.876, MrmFullScanInfo, 1120, 1511006420, 402978, 0, 0, 0, 0, 10000, 39297, 32, 1, 2, 1, 480, 7378, -7982, -5953, 9712, 3848, -11562, 218, 11442, -2828, -10911, 7593, 10826, -11256, -9750, 15596, 5521, -15833, -2559, 19855, -2470, -23793, 9864, 21423, -16754, -16228, 20935, 9773, -29366, 1186, 35289, -17374, -32153, 27451, 27604, -50032, -19170, 83386, 2276, -102816, 26448, 115362, -59408, -141782, 108120, 169312, -176501, -157216, 223175, 130337, -241701, -124400, 319408, 103841, -403195, -52426, 430585, -33, -438687, 68033, 472029, -169087, -509606, 224231, 459336, -258881, -385496, 364239, 388061, -466037, -402856, 456036, 259874, -471338, -152601, 509460, 71613, -520177, 73205, 519792, -170867, -504778, 179323, 503537, -312501, -519611, 448574, 460997, -445003, -329848, 465825, 306760, -506995, -272373, 520176, 76920, -519440, -13600, 482441, -114476, -484735, 293243, 514654, -312764, -435249, 340512, 325457, -438680, -302857, 508112, 264218, -498844, -121563, 513149, 35843, -519365, 76337, 520192, -236034, -518993, 270214, 465510, -289195, -469562, 388928, 509964, -476603, -406387, 456499, 294039, -471092, -292789, 498740, 304636, -518905, -191538, 511386, 168145, -506433, -250524, 498859, 455736, -463531, -512345, 183648, 510739, 37699, -512114, -82738, 519167, 62126, -513033, 11466, 505761, -62970, -511280, 170318, 519937, -304408, -497244, 323298, 426091, -387485, -423272, 459598, 451443, -510919, -316936, 507603, 220686, -510698, -194341, 515345, 178964, -520159, -118135, 519777, 119883, -514109, -137751, 515071, 205764, -518735, -254289, 502771, 278772, -467869, -358450, 465336, 448166, -489413, -402274, 445117, 368079, -392144, -395786, 431075, 443148, -487086, -343800, 465392, 259608, -468541, -233857, 497753, 175921, -518846, -55917, 508664, -24292, -463611, 141663, 446609, -263780, -428488, 297455, 305035, -297639, -205175, 315605, 118183, -313087, -46956, 249073, 11073, -181128, 843, 141913, -9670, -112361, 4971, 82675, 13095, -69608, -29667, 75999, 45465, -99500, -60925, 115619, 63674, -121528, -53599, 156547, 43351, -198098, -25323, 207861, 457, -211276, 22704, 238742, -57037, -268376, 94732, 250790, -116749, -248236, 152516, 251423, -181494, -254806, 212383, 221161, -208091, -197240, 195897, 187703, -211101, -179142, 232369, 152111, -213320, -154977, 162577, 152980, -169813, -153144, 184616, 132666, -173709, -115800, 158262, 105046, -160262, -92249, 162850, 71680, -137856, -56415, 111570, 51116, -101863, -50168, 92329, 50088, -71954, -51069, 56292, 58445, -53632, -65475, 52778, 63836, -46861, -46146, 34425, 52955, -32151, -59443, 32603, 55918, -31715, -51312, 25540, 52461, -21104, -58092, 15558, 58780, -11833, -38561, 30243, 35833, -23605, -35444, 15384, 34373, -8054, -40224, 1871, 58728, 1178, -85173, 1510, 95439, -10964, -51529, 11658, 67021, -11858, -85866, 16265, 91732, -26580, -92803, 37981, 104161, -52001, -114878, 72372, 104203, -83630, -78687, 95572, 77326, -110695, -71516, 125184, 57703, -117528, -43670, 107741, 35537, -110943, -27223, 117975, 16370, -106753, 10950, 97152, -20164, -88589, 27684, 78810, -24731, -60730, 21943, 46448, -22854, -40786, 27276, 36780, -26435, -27662, 20730, 19218, -21595, -16332, 23146, 16966, -24325, -14817, 24690, 10871, -29350, -3707, 32260, -5721, -27773, 11897, 20420, -12196, -20330, 13477, 25372, -14910, -25968, 17178, 24656, -19255, -24558, 26203, 22097, -33832, -19314, 34180, 7708, -41171, -7930, 42353, 8660, -45702, -9876, 42779, 9653, -39524, -8701, 43727, 6398, -49122, -7232, 48718, -421, -22792, -4038, 26131, 8940, -31526, -10231, 31830, 11072, -32228, -10123, 37307, 6946, -42354, -1578, 41788, 7327, -22841, -6770, 26005, 5695, -29089, -2213, 24430, 144, -20585, 2489, 17587, -3879, -14742, 6264, 10440, -2261, -2004, -1326, 599, 5784, 228, -10974, -652, 14611, -609, -19910, 2289, 25195, -6057, -22402, 7750
1747889001.885, MrmFullScanInfo, 1120, 1511006420, 402978, 0, 0, 0, 0, 10000, 39297, 32, 2, 2, 1, 480, 0, 0, 0, 0, 0, 0, -1714, 4529, 1265, -9782, 2232, 12067, -6973, -10919, 11221, 7820, -14337, -4093, 16378, 199, -17797, 4154, 18814, -9512, -18632, 15681, 15883, -21587, -9862, 26319, 541, -29112, 11538, 28748, -25351, -23979, 40811, 13880, -58578, 2938, 77171, -27663, -92936, 60395, 104202, -102010, -110125, 152966, 106013, -206957, -87829, 254784, 58952, -296972, -23812, 340858, -20096, -383913, 76482, 413679, -144267, -424781, 219547, 419664, -294962, -396641, 361375, 353808, -417951, -300379, 470846, 245262, -517592, -182691, 544764, 102448, -545188, -3868, 525325, -105194, -493355, 211188, 455556, -301245, -420994, 378967, 391706, -456576, -351431, 527187, 285702, -568302, -205246, 575593, 125528, -564968, -43842, 543935, -50193, -508731, 158302, 461885, -272153, -410312, 375774, 353207, -450484, -286491, 494168, 213568, -521044, -138814, 538748, 58813, -541716, 31950, 525370, -134716, -493392, 243396, 449982, -341844, -401218, 414091, 360709, -465748, -333282, 513769, 300532, -555102, -244468, 572404, 177740, -566803, -123503, 557175, 82989, -552025, -50446, 547009, 46586, -543335, -99932, 535770, 204496, -492847, -325448, 387677, 432929, -245875, -511832, 134397, 550307, -97860, -544318, 132704, 506567, -213082, -457058, 312113, 405183, -405008, -352106, 474602, 304867, -523232, -266116, 561919, 221219, -587338, -156256, 588277, 82603, -567928, -23201, 543936, -14672, -528797, 36018, 523344, -40431, -525430, 22162, 534742, 16511, -547523, -66851, 556725, 125021, -562846, -186012, 571185, 232112, -574807, -249159, 561706, 248951, -541307, -247358, 535852, 234330, -545993, -193107, 552059, 129469, -545419, -59523, 532936, -13876, -514892, 95948, 482460, -186828, -432185, 278416, 366185, -354210, -285658, 394696, 193627, -393393, -99991, 360029, 18889, -306689, 37505, 242700, -63194, -179939, 62780, 130173, -48079, -97548, 28960, 80103, -9896, -76276, -6851, 85475, 18749, -103807, -23431, 125045, 19863, -146303, -7925, 167966, -12113, -187708, 38254, 201233, -67228, -209275, 98049, 214863, -131364, -216389, 165509, 210537, -196960, -199090, 224991, 185305, -249425, -168129, 265371, 147009, -268348, -126503, 263014, 110330, -258388, -96956, 253836, 86018, -242300, -81636, 225439, 83954, -212872, -84768, 207432, 77274, -202578, -63248, 194204, 48128, -183441, -34216, 169977, 22328, -151804, -14823, 130797, 13417, -111792, -16709, 96702, 22386, -84431, -29560, 75017, 37374, -69548, -42680, 66367, 42959, -61692, -40427, 54682, 39576, -48540, -41300, 45579, 42823, -44206, -43072, 41796, 43812, -37823, -45192, 34450, 44227, -33400, -38767, 33393, 31117, -31415, -26298, 26252, 28085, -20197, -38137, 17088, 55124, -19966, -70966, 27708, 76045, -34561, -70732, 36496, 65613, -36571, -68137, 40850, 75469, -51524, -82295, 66975, 85721, -84449, -83001, 100610, 72372, -112515, -56581, 120450, 40774, -126497, -27157, 129902, 15227, -128232, -5202, 122618, -2789, -116786, 11226, 111347, -22728, -103310, 36167, 91110, -46992, -76542, 51201, 62076, -48537, -49303, 42260, 39162, -36698, -31535, 33694, 25079, -31942, -18769, 29769, 13169, -27426, -9350, 26186, 7171, -26601, -5032, 28230, 1022, -29637, 5492, 28710, -12818, -24497, 18095, 19089, -20117, -15911, 20466, 16086, -21397, -17710, 23854, 18295, -27735, -16635, 32328, 12396, -36525, -6078, 39369, -532, -41004, 5202, 42245, -6902, -43178, 6461, 43540, -5444, -43790, 5173, 44813, -6551, -44883, 8937, 40953, -9635, -33824, 6773, 28512, -1979, -28317, -1299, 31632, 1408, -35640, 1319, 38798, -5302, -39450, 8069, 36447, -7676, -31406, 4978, 27445, -3043, -25459, 3673, 23557, -6019, -20345, 8298, 16144, -9287, -11576, 8296, 7072, -5031, -3392, -32, 1498, 5638, -1697, -10710, 3433, 15001, -6137, -18398, 9432
1747889001.901, MrmFullScanInfo, 1120, 1511006420, 402978, 0, 0, 0, 0, 10000, 39297, 32, 4, 2, 1, 480, 0, 0, 0, 0, 0, 0, -6, 108, -98, -85, 244, -87, -243, 191, 27, -82, 230, -157, -296, 342, 127, -376, 121, 254, -271, 23, 235, -343, -54, 504, -102, -387, 91, 137, 93, -17, -348, 235, 443, -706, -135, 1068, -467, -995, 984, 526, -1105, -46, 919, -159, -782, 170, 1022, -170, -1720, 381, 2467, -1035, -2548, 1992, 1782, -2623, -818, 2516, 314, -1985, -313, 1753, 725, -2426, -1194, 4072, 1071, -5683, -93, 6039, -1058, -5123, 1597, 3951, -1582, -3102, 1406, 2464, -1255, -2165, 1300, 2271, -1769, -2241, 2607, 1496, -3323, -248, 3464, -817, -3010, 1349, 2212, -1453, -1406, 1441, 786, -1510, -318, 1727, -86, -2168, 443, 3059, -726, -4364, 1108, 5409, -1570, -5552, 1793, 5128, -1708, -4726, 1661, 4277, -1874, -3429, 2152, 2403, -2352, -1660, 2608, 1147, -3118, -544, 3840, -240, -4327, 950, 4156, -1242, -3720, 1027, 4161, -494, -5470, -344, 6136, 1765, -5180, -3599, 3386, 5131, -1981, -5806, 1360, 5445, -1235, -4235, 1139, 2993, -1058, -2564, 1299, 2690, -1947, -2473, 2630, 1652, -2927, -631, 2687, -153, -2202, 571, 2163, -733, -2704, 886, 3081, -954, -2496, 648, 841, 88, 1403, -900, -3624, 1322, 5260, -1172, -5897, 719, 5461, -247, -3966, -392, 1915, 1289, -318, -1903, -217, 1553, 273, -418, -1104, -548, 3033, 583, -5003, 306, 5636, -1529, -4471, 2485, 2361, -2868, -633, 2833, -10, -2949, 20, 3711, -546, -4798, 2347, 5166, -5110, -3925, 7663, 1206, -8838, 1937, 8278, -4227, -6520, 5050, 4477, -4693, -2806, 3793, 1631, -2726, -690, 1551, -258, -290, 1402, -1045, -2687, 2659, 3786, -4793, -4140, 7409, 3250, -10058, -971, 12054, -1692, -13277, 3078, 14737, -2982, -17412, 3558, 20369, -6928, -20927, 12663, 17164, -18556, -9215, 22250, -1279, -22492, 9830, 21032, -11806, -22405, 8830, 28306, -8687, -33542, 16180, 31066, -27356, -18769, 35128, 157, -35050, 18948, 26886, -33668, -13211, 41981, -3033, -43885, 19633, 39493, -34135, -29330, 43861, 15802, -47933, -2208, 47391, -6949, -43282, 7362, 37296, 595, -32175, -10520, 29436, 15836, -28223, -15960, 27477, 13877, -28010, -11318, 30830, 9033, -33150, -9886, 31519, 17746, -28215, -31023, 29818, 40972, -38536, -39583, 48927, 26019, -54560, -5579, 52700, -11130, -45076, 13757, 37781, -2290, -37155, -10778, 43008, 12998, -48338, -4397, 47065, -6772, -40047, 13603, 32408, -13960, -27383, 8854, 25177, -1099, -25537, -5117, 28397, 6514, -32770, -2963, 37094, -3753, -40351, 11944, 41598, -18011, -39199, 16898, 33753, -8057, -29478, -917, 29549, 901, -31804, 9318, 31124, -23568, -25107, 34245, 15514, -37202, -5973, 33089, -794, -25884, 4695, 19242, -7405, -13970, 9810, 9206, -10974, -4997, 9784, 2698, -6676, -2644, 2874, 3558, 777, -4178, -3480, 4280, 4125, -4023, -2194, 3406, -1590, -2624, 6332, 1503, -11213, -69, 14029, -577, -12727, -647, 8481, 2700, -4841, -2854, 3758, -221, -3891, 5501, 3142, -10978, -181, 13839, -3171, -12487, 2875, 9375, 2035, -8877, -7122, 12035, 7630, -15848, -3544, 17928, -2618, -17957, 8943, 16388, -13209, -14305, 13262, 13799, -10054, -15838, 7594, 18600, -8514, -19765, 11719, 19206, -15583, -17747, 19491, 15267, -21747, -11821, 20236, 9049, -15711, -8531, 11937, 9564, -11782, -10182, 14940, 9158, -19738, -6197, 24318
1747889002.009, MrmFullScanInfo, 1121, 1511006420, 403103, 0, 0, 0, 0, 10000, 39297, 32, 1, 2, 1, 480, 6797, -7421, -5672, 9238, 3871, -11817, -501, 11138, -2640, -11149, 6687, 10772, -11844, -9754, 15400, 5789, -16035, -1738, 19770, -2807, -23909, 10045, 20653, -16163, -16007, 20340, 9353, -28406, 1698, 35304, -17029, -31557, 27682, 27411, -49696, -18618, 83754, 1457, -102459, 26506, 114511, -59728, -141636, 108479, 168966, -177587, -157042, 223743, 130834, -239796, -123103, 317757, 102406, -403250, -51438, 428851, 1770, -436153, 67199, 470564, -169105, -507952, 225483, 457902, -253181, -383946, 362942, 384555, -468692, -399948, 453063, 256797, -470022, -151942, 507910, 71219, -520144, 74758, 519610, -172767, -503123, 172411, 503454, -312032, -519390, 451001, 458898, -443355, -329887, 464979, 304314, -505910, -269583, 520128, 74819, -519160, -13793, 480623, -109728, -484510, 293025, 513669, -308296, -435077, 336676, 323347, -436190, -302075, 507972, 263985, -498615, -120988, 513166, 34902, -518977, 76531, 520192, -238759, -518786, 265913, 465214, -289946, -470886, 385788, 510380, -477462, -405781, 455945, 292431, -469730, -292113, 497819, 304133, -518955, -194838, 510675, 170786, -505698, -252975, 498525, 454830, -462596, -512441, 183492, 510642, 35868, -511055, -83411, 519025, 60534, -512826, 12560, 506136, -62239, -511842, 168896, 519872, -304954, -496032, 323161, 425980, -387814, -420790, 459030, 450475, -510655, -317275, 506076, 218490, -511387, -193378, 515469, 178074, -520189, -114146, 519696, 116818, -514263, -132582, 514893, 192650, -518828, -243730, 503468, 273188, -471517, -352339, 466233, 442135, -489880, -396756, 444105, 359953, -390845, -393563, 430929, 443774, -487720, -345500, 464070, 257179, -468393, -230492, 497964, 177260, -518737, -54530, 507758, -22851, -459368, 138601, 445453, -262922, -427816, 294495, 305264, -300867, -199550, 318619, 115068, -314579, -44139, 252531, 8290, -183613, 2820, 145322, -11153, -116894, 6165, 88263, 11709, -73742, -27430, 80063, 42507, -100381, -56455, 117674, 60442, -122319, -48671, 156769, 39020, -198645, -21544, 207450, -1693, -209653, 27744, 235445, -59387, -262106, 94590, 243969, -115494, -241630, 157045, 243506, -184158, -243357, 211835, 209998, -200886, -184098, 185443, 177861, -194936, -173827, 208520, 152586, -192551, -133431, 150251, 133069, -148270, -139735, 153794, 132223, -143142, -125112, 134126, 127503, -144467, -125196, 157823, 102963, -146408, -80451, 127590, 67491, -125812, -56069, 121726, 44425, -94612, -39519, 69542, 40847, -58410, -47770, 51804, 49530, -42513, -42584, 40398, 46143, -34905, -55905, 33724, 57740, -33939, -55638, 33282, 57044, -33904, -55861, 32970, 44407, -27319, -67009, 43044, 63595, -48034, -55483, 49324, 39933, -39608, -30192, 26043, 29687, -16090, -38681, 7352, 46206, -2972, -56035, 45951, 56952, -41542, -65533, 39027, 68535, -38448, -72939, 40490, 88258, -50400, -101342, 67169, 93529, -75312, -64783, 104105, 64871, -117280, -62658, 134109, 50152, -129474, -36618, 121473, 25014, -125113, -11829, 126637, -102, -106088, 9345, 104934, -22352, -100434, 35461, 96405, -40088, -75801, 40449, 57836, -42863, -47411, 44233, 37753, -35400, -27217, 25199, 19011, -24067, -16993, 24890, 13203, -22848, -7951, 18610, 3683, -18205, -261, 20318, -221, -22017, -238, 34517, -8388, -38752, 17523, 37514, -28359, -27764, 32020, 20013, -30323, -16722, 32415, 18531, -36214, -21345, 35431, 16324, -48475, -6389, 51683, -1842, -51163, 6136, 38586, -6447, -30993, 3644, 31029, -897, -34640, -2442, 34861, -223, -17748, -281, 15264, 1751, -14408, -5747, 14103, 7729, -15877, -8929, 21598, 9921, -28446, -8907, 28950, 11729, -27771, -8117, 27159, 3978, -24060, -93, 18612, -3292, -13661, 7044, 10271, -8838, -6972, 5883, 4691, -18056, 1550, 15621, -11267, -9972, 19940, 1647, -20991, 4052, 20566, -10530, -20410, 19866, 18633, -23590, -10219
1747889002.013, MrmFullScanInfo, 1121, 1511006420, 403103, 0, 0, 0, 0, 10000, 39297, 32, 2, 2, 1, 480, 0, 0, 0, 0, 0, 0, -1692, 4438, 1360, -9687, 1920, 12094, -6537, -11078, 10872, 8022, -14214, -4184, 16439, 66, -17874, 4501, 18746, -9873, -18366, 15761, 15516, -21216, -9552, 25597, 400, -28321, 11516, 28129, -25229, -23583, 40670, 13568, -58450, 3301, 76967, -28068, -92558, 60713, 103680, -102232, -109594, 153252, 105584, -207286, -87509, 254785, 58668, -296310, -23452, 339592, -20444, -382323, 76420, 412001, -143505, -423192, 218390, 418240, -293722, -395342, 359789, 352584, -415919, -299045, 468807, 243417, -515826, -180322, 542948, 100265, -543224, -2515, 523698, -105877, -492316, 211386, 454941, -300548, -420748, 377345, 391798, -454916, -351450, 526213, 285144, -567668, -204014, 574711, 123803, -563737, -41968, 542537, -51381, -507492, 157993, 461175, -270236, -410323, 372780, 353716, -447010, -287038, 490740, 213835, -518323, -138699, 537164, 58347, -541135, 32675, 525269, -135628, -493292, 244182, 449717, -342026, -401052, 413383, 361062, -464472, -334177, 512634, 301377, -554365, -244601, 571762, 177128, -565891, -122891, 556159, 83305, -551398, -52079, 547055, 48987, -543824, -102014, 536150, 205577, -492841, -325549, 387473, 432420, -245813, -511059, 134669, 549569, -98427, -543842, 133250, 506480, -213244, -457285, 311887, 405403, -404668, -351902, 474283, 304034, -522807, -264900, 561219, 220071, -586431, -155393, 587451, 81837, -567394, -22125, 543622, -16421, -528377, 38686, 522527, -44507, -524005, 28418, 532485, 8061, -544653, -57595, 554173, 116598, -561412, -178944, 570610, 225920, -574037, -243471, 560026, 244234, -539067, -244580, 534110, 233658, -545367, -193290, 552152, 129163, -545438, -58499, 532508, -14878, -513940, 96033, 481023, -185544, -430620, 275943, 365129, -351607, -285094, 393297, 192474, -393675, -97232, 361400, 14720, -308296, 41966, 244313, -67069, -181872, 65842, 132872, -50630, -101193, 31530, 84320, -12890, -80195, -3296, 88231, 14795, -105072, -19336, 125075, 15751, -145597, -3810, 166876, -16081, -186371, 41860, 199494, -70377, -206611, 100457, 210720, -132313, -210806, 164718, 204071, -195360, -191870, 223635, 176790, -247723, -158072, 261153, 136382, -259628, -117368, 249020, 105102, -239875, -95974, 233011, 85772, -221031, -77545, 202990, 76072, -186996, -79242, 178383, 81274, -174932, -80058, 174350, 75764, -176064, -66703, 176130, 52167, -169041, -35913, 154957, 22670, -138498, -13932, 121525, 9721, -103000, -10931, 84432, 17384, -69811, -25585, 60922, 31263, -55882, -33653, 52288, 35469, -49727, -38594, 48778, 41956, -49237, -43793, 49966, 43230, -49570, -41690, 48440, 41901, -49460, -43965, 54580, 43705, -60533, -37428, 60801, 27532, -52379, -20529, 38455, 21382, -25492, -29818, 20747, 40570, -27926, -47397, 42938, 48485, -56390, -47583, 62388, 49809, -63648, -57173, 66863, 66859, -76145, -71349, 90351, 64574, -105306, -48346, 118520, 29984, -129430, -14564, 136224, 2366, -136935, 7812, 132471, -17171, -125219, 26566, 116080, -35795, -105418, 44492, 94837, -52897, -84916, 60300, 73680, -64394, -59839, 63733, 44919, -59091, -31727, 51874, 21766, -43148, -15120, 34674, 11086, -28623, -8262, 25406, 5228, -23398, -1558, 21271, -2067, -19354, 4830, 19329, -7145, -22427, 10989, 27447, -18149, -30491, 27658, 27962, -35698, -20231, 39066, 11510, -38282, -6182, 36749, 5039, -37690, -4890, 41775, 1590, -46812, 6069, 48942, -14980, -45472, 20388, 37833, -19953, -30705, 15351, 28017, -10525, -28661, 8100, 28065, -7384, -23765, 6008, 17943, -2927, -14310, -736, 14434, 3286, -17842, -3738, 22959, 2458, -27674, -626, 30318, -932, -30371, 2400, 28083, -4254, -23806, 6385, 18185, -8338, -12276, 9546, 7198, -10277, -3178, 11419, -1018, -12620, 6882, 11497, -13821, -6111, 19132, -2336, -20679, 11131, 18682, -18485, -14485
1747889002.028, MrmFullScanInfo, 1121, 1511006420, 403103, 0, 0, 0, 0, 10000, 39297, 32, 4, 2, 1, 480, 0, 0, 0, 0, 0, 0, 17, -47, 58, 62, -206, -13, 318, -73, -313, 161, 198, -150, -52, 1, -17, 202, -29, -268, 161, 102, -261, 211, 266, -487, -155, 603, -5, -542, 169, 379, -282, -210, 301, 73, -245, 29, 169, -80, -110, -14, 91, 268, -75, -393, 11, 79, 139, 572, -342, -1090, 635, 1163, -1055, -875, 1433, 539, -1434, -429, 1326, 521, -1703, -521, 2347, 328, -2551, -160, 2216, 51, -1866, 246, 1560, -676, -1019, 839, 445, -948, -100, 1585, -203, -2429, 569, 2560, -698, -1883, 464, 1244, -49, -992, -453, 939, 844, -932, -471, 747, -774, -198, 2201, -594, -3117, 1213, 3448, -1450, -3285, 1569, 2488, -1787, -1183, 1918, -52, -1697, 657, 1254, -616, -1140, 408, 1541, -587, -2109, 1241, 2302, -1911, -1893, 2011, 1291, -1510, -926, 1005, 852, -1108, -656, 1886, 160, -3009, 411, 4018, -645, -4307, 212, 3601, 754, -2211, -1717, 855, 2217, -23, -2176, -176, 1764, -58, -1331, 436, 1257, -751, -1508, 875, 1674, -734, -1510, 382, 1205, -98, -1006, 54, 872, -168, -606, 366, 203, -481, 170, 157, -193, 928, -282, -3058, 1226, 6229, -2456, -9385, 3294, 10926, -2956, -10453, 1689, 9036, -662, -7676, 601, 6482, -1135, -5025, 1427, 3026, -1065, -975, 426, -258, -120, 652, 218, -762, -328, 971, 430, -1339, -631, 1854, 712, -2433, -308, 2478, -196, -1507, -21, -175, 1067, 1894, -2234, -3253, 2993, 4338, -3497, -5175, 3943, 5757, -4338, -6058, 4681, 5911, -4986, -5066, 5251, 3553, -5318, -1775, 5104, 201, -4749, 1009, 4377, -1980, -3746, 2789, 2635, -3471, -1121, 4150, -771, -4768, 3130, 5183, -5412, -5629, 6815, 6680, -7673, -8063, 9352, 8421, -12368, -6532, 15652, 2225, -17885, 3725, 18110, -8424, -16822, 8500, 16562, -4897, -19399, 3445, 23341, -8400, -23450, 17676, 16875, -26098, -4924, 29551, -8535, -26360, 19516, 17095, -25465, -4143, 25900, -9338, -21576, 20404, 13452, -26837, -2671, 27773, -8868, -23859, 18572, 17162, -23161, -11116, 21107, 8847, -15114, -9991, 9932, 10978, -7438, -9505, 5806, 7188, -3547, -7378, 1656, 9111, -506, -7834, -2691, 3142, 10068, -1240, -18030, 7240, 19847, -18792, -12548, 30400, -1430, -37985, 17192, 38204, -26781, -31033, 23041, 23289, -8830, -22426, -2879, 26922, 2577, -28542, 6592, 23252, -16315, -13947, 21612, 6404, -21467, -4558, 17062, 8270, -11174, -13728, 6868, 16611, -5212, -15826, 5112, 13379, -6095, -11305, 8820, 9589, -11988, -7685, 12263, 6805, -8412, -8578, 3531, 12140, -1516, -14545, 2928, 13634, -5779, -9315, 7639, 3200, -7143, 2456, 4420, -5894, -926, 6835, -1428, -6593, 1695, 7063, -697, -9143, 633, 11593, -3183, -10675, 6722, 3613, -6660, 6769, 262, -13046, 9401, 10292, -15875, -835, 15200, -8525, -8377, 11975, -60, -8300, 4712, 1678, -2931, 1312, -2415, 2561, 4895, -10073, -671, 14856, -7940, -13238, 15615, 6382, -18552, 1351, 16732, -5785, -13312, 5771, 12183, -3733, -14685, 3119, 18532, -5212, -20326, 8914, 18562, -12594, -14014, 14995, 8064, -15054, -2213, 12515, -1627, -8771, 2192, 6015, -152, -5233, -2247, 5801, 3203, -6662, -2227, 6083, 559, -2378, -946, -3569, 5373, 7909, -12405, -7547, 18150, 3557, -19962, 878, 18302, -3833, -15081
1747889002.130, MrmFullScanInfo, 1122, 1511006420, 403228, 0, 0, 0, 0, 10000, 39297, 32, 1, 2, 1, 480, 6987, -7182, -5310, 9532, 4298, -11286, -477, 11609, -2772, -11145, 6874, 10879, -11396, -9949, 15661, 6305, -15379, -1742, 20623, -3002, -23505, 10304, 20692, -15688, -16026, 20622, 9915, -28460, 1392, 34805, -16682, -31549, 28034, 27355, -50494, -19369, 85121, 849, -102718, 27512, 115103, -60346, -141667, 108153, 168217, -177759, -157179, 222036, 129064, -241458, -121130, 318828, 101101, -403781, -49575, 429811, 22, -438915, 67051, 472119, -170632, -508789, 223348, 460528, -258887, -381430, 367064, 383541, -469056, -397767, 457634, 257345, -473656, -153324, 508496, 73431, -520154, 73792, 519680, -167113, -503235, 178228, 502810, -314998, -519220, 451964, 461515, -446509, -332063, 466988, 307052, -506580, -272239, 520085, 81129, -519239, -12523, 481611, -116116, -484524, 294962, 514283, -312507, -431537, 336132, 324353, -440294, -299571, 508676, 257738, -498595, -118214, 512734, 33359, -519397, 79843, 520192, -239772, -518661, 269297, 465127, -287513, -469380, 389786, 508532, -478307, -403696, 457128, 291355, -469322, -292182, 499911, 304847, -519227, -189644, 511191, 168490, -505356, -247774, 500164, 450444, -464224, -512145, 182631, 510458, 37525, -512214, -81246, 519016, 63059, -512714, 13351, 505920, -59804, -511191, 171600, 519870, -308108, -495698, 326759, 425101, -385906, -419798, 462366, 450667, -511552, -312330, 507152, 217900, -510505, -187337, 516171, 167165, -520162, -106545, 519896, 110955, -514032, -120384, 516766, 180887, -519362, -220703, 506830, 256117, -477393, -333188, 474862, 424205, -495579, -383850, 451942, 352212, -399195, -383443, 435544, 428370, -488818, -336107, 467879, 253452, -470198, -221581, 499279, 161687, -519057, -47946, 507016, -31757, -457580, 146711, 440841, -274240, -416374, 304803, 296206, -306077, -194698, 325811, 107813, -322978, -36080, 259387, 2522, -187795, 8108, 151590, -16951, -123582, 12655, 97286, 5361, -81497, -21568, 87427, 37004, -109332, -49528, 124406, 52263, -126008, -45264, 160525, 34030, -201782, -15039, 210884, -8947, -211274, 31703, 236727, -66448, -261254, 103524, 241416, -122399, -245756, 159225, 247148, -189000, -244406, 221225, 208062, -212236, -178382, 193378, 163761, -199604, -152561, 206423, 132463, -179403, -133443, 166334, 123345, -162263, -115972, 160798, 103912, -137965, -97198, 115853, 103633, -115277, -113588, 120412, 111051, -111157, -103098, 101374, 104391, -113522, -100438, 126643, 80644, -115377, -64831, 99033, 54537, -92693, -47966, 82281, 43734, -59565, -68036, 57619, 61759, -53019, -58442, 45272, 54881, -36227, -56581, 31379, 66820, -32343, -78200, 36545, 73985, -43109, -66842, 22785, 78379, -27001, -92175, 35019, 84662, -45009, -74420, 49298, 70846, -55636, -66895, 58996, 52476, -52352, -95186, 47184, 97585, -57963, -99288, 71417, 85545, -73198, -73988, 69309, 74612, -76684, -78556, 88503, 71783, -88884, -81884, 120914, 75204, -130953, -66283, 141848, 50314, -132656, -36920, 122391, 24706, -125721, -11863, 131045, -2459, -117133, 1848, 108308, -10974, -105357, 21301, 101640, -26071, -82360, 27284, 65389, -33362, -57156, 39583, 50177, -38740, -40043, 33197, 31106, -35488, -26636, 38591, 21848, -34989, -16364, 31322, 12174, -32798, -8957, 37735, 5360, -36489, 975, 42290, -1921, -50447, 10131, 57344, -18490, -50017, 25627, 45067, -29697, -45087, 38337, 41424, -50611, -30358, 51192, 22794, -50737, -15420, 53294, 9036, -53156, -6250, 42665, 3796, -36356, -1269, 36150, -1714, -33770, 2241, 27358, -5246, -18999, -440, 16436, 9339, -17835, -14375, 18322, 17017, -20694, -17844, 24729, 19198, -29587, -14594, 29357, 12588, -24144, -13187, 30205, 11877, -38849, -5139, 34259, -1029, -28313, 8044, 22443, -15058, -15052, 17499, 5653, -9863, -13148, 13503, 7479, -18816, -1695, 17459, -6521, -14995, 12959, 9913, -21872, -1879, 29867, -7153, -29480
1747889002.139, MrmFullScanInfo, 1122, 1511006420, 403228, 0, 0, 0, 0, 10000, 39297, 32, 2, 2, 1, 480, 0, 0, 0, 0, 0, 0, -1709, 4425, 1410, -9694, 1882, 12148, -6557, -11175, 10924, 8165, -14227, -4406, 16433, 321, -17913, 4355, 18816, -9895, -18394, 15851, 15512, -21278, -9639, 25629, 648, -28342, 11178, 28121, -25004, -23567, 40813, 13527, -59060, 3528, 77823, -28641, -93254, 61517, 103926, -102894, -109423, 153402, 105181, -206914, -86914, 254287, 57694, -296096, -21931, 339742, -22399, -382744, 78463, 412762, -145351, -424347, 219795, 419702, -294832, -396711, 361310, 353086, -418255, -297979, 471536, 241041, -518366, -177831, 545317, 98766, -545530, -2443, 525671, -104541, -493761, 209317, 455881, -299175, -421016, 377799, 391281, -457073, -350689, 529114, 285055, -570661, -205036, 577410, 125984, -565875, -45002, 544166, -48780, -508626, 157533, 461471, -272487, -409335, 376395, 351618, -450218, -284600, 492838, 211418, -519422, -135936, 537320, 55039, -540316, 35974, 523948, -138336, -492110, 246352, 448926, -343779, -400466, 414694, 360334, -465425, -332965, 513415, 299562, -554982, -242568, 572115, 175573, -566220, -121894, 556688, 82105, -551838, -49848, 546914, 45559, -543122, -97998, 535286, 201970, -492071, -323365, 386964, 431958, -245690, -511688, 134845, 550367, -98454, -544274, 132886, 506513, -213012, -456981, 312635, 404639, -406494, -350583, 476333, 302474, -524360, -263343, 562235, 218340, -586988, -153089, 587345, 78353, -566446, -16805, 541725, -23536, -525669, 46772, 519551, -53169, -521267, 38752, 529907, -5454, -541895, -40598, 551511, 97219, -559717, -158985, 570471, 207286, -575608, -227673, 563173, 231076, -542785, -232557, 536636, 222225, -545813, -183314, 551298, 120637, -544264, -49987, 530870, -24214, -511252, 105429, 477099, -194127, -425126, 283755, 357272, -358574, -274883, 398935, 181462, -398047, -87092, 365442, 5719, -312619, 50332, 248630, -74954, -185860, 73255, 136876, -57951, -105797, 39269, 89623, -21149, -85897, 5209, 93991, 6159, -110412, -10709, 129312, 7724, -148417, 3056, 168693, -22119, -187667, 47856, 200282, -76612, -206611, 106876, 209553, -138921, -208525, 171223, 201713, -201217, -190829, 229068, 177087, -253921, -157722, 268823, 132630, -267575, -108144, 254326, 90166, -239153, -78603, 226354, 71151, -214180, -66755, 202301, 63721, -191601, -59605, 179850, 55278, -164996, -54813, 150507, 59945, -142163, -66586, 140018, 69649, -139465, -68342, 138920, 63690, -139599, -54917, 139179, 42098, -132786, -29059, 119735, 20270, -103599, -18583, 88401, 24412, -77271, -34167, 71257, 41629, -67662, -43632, 62572, 43277, -55739, -45522, 50761, 51613, -51110, -57563, 54952, 59783, -56850, -60616, 55205, 64197, -54503, -68817, 58606, 68818, -65590, -62351, 71506, 52321, -74017, -44880, 73205, 46292, -72262, -57226, 75921, 69574, -84985, -72967, 94145, 65664, -97792, -54597, 96826, 46970, -96736, -44338, 102240, 43732, -114453, -40993, 130779, 32971, -144944, -19605, 150057, 4599, -144779, 8158, 134403, -18185, -125077, 27171, 117895, -35341, -110700, 41690, 102811, -46439, -94409, 50367, 84174, -52832, -71097, 53191, 56733, -52212, -43768, 50708, 33387, -48493, -25322, 45714, 18983, -43251, -13724, 41257, 9053, -39004, -4913, 36693, 1297, -35392, 2373, 35608, -6634, -37240, 11691, 40369, -17949, -44039, 25688, 45496, -33787, -42885, 40419, 37350, -45594, -30794, 50555, 23326, -54989, -14572, 57178, 5537, -56566, 2161, 53861, -7539, -49383, 10274, 43569, -10885, -37828, 10713, 33295, -10957, -29262, 11325, 24539, -9950, -19813, 5438, 17343, 1225, -18359, -7239, 21883, 10585, -26180, -10928, 29978, 8938, -32068, -5972, 32011, 3635, -31469, -2071, 32440, -462, -34011, 5196, 32995, -11206, -27647, 16509, 18962, -19132, -10062, 18392, 4285, -16203, -2167, 15362, 692, -16065, 3263, 15698, -9761, -11948, 16996, 4481, -22890
1747889002.155, MrmFullScanInfo, 1122, 1511006420, 403228, 0, 0, 0, 0, 10000, 39297, 32, 4, 2, 1, 480, 0, 0, 0, 0, 0, 0, -9, -39, 78, 26, -133, 50, 118, -132, -71, 207, 51, -265, -13, 229, -47, -37, 45, -146, 53, 132, -118, 39, 18, -188, 193, 240, -342, -232, 282, 172, 56, -141, -517, 296, 766, -618, -603, 831, 148, -710, 274, 276, -493, 209, 648, -455, -971, 423, 1474, -276, -1839, 81, 1773, 308, -1389, -788, 901, 1137, -624, -1033, 883, 190, -1459, 1322, 1791, -2647, -1723, 2811, 1638, -1735, -1630, 120, 1471, 1382, -1155, -2188, 790, 1788, -253, -332, -377, -1304, 585, 2308, -46, -2614, -847, 2349, 1767, -1730, -2463, 1167, 2224, -722, -646, 106, -1444, 857, 2412, -1723, -1843, 1983, 764, -1947, -53, 2261, -388, -2805, 888, 2911, -1157, -2509, 1037, 2035, -741, -1451, 484, 722, -367, -197, 567, 119, -1112, -159, 1547, 19, -1329, 10, 799, 221, -708, -298, 1252, -43, -2024, 467, 2539, -737, -2457, 946, 1571, -969, -319, 695, -502, -329, 626, 329, -368, -629, 141, 569, 46, 257, -457, -1268, 1106, 1562, -1540, -1159, 1680, 656, -1857, -206, 2330, -368, -3376, 1046, 5134, -1829, -7032, 2613, 8399, -3049, -9756, 3164, 12584, -3469, -16884, 3971, 20857, -3749, -22995, 2308, 23042, -378, -21288, -1305, 18137, 2601, -15051, -3010, 13180, 1988, -11779, -244, 9865, -857, -8352, 1198, 8406, -1748, -9191, 2913, 9044, -4292, -7894, 5912, 6773, -8083, -5845, 10197, 4877, -11079, -4234, 10650, 4480, -9977, -5143, 9561, 5430, -9111, -5382, 8625, 5686, -8553, -6537, 9061, 7333, -9730, -7533, 10149, 7100, -10382, -6066, 10379, 4423, -9747, -2606, 8567, 1294, -7631, -505, 7310, -274, -7121, 1408, 6717, -2978, -6082, 4433, 5140, -4784, -4031, 3913, 3446, -3211, -3716, 4250, 3967, -7247, -2620, 11305, -1479, -14772, 8283, 15267, -14231, -12393, 14453, 10152, -9295, -12690, 5641, 18242, -9291, -20577, 18661, 15537, -28094, -3480, 32568, -12136, -29716, 26871, 19846, -37028, -5066, 40202, -11395, -35318, 25586, 23360, -33947, -7770, 34994, -6835, -29433, 14620, 20943, -11979, -15318, 3068, 15101, 2810, -16103, -1579, 12919, -1641, -6150, 517, 1243, 5881, -2798, -12578, 8343, 15244, -10507, -16447, 6689, 21840, -3465, -30832, 8551, 35925, -21531, -30971, 35955, 15852, -44891, 1077, 44485, -7681, -37457, -216, 31839, 12600, -32561, -15232, 35950, 4572, -34588, 12373, 26098, -26361, -14155, 30508, 5210, -23297, -4112, 10793, 9673, -2233, -14945, 1294, 14296, -4128, -8620, 6288, 2412, -6738, 857, 6031, -477, -4068, -2511, 762, 6576, 2693, -10132, -4624, 12017, 4598, -12000, -3122, 10877, 677, -9695, 2611, 8918, -6481, -8267, 10284, 7233, -13052, -5663, 14040, 4030, -13324, -3081, 12060, 3091, -11545, -3327, 12140, 2969, -13591, -1890, 15973, 326, -19179, 1780, 22036, -4538, -23270, 7689, 22602, -11099, -19906, 14426, 14984, -16218, -9001, 15052, 4489, -11423, -2920, 7422, 3375, -4590, -3957, 2851, 3331, -1034, -1407, -2183, -721, 6306, 1742, -9013, -1036, 8688, -1221, -6064, 4375, 2976, -7419, -581, 9667, -599, -11089, 656, 11447, -91, -10416, -292, 8555, -859, -6744, 4510, 4784, -9487, -1885, 12944, -1761, -12911, 5271, 9506, -7174, -5194, 6634, 3530, -5612, -5691, 7708, 8486, -13688, -7547, 20086, 1769, -23160, 6960, 21615, -15944
1747889002.267, MrmFullScanInfo, 1123, 1511006420, 403353, 0, 0, 0, 0, 10000, 39297, 32, 1, 2, 1, 480, 6761, -7259, -5557, 9135, 3824, -11278, -349, 11428, -3004, -10249, 7102, 10607, -11780, -9619, 15706, 5852, -15936, -1580, 20048, -2913, -23339, 10475, 20745, -16216, -16218, 21181, 9203, -28867, 1721, 35128, -17465, -32308, 27977, 27580, -50215, -19325, 84842, 1273, -102130, 27760, 115214, -60118, -142152, 108732, 169016, -177252, -157643, 223555, 129475, -241750, -122890, 318943, 102681, -403970, -50415, 428342, -942, -435645, 67218, 471312, -170361, -508578, 223172, 458283, -257218, -381553, 364682, 382935, -468534, -401610, 454928, 253825, -470274, -148095, 508476, 69589, -520157, 76113, 519605, -171102, -502168, 178789, 503058, -313696, -519336, 450641, 458431, -443199, -327024, 465828, 305644, -505725, -269706, 520168, 76604, -519243, -13313, 480568, -108975, -483599, 292763, 513197, -311984, -431172, 339528, 322465, -437461, -300410, 508027, 263599, -499057, -120612, 512221, 33902, -519254, 76055, 520192, -239840, -518683, 270850, 464872, -289576, -469416, 388110, 510029, -477923, -407199, 455867, 290118, -468766, -291377, 497940, 304828, -518706, -192097, 510983, 171412, -505789, -253226, 498701, 457456, -461311, -512446, 176984, 510690, 36201, -511805, -83196, 518846, 59428, -512916, 16355, 505175, -62693, -511028, 168866, 519923, -305730, -495944, 323107, 423093, -386010, -420374, 458840, 450995, -510986, -313839, 507529, 218522, -510045, -191306, 516056, 179210, -520188, -112509, 519876, 108959, -513416, -122618, 516176, 180320, -518991, -219764, 508406, 254791, -480161, -332847, 475721, 426755, -495726, -384458, 452500, 350567, -400441, -384252, 436996, 432728, -489653, -336982, 466175, 253317, -469081, -225624, 499369, 168525, -519050, -50408, 507299, -29871, -457638, 146954, 442072, -270892, -422308, 301892, 301359, -307500, -198991, 328967, 112102, -328643, -40298, 265927, 6543, -194868, 7948, 159326, -18427, -130585, 13800, 101715, 3954, -86428, -19306, 91527, 33336, -112267, -46453, 127691, 50206, -127653, -41869, 160967, 31923, -200592, -13281, 209052, -8031, -210764, 32152, 236562, -66176, -262750, 101262, 244091, -122206, -242449, 156504, 246560, -185190, -246421, 214167, 214475, -207846, -186635, 193039, 173639, -206896, -165160, 219311, 139431, -196860, -143988, 164392, 138840, -167933, -136068, 175428, 118020, -159150, -103966, 139490, 96726, -139447, -92521, 140226, 78742, -119731, -67544, 96050, 67470, -89806, -71061, 85791, 70264, -70966, -69397, 61547, 77213, -63545, -82580, 69222, 76364, -65748, -53966, 29562, 63509, -28507, -73816, 29137, 70889, -30064, -65910, 27130, 69038, -25877, -74665, 23397, 69459, -23624, -54411, 15276, 61934, -13899, -73380, 11982, 73871, -12454, -75722, 12157, 91598, -15540, -110657, 23802, 107002, -36142, -81043, 15967, 98720, -25752, -118170, 40974, 117818, -57126, -112809, 66653, 118171, -84198, -121351, 106100, 101673, -107589, -94528, 109371, 90380, -130915, -81213, 152838, 61428, -146837, -45250, 136676, 32987, -138600, -19612, 141129, 6542, -122987, 5606, 108463, -19061, -103916, 31468, 99390, -34541, -80294, 34281, 64946, -38926, -56573, 42764, 48132, -37622, -35180, 28066, 24175, -26555, -17756, 25972, 15733, -22861, -13796, 21208, 14556, -23856, -14838, 29534, 14534, -32138, -12216, 25593, -10476, -26354, 14487, 31193, -18558, -30609, 22153, 31837, -24306, -34328, 30362, 36182, -38762, -31450, 39859, 12995, -55062, -6310, 59396, 2066, -62618, 1798, 52094, -4014, -43298, 4502, 38734, -4015, -34570, 2395, 26473, -13697, -30880, 14346, 25822, -12320, -22318, 6346, 18243, 256, -17350, -6445, 20444, 11687, -27107, -12738, 28130, 2406, -26379, -2838, 27575, 2930, -29740, -614, 26448, -1501, -23215, 5338, 22476, -11402, -19082, 13915, 12572, -13422, -17207, 14124, 12215, -14180, -6987, 11658, 2431, -8283, 1144, 5887, -5295, -4997, 11066, 1375, -13805
1747889002.288, MrmFullScanInfo, 1123, 1511006420, 403353, 0, 0, 0, 0, 10000, 39297, 32, 2, 2, 1, 480, 0, 0, 0, 0, 0, 0, -1658, 4350, 1295, -9476, 2028, 11757, -6679, -10652, 11002, 7614, -14298, -3918, 16504, -55, -17923, 4574, 18722, -9977, -18251, 15942, 15360, -21525, -9397, 26012, 206, -28732, 11786, 28442, -25586, -23822, 41157, 13763, -59058, 3279, 77558, -28377, -92959, 61333, 103851, -102897, -109680, 153674, 105662, -207485, -87469, 255066, 58351, -296919, -22823, 340389, -21377, -382829, 77612, 411901, -144750, -422699, 219279, 417914, -294205, -395336, 360370, 352314, -416906, -298048, 469955, 241931, -516730, -178650, 543481, 98253, -543290, -138, 523260, -107974, -491610, 212843, 454211, -301861, -419952, 379012, 390794, -456596, -350254, 527171, 283983, -567780, -203204, 574421, 123660, -563561, -42488, 542701, -50604, -507831, 157330, 461326, -269993, -409830, 373262, 352193, -448265, -284519, 492235, 211013, -519370, -136505, 537512, 57177, -540982, 33004, 524953, -135603, -493041, 244502, 449474, -343196, -400448, 415248, 359886, -466305, -332812, 513863, 300362, -554902, -244038, 571678, 176799, -565390, -122550, 555562, 82825, -550952, -51481, 546827, 48653, -543788, -102368, 535859, 206629, -491669, -327065, 385483, 434025, -244005, -512260, 134164, 549858, -99424, -543030, 134978, 504961, -214664, -455850, 312536, 404479, -404651, -351266, 473712, 303448, -521860, -264306, 560396, 219317, -586054, -154230, 587312, 80468, -567198, -21030, 543383, -17546, -528081, 41183, 521730, -49881, -522147, 37781, 529480, -5824, -541184, -39571, 551526, 96042, -560658, -158225, 571869, 207187, -576974, -227906, 564328, 231423, -543849, -233301, 537729, 223492, -546696, -184914, 551620, 122824, -544259, -53278, 531297, -20134, -512455, 101817, 478658, -191842, -426779, 282506, 359614, -357899, -278629, 399193, 186289, -400141, -91757, 369801, 9217, -318892, 48391, 256060, -74736, -193586, 74815, 144026, -60905, -111728, 42803, 94227, -24696, -89467, 8772, 96819, 2461, -112598, -6982, 130835, 4216, -149112, 6081, 168342, -24259, -186412, 48766, 198770, -76445, -205655, 106155, 209713, -138166, -209610, 170549, 202837, -200168, -191407, 226802, 177976, -250148, -160778, 264719, 138918, -265608, -117081, 257150, 99715, -248239, -86488, 240079, 76917, -228340, -73006, 214351, 73558, -203679, -72200, 196132, 65167, -186508, -55360, 173866, 47143, -161625, -40823, 150043, 35371, -136185, -32324, 120519, 33591, -106988, -37917, 97305, 42864, -90251, -47823, 85780, 52490, -84886, -53865, 83957, 50236, -76625, -46202, 62801, 47817, -50325, -54156, 45393, 59061, -46119, -59927, 47598, 58977, -47428, -57663, 45362, 55483, -41373, -53713, 36423, 55221, -32943, -60233, 32560, 66519, -34732, -73752, 39032, 82524, -46301, -89061, 54463, 88972, -58494, -85566, 58025, 86426, -60042, -92096, 70161, 96012, -86083, -94555, 103182, 88573, -118685, -79068, 130223, 67219, -136760, -55566, 141797, 44578, -149136, -31308, 156084, 14733, -156730, 1921, 150396, -15471, -141008, 26084, 130463, -35255, -118014, 43680, 104258, -51315, -90920, 57313, 78096, -60227, -65059, 59752, 52322, -57164, -40931, 53189, 31013, -47347, -22345, 39975, 15260, -32927, -10255, 27865, 7428, -25216, -6371, 25034, 6194, -27213, -5710, 30342, 3023, -31745, 3219, 29829, -12074, -25780, 20786, 22288, -27179, -20942, 31485, 21604, -35402, -22738, 40138, 21346, -45519, -14854, 50467, 3738, -54161, 8441, 55835, -17719, -54266, 22152, 49243, -21939, -42369, 18806, 35787, -15583, -30577, 14790, 26569, -16760, -23097, 19104, 19804, -18624, -17082, 14200, 16121, -7240, -17951, 518, 22376, 3009, -27255, -2013, 29835, -1887, -29419, 5662, 27674, -7766, -26029, 8890, 24395, -10313, -22111, 12701, 18668, -15503, -14428, 17472, 10644, -18061, -8030, 17586, 5824, -16067, -3001, 13195, -306, -9281, 3673, 5143, -7017
1747889002.301, MrmFullScanInfo, 1123, 1511006420, 403353, 0, 0, 0, 0, 10000, 39297, 32, 4, 2, 1, 480, 0, 0, 0, 0, 0, 0, 46, -88, -84, 225, 99, -366, -86, 468, 64, -472, -63, 390, 75, -287, -32, 195, -72, -125, 159, 135, -189, -234, 238, 323, -355, -318, 471, 255, -479, -208, 387, 188, -228, -121, 57, -5, 55, 169, -27, -289, -135, 361, 277, -454, -284, 579, 238, -671, -247, 581, 205, -94, -39, -724, -61, 1345, -69, -1344, 307, 957, -489, -692, 618, 491, -692, -244, 797, 414, -1069, -1330, 1513, 2470, -1784, -2965, 1677, 2718, -1355, -2066, 982, 1232, -684, -219, 738, -879, -1162, 1747, 1546, -1997, -1623, 1583, 1488, -952, -901, 465, -416, -97, 1785, -99, -1985, -212, 1018, 1001, -106, -1344, -115, 548, 96, 769, -279, -1577, 467, 1559, -447, -903, 205, -135, 269, 1008, -703, -1132, 548, 647, 159, -92, -669, -359, 543, 789, -195, -1014, 272, 772, -903, -138, 1963, -433, -2971, 266, 3324, 710, -2836, -1704, 1831, 1741, -745, -582, -263, -1036, 1119, 2001, -1546, -1575, 1230, 177, -442, 1147, -133, -1832, 266, 1922, -217, -1502, 170, 802, -132, -157, 645, -319, -1988, 868, 2969, -1285, -2087, 907, -584, 357, 3788, -1683, -6620, 2102, 8752, -1304, -9770, -119, 9451, 1286, -8170, -1916, 6655, 2246, -5388, -2326, 4343, 1929, -3372, -998, 2372, -9, -1253, 473, 216, -270, 245, -32, 154, -154, -1019, 700, 1629, -906, -1850, 395, 2373, 307, -3869, -332, 6113, -519, -8162, 1852, 9318, -3323, -9513, 4832, 9021, -6137, -8136, 6886, 7147, -7148, -6241, 7321, 5408, -7547, -4447, 7588, 3221, -7129, -1751, 6183, 266, -4951, 870, 3669, -1370, -2641, 1223, 2088, -720, -1982, 385, 1849, -465, -1133, 561, -227, 157, 1464, -1909, -1457, 3724, -339, -4333, 3547, 3053, -6945, -837, 8980, -106, -9291, -1525, 9529, 4108, -11331, -4187, 13964, -109, -14772, 7870, 11836, -16365, -5163, 22561, -3804, -24301, 13387, 20937, -22399, -12765, 29500, 884, -32329, 12450, 28764, -24151, -18892, 31375, 5171, -30771, 6004, 21913, -7328, -11562, -1107, 8242, 10044, -12267, -11341, 16226, 6516, -15168, -2027, 10659, 1891, -6097, -5585, 2621, 10915, -276, -16412, 479, 21060, -5083, -23468, 14160, 22356, -26368, -17116, 39204, 7753, -46090, 1545, 41422, -3302, -29937, -4057, 23574, 11523, -27226, -9127, 34124, -3160, -36414, 18330, 31762, -29354, -22760, 31713, 14370, -25243, -10808, 15728, 11722, -10690, -12459, 12192, 9741, -15958, -4796, 17751, 870, -16716, 689, 13768, -1038, -9636, 1702, 5009, -2882, -1144, 3883, -719, -4355, 481, 4491, 890, -4439, -1998, 3833, 1943, -2112, -738, -832, -771, 4353, 1393, -7128, -289, 7865, -2452, -6185, 5934, 2792, -9132, 308, 10429, -222, -8901, -4534, 6152, 11382, -4969, -15006, 5942, 12630, -6871, -6087, 6212, -743, -4452, 4599, 2434, -4035, -309, -7, -2077, 4803, 4611, -8010, -6677, 9225, 7398, -8877, -6081, 7256, 2924, -5195, 67, 4672, -669, -7611, -696, 13362, 1165, -18283, 1058, 18895, -4501, -14717, 6674, 8065, -6377, -2559, 4233, 951, -2110, -3020, 1714, 5688, -2958, -5908, 4065, 3490, -3213, -485, 195, -896, 3517, -11, -6279, 2182, 7671, -4050, -8455, 4923, 9405, -5158, -10529, 5548, 11411, -6952, -11514, 9840, 10119
1747889002.386, MrmFullScanInfo, 1124, 1511006420, 403478, 0, 0, 0, 0, 10000, 39297, 32, 1, 2, 1, 480, 6800, -7509, -5743, 9208, 3946, -11888, -263, 12075, -2225, -11218, 7287, 10895, -12036, -9449, 15784, 6274, -15922, -1933, 20042, -2975, -23687, 10161, 21559, -16173, -16857, 20006, 9574, -28813, 1442, 35733, -16884, -31821, 27235, 27110, -50586, -18542, 84351, 614, -101745, 27484, 114177, -59669, -141226, 108505, 168288, -177071, -156814, 223358, 130158, -241477, -121144, 318443, 98835, -403560, -46577, 427374, -827, -433573, 70763, 468638, -170367, -507842, 225499, 460058, -257607, -382015, 365162, 380539, -470297, -394764, 454647, 248958, -469537, -150537, 508124, 66703, -520172, 76421, 519710, -172435, -503994, 177692, 503221, -313848, -519337, 451823, 458387, -443104, -326843, 464225, 301457, -505214, -270174, 520088, 76626, -519272, -13134, 480708, -115649, -483105, 294150, 513505, -313532, -433399, 339904, 322082, -440154, -299549, 508458, 262199, -498147, -118173, 513031, 31943, -519584, 81906, 520192, -238771, -518773, 272874, 463935, -288945, -469225, 389344, 509731, -477724, -406096, 455960, 293441, -471038, -286966, 498949, 302795, -518945, -190616, 511866, 168992, -506057, -253686, 500115, 456595, -461368, -512408, 177194, 510624, 39525, -511602, -82613, 518965, 59806, -513254, 14677, 505623, -61422, -511393, 170404, 519929, -306551, -496149, 323173, 424731, -388428, -418711, 460585, 449371, -510933, -312482, 506944, 217863, -510181, -194617, 516039, 175489, -520166, -112084, 519814, 114256, -514304, -118905, 516312, 179632, -519487, -222593, 508120, 253624, -479786, -334181, 476003, 423765, -496006, -380382, 452886, 349468, -400419, -382767, 437258, 429638, -490602, -331386, 468730, 251919, -470181, -219775, 499051, 161622, -518983, -44986, 506241, -29175, -456566, 147727, 442345, -272878, -422535, 307602, 297409, -308018, -199711, 329035, 111626, -330238, -38855, 264828, 4980, -195674, 7274, 160109, -17526, -130886, 13500, 101141, 2799, -85042, -20743, 90778, 33337, -110370, -45438, 123028, 50210, -125180, -43258, 157940, 32977, -198016, -15592, 205083, -7951, -206652, 27602, 231880, -62539, -257799, 97635, 239031, -114336, -238269, 148269, 241528, -175561, -242007, 204767, 207628, -198420, -184641, 182366, 173632, -194234, -166292, 208225, 145204, -187893, -145749, 152709, 142907, -156375, -142994, 164976, 125295, -151292, -114325, 135343, 109690, -139530, -105402, 145929, 89753, -129127, -72559, 108880, 64357, -106405, -58218, 101959, 50839, -78347, -48035, 57679, 51570, -49282, -60635, 42289, 63509, -38251, -41700, 30602, 43959, -24187, -52034, 19717, 54982, -18103, -56959, 16995, 65821, -18026, -74578, 17742, 69861, -18369, -45085, 15728, 49171, -12356, -56954, 9678, 55561, -9214, -55556, 6721, 69257, -6942, -90810, 9195, 97875, -17722, -68576, 10443, 83563, -13377, -101487, 20608, 104162, -34066, -103836, 44763, 114252, -64796, -124666, 91274, 110140, -103603, -94292, 101898, 93154, -121339, -88139, 142321, 67440, -139204, -49808, 131856, 33307, -136714, -17227, 141375, -14, -123738, 4382, 110404, -19306, -103881, 35173, 96901, -41304, -74911, 41996, 57248, -47596, -46583, 50966, 39389, -45400, -29137, 35728, 21542, -35587, -15242, 36751, 9947, -31007, -5131, 25727, 2282, -26005, 1255, 26567, -2779, -24807, 4243, 32137, -11932, -34756, 18500, 36954, -27141, -31408, 31591, 27752, -33368, -25464, 42332, 23764, -51991, -18185, 50950, 20329, -52121, -13776, 59665, 7271, -68486, -2226, 61491, -4251, -54677, 9620, 54464, -12208, -50505, 14642, 37925, -25, -39151, 3226, 38420, -5313, -39375, 6189, 34241, -4911, -29628, 5180, 29424, -3367, -29723, 237, 25341, -2307, -36875, 4160, 37792, -7819, -38225, 10354, 33055, -10411, -28008, 13169, 23789, -15056, -20016, 12624, 14444, -21678, -8371, 22783, 4378, -23542, -311, 19337, -1558, -14500, 1933, 10056, -3024, -6281, 3156, 1247, -1695
1747889002.393, MrmFullScanInfo, 1124, 1511006420, 403478, 0, 0, 0, 0, 10000, 39297, 32, 2, 2, 1, 480, 0, 0, 0, 0, 0, 0, -1697, 4506, 1354, -9902, 1991, 12432, -6726, -11371, 11172, 8122, -14532, -4148, 16683, 38, -18026, 4475, 18867, -9865, -18585, 15828, 15925, -21374, -10093, 25857, 878, -28671, 11229, 28487, -25151, -23806, 40800, 13506, -58700, 3733, 77084, -28742, -92307, 61311, 103100, -102449, -108951, 153021, 105088, -206884, -87069, 254620, 57785, -296481, -21485, 339591, -23606, -381364, 80107, 409757, -146719, -420199, 220456, 415712, -294912, -394111, 361073, 352053, -417881, -297602, 470886, 239848, -516856, -174971, 542358, 94610, -541489, 2054, 521860, -108837, -491206, 213246, 454685, -302247, -420819, 379454, 391529, -457042, -350531, 527452, 283618, -567551, -202224, 573507, 122475, -562320, -41658, 541781, -51266, -507421, 158716, 460964, -272417, -409200, 375989, 351602, -450501, -284286, 493901, 210842, -520502, -135836, 537948, 55822, -540685, 35082, 524184, -138248, -492080, 247184, 448499, -345187, -399641, 416233, 359351, -466588, -332453, 513843, 300201, -554992, -243986, 572217, 176328, -566300, -121089, 556290, 80477, -551094, -49075, 546613, 46864, -543718, -101350, 536166, 206152, -491982, -326884, 385257, 434128, -243210, -512641, 133198, 550394, -98546, -543625, 134247, 505556, -214323, -456286, 312788, 404677, -405445, -351262, 474923, 303091, -523265, -263300, 561451, 217764, -586268, -152963, 586873, 80076, -566753, -21143, 543244, -17379, -528170, 40948, 522046, -49621, -522666, 37792, 529932, -6028, -541377, -39641, 551554, 96305, -560656, -157939, 571794, 205757, -576610, -225534, 563617, 228873, -543088, -230778, 537306, 220594, -546739, -181312, 551847, 118428, -544085, -48138, 530164, -25368, -510374, 105822, 476408, -193873, -425309, 283448, 358899, -359233, -277736, 401158, 184705, -401895, -89964, 370701, 7799, -319033, 49354, 255858, -75244, -193506, 74851, 144313, -60687, -112091, 42583, 94167, -24430, -88774, 8333, 95446, 3032, -110432, -7719, 127947, 5390, -146011, 4286, 165528, -22021, -183850, 46240, 196072, -73390, -202576, 102197, 206356, -133056, -206281, 164140, 199893, -192290, -189125, 217544, 176244, -239928, -159323, 253966, 137965, -254560, -117457, 245998, 102383, -237498, -91594, 230342, 83600, -219546, -80323, 205813, 81421, -195192, -81217, 188641, 75737, -181604, -67273, 173056, 59469, -165723, -51798, 158786, 42607, -148325, -33291, 134179, 26381, -119622, -22419, 105501, 21333, -90429, -24251, 75460, 31510, -64056, -39289, 57270, 42278, -52145, -39965, 45763, 37410, -38842, -38925, 34156, 44075, -33040, -50655, 34783, 56853, -37752, -59611, 39666, 56363, -38170, -49428, 33197, 44670, -27702, -45008, 24608, 48879, -24331, -55376, 26269, 65206, -30805, -75080, 37022, 79297, -41331, -78197, 42106, 78381, -43274, -83081, 49785, 88720, -62324, -92033, 79359, 92059, -99137, -86988, 117642, 75936, -130200, -62316, 137429, 49789, -143739, -37203, 149473, 21932, -150657, -4743, 146279, -11976, -138820, 26742, 129375, -38514, -117475, 47175, 104028, -54166, -90197, 60345, 75357, -64286, -59024, 64729, 42909, -62323, -29504, 58016, 19804, -52119, -13213, 45655, 8404, -40142, -4079, 35776, -175, -31635, 3879, 27667, -6650, -24709, 8719, 23512, -10926, -24242, 14530, 26247, -20477, -27665, 28159, 26450, -35340, -22342, 40342, 16990, -43878, -11886, 47623, 7326, -51618, -3220, 54894, -672, -57683, 5246, 60354, -11283, -61363, 17968, 58922, -23502, -53581, 26857, 47178, -27278, -41079, 24257, 36604, -19182, -34852, 15311, 34945, -14535, -34376, 15467, 31918, -15794, -28629, 14515, 26217, -12298, -25791, 10672, 27600, -11168, -30750, 14185, 33099, -18257, -32562, 21253, 29009, -22169, -23835, 21424, 18552, -20365, -13572, 20275, 8391, -21379, -2686, 22419, -2787, -21638, 6644, 18510, -8039, -13880, 7320, 9014, -5536
1747889002.412, MrmFullScanInfo, 1124, 1511006420, 403478, 0, 0, 0, 0, 10000, 39297, 32, 4, 2, 1, 480, 0, 0, 0, 0, 0, 0, -19, 125, 18, -338, 18, 525, -97, -519, 207, 302, -263, -56, 207, -31, -109, -25, 115, 77, -279, -68, 504, 46, -607, 1, 519, -96, -347, 173, 225, -83, -204, -166, 298, 377, -493, -316, 700, -15, -755, 380, 644, -528, -421, 410, 238, -183, -399, 131, 1134, -523, -2014, 1389, 2359, -2411, -1912, 3044, 1112, -2770, -566, 1638, 479, -518, -667, 525, 572, -1964, 275, 3600, -1619, -3997, 2467, 3122, -2166, -2102, 1119, 1607, -99, -1322, -468, 973, 489, -470, -26, -205, -802, 1082, 1610, -1839, -1895, 1952, 1532, -1342, -1131, 615, 1258, -389, -1650, 531, 1835, -570, -1775, 510, 1635, -573, -1220, 718, 529, -829, 112, 1219, -498, -1822, 706, 2159, -834, -1932, 873, 1337, -787, -730, 541, 237, -22, -119, -332, 399, -135, -609, 1298, 330, -2180, 168, 1976, -261, -894, -125, -328, 450, 1026, -75, -1079, -868, 883, 1481, -671, -1220, 412, 487, -139, 69, -22, -296, 47, 287, 58, -239, -136, 368, -122, -559, 777, 421, -1334, 104, 1041, -462, 105, 239, -1271, 335, 1851, -783, -1661, 890, 709, -596, 656, 24, -1703, 367, 2041, -231, -2145, -204, 2586, 470, -3332, -338, 3858, 66, -3726, -36, 3428, 267, -3533, -440, 3960, 270, -4374, 294, 4675, -1125, -4534, 1869, 3500, -2018, -1974, 1359, 1224, -563, -1760, 416, 2632, -753, -3028, 941, 3048, -917, -3082, 1023, 3202, -1208, -3409, 1401, 3548, -1695, -3194, 1968, 2312, -1978, -1305, 1837, 334, -1771, 758, 1616, -1854, -1031, 2541, 101, -2772, 779, 2935, -1561, -3223, 2498, 3462, -3604, -3409, 4752, 3123, -6027, -2730, 7711, 2155, -9620, -1346, 11109, 268, -11627, 1186, 11041, -3027, -9491, 4994, 7179, -6522, -4912, 7527, 3815, -8737, -3786, 10563, 3195, -12091, -830, 11926, -2707, -9607, 6150, 5623, -8492, -657, 9142, -4726, -7869, 10197, 4696, -15146, 300, 18199, -6787, -17986, 13857, 14253, -20371, -7802, 24937, 1163, -25716, 1686, 22599, 1372, -18522, -7315, 16624, 10517, -16729, -8539, 16277, 3337, -14000, 1660, 10994, -3575, -8880, 949, 8655, 5381, -10676, -12091, 14468, 15520, -18589, -14430, 21423, 9633, -22446, -2142, 21731, -5197, -19691, 7969, 18237, -4949, -19778, 805, 23886, -1174, -26792, 6432, 25028, -13203, -18283, 18138, 8709, -19109, -198, 16028, -3276, -11843, 1266, 10153, 2169, -11079, -2815, 11476, 509, -9124, 2473, 4479, -4170, 284, 4121, -3178, -2914, 4011, 1146, -4155, 1170, 4817, -4119, -5859, 7325, 6548, -9995, -6451, 11357, 5702, -10996, -4847, 9302, 4488, -7555, -4547, 7017, 4140, -7871, -2463, 9332, -487, -10549, 4172, 10951, -7308, -10034, 8220, 7993, -6505, -6032, 4064, 5216, -3366, -5325, 5112, 5419, -8328, -5129, 11613, 4699, -12982, -4040, 10553, 3283, -4735, -3534, -1073, 5801, 3108, -9440, -443, 12522, -5076, -13739, 10824, 12915, -13587, -11087, 11175, 10494, -5402, -12672, 1616, 16065, -3435, -17187, 9193, 14237, -14953, -8220, 17857, 1503, -17030, 2950, 13735, -2936, -11032, -620, 11169, 3954, -13032, -4360, 13722, 2655, -11784, -1046, 7896, 943, -4295, -1578, 3132, 821, -4419, 2094, 6109, -5107, -6566, 5553, 6117, -2858, -5839, -1850, 6433, 6990
1747889002.509, MrmFullScanInfo, 1125, 1511006420, 403603, 0, 0, 0, 0, 10000, 39297, 32, 1, 2, 1, 480, 6893, -7431, -6123, 9485, 4250, -11357, -505, 11333, -3179, -10673, 6715, 10670, -11619, -9389, 15701, 6305, -15992, -1506, 20205, -2325, -23211, 10083, 20886, -16240, -16507, 21212, 9988, -28471, 1879, 35419, -16159, -32470, 27932, 27851, -49859, -18542, 84431, 1186, -102201, 26631, 115659, -58990, -140476, 107322, 169526, -177349, -156769, 221655, 131351, -241089, -124233, 318998, 103354, -403657, -50691, 429316, 2391, -437370, 66355, 469962, -168131, -509108, 221598, 459983, -254860, -385754, 362227, 387109, -467460, -402641, 454499, 256750, -470438, -152540, 507461, 72370, -520168, 72995, 519722, -169130, -503696, 176319, 503087, -312011, -519258, 449100, 459921, -443251, -330420, 466109, 305250, -504792, -271042, 520114, 79782, -519086, -14867, 481211, -110641, -484350, 291394, 513991, -310654, -433976, 336511, 325530, -436532, -300909, 508325, 259987, -497691, -122477, 511930, 36637, -519280, 75375, 520192, -236379, -518929, 268791, 466821, -286076, -469379, 388068, 509837, -478628, -407475, 455309, 293203, -467659, -291941, 497709, 305739, -518906, -193716, 511172, 171370, -505214, -252227, 499407, 454693, -462244, -513491, 179157, 510965, 39904, -511168, -83642, 519060, 61731, -512730, 12400, 506248, -59103, -511398, 168995, 519929, -306882, -497185, 322403, 424441, -385146, -422019, 458350, 450806, -510706, -316735, 506593, 222046, -509993, -192609, 515630, 176268, -520163, -113918, 519757, 112664, -514149, -125689, 516475, 179136, -519411, -221024, 508495, 253297, -480767, -328914, 476620, 420384, -497245, -380984, 452417, 346238, -400301, -382182, 437790, 430247, -490177, -333421, 467841, 252709, -469202, -225956, 498470, 167342, -518819, -47199, 506341, -29562, -456668, 144304, 441638, -268992, -422040, 302573, 298103, -303839, -198982, 325419, 113628, -325315, -40995, 263915, 4661, -194829, 7496, 157568, -16734, -129071, 12673, 99461, 4042, -85393, -20659, 90020, 34880, -110076, -46768, 124441, 50187, -126555, -42515, 158520, 32753, -198008, -15915, 205152, -6806, -206377, 27254, 231950, -59084, -256884, 94114, 238260, -113740, -239382, 148739, 242800, -174701, -243126, 202463, 209703, -194574, -184517, 177833, 175214, -187655, -168922, 198638, 146386, -178886, -148440, 155501, 146579, -156560, -146791, 162504, 131534, -146445, -122120, 130193, 123698, -133910, -125289, 140596, 110122, -127302, -94835, 108510, 91450, -112444, -86179, 116561, 72118, -99856, -61024, 81501, 55625, -74647, -51317, 65961, 45746, -46802, -65766, 52896, 66979, -50187, -70085, 47321, 65198, -42623, -60918, 34041, 63460, -29996, -68875, 25974, 63793, -22535, -62016, 45830, 61531, -47350, -61249, 46691, 51557, -40479, -48149, 31224, 53460, -25058, -65361, 21424, 69167, -20368, -55916, 37759, 62570, -37452, -74179, 39631, 76127, -43788, -79393, 46812, 93437, -58724, -106509, 77568, 99926, -85857, -71350, 98013, 73396, -113182, -72891, 132483, 58535, -130002, -46564, 125539, 34703, -133354, -21673, 140622, 5850, -125347, -1694, 111841, -10405, -111270, 24361, 110621, -33648, -89938, 37301, 72055, -46175, -61494, 53933, 50594, -50263, -34877, 41716, 21689, -41346, -13614, 39271, 7423, -33444, -3701, 29454, 764, -32944, 2233, 37953, -6446, -38258, 11372, 33787, -15513, -33698, 19478, 34897, -23730, -32551, 27495, 32030, -30817, -34880, 40680, 35859, -53198, -31791, 55653, 14091, -43880, -11175, 46947, 8455, -51357, -7831, 48209, 4480, -45590, -3110, 49340, 562, -53446, -186, 49121, 4026, -25550, -5496, 27519, 7701, -30594, -7943, 30531, 8004, -29635, -7960, 34982, 7357, -40504, -3847, 39095, 10050, -27465, -7053, 29864, 4884, -32969, 962, 28667, -5068, -24079, 10330, 22015, -15341, -18676, 16408, 12527, 1046, -10408, -72, 6831, -723, -3058, 1101, -1476, -382, 5998, -997, -9284, 3648, 11076, -6162, -8749
1747889002.520, MrmFullScanInfo, 1125, 1511006420, 403603, 0, 0, 0, 0, 10000, 39297, 32, 2, 2, 1, 480, 0, 0, 0, 0, 0, 0, -1804, 4462, 1537, -9698, 1829, 12004, -6571, -10851, 10932, 7748, -14227, -4013, 16468, 59, -17962, 4385, 18838, -9715, -18432, 15687, 15623, -21379, -9737, 26005, 616, -28849, 11320, 28685, -25120, -24117, 40752, 13936, -58727, 3250, 77319, -28254, -92840, 60813, 103848, -101958, -109724, 152528, 105808, -206359, -87965, 254180, 59336, -296483, -24067, 340495, -20181, -383450, 76481, 412910, -143529, -423819, 217865, 418937, -292588, -396594, 358648, 354530, -415429, -301386, 469115, 245700, -516656, -182091, 543933, 101281, -543954, -3096, 524003, -104995, -492520, 210072, 455385, -299536, -421245, 377176, 391984, -455192, -351447, 526326, 285399, -567638, -204715, 574778, 125075, -563995, -43961, 543105, -49044, -508382, 156133, 462047, -269437, -410727, 372933, 353587, -447646, -286692, 491447, 213338, -518726, -137885, 536936, 57491, -540306, 32770, 524448, -134573, -493141, 242653, 450350, -340874, -401980, 412917, 361649, -464540, -334187, 512981, 301125, -554723, -244615, 571758, 177692, -565502, -123819, 555758, 84144, -551264, -52445, 547129, 48822, -543931, -101636, 535945, 205454, -491777, -326107, 385385, 433684, -243339, -512525, 132719, 550613, -97190, -544236, 132264, 506483, -212345, -457299, 311398, 405489, -404624, -351954, 474083, 304183, -522077, -265340, 560357, 220856, -585959, -156384, 587434, 82708, -567549, -22432, 543620, -17055, -528041, 40567, 521831, -48448, -522847, 36050, 530615, -4726, -542172, -39470, 551977, 94386, -560524, -154853, 571217, 202574, -575889, -223100, 563050, 227381, -542785, -230210, 537243, 220987, -546779, -182774, 551901, 121243, -544362, -52259, 530993, -20952, -511661, 102431, 477551, -191675, -425864, 281342, 359146, -356165, -278319, 397127, 186019, -397546, -92029, 366780, 10303, -316138, 47077, 254084, -73830, -192296, 74211, 142982, -60109, -110625, 41625, 93047, -23237, -88274, 7188, 95517, 4004, -111005, -8342, 128938, 5400, -147065, 4814, 166211, -22556, -184060, 46266, 196059, -72673, -202617, 100629, 206569, -130738, -206735, 161694, 200635, -190603, -190092, 216859, 177380, -239525, -160675, 252809, 139672, -251967, -119748, 241691, 105502, -231500, -95676, 223694, 88378, -214398, -85044, 203716, 85509, -195408, -85177, 188982, 81309, -180782, -76588, 171540, 73781, -165090, -70676, 160508, 64454, -153289, -56657, 143297, 49945, -134183, -43709, 126075, 36682, -115534, -30319, 101815, 26661, -87311, -26990, 74906, 31935, -67178, -40096, 65225, 47431, -66564, -50391, 66425, 49522, -62252, -48325, 55297, 49488, -48693, -52247, 45731, 53722, -48163, -51922, 54648, 46947, -60642, -40521, 61469, 35541, -56311, -35263, 48347, 41032, -42106, -49412, 40715, 54684, -44103, -54837, 49861, 53186, -55708, -53652, 60876, 57238, -66396, -63493, 74555, 70551, -86853, -73013, 101180, 66194, -113194, -52268, 121927, 37551, -129732, -25051, 136588, 13563, -139858, -2120, 139189, -9553, -136260, 21500, 130712, -32417, -121467, 40896, 110376, -47757, -99814, 54593, 88770, -60813, -75021, 64839, 59035, -66171, -43230, 64649, 29173, -59869, -17343, 52634, 7925, -44987, -925, 38368, -3861, -33290, 6950, 30510, -9454, -30467, 12750, 31791, -17274, -32079, 22148, 30385, -26336, -27673, 29740, 25126, -32850, -23221, 36417, 22062, -41659, -20990, 49080, 17738, -55941, -10779, 57937, 2086, -54480, 4595, 49565, -7833, -46698, 9144, 45998, -10288, -46483, 12024, 47462, -13896, -46796, 14320, 42293, -11634, -35294, 6399, 30025, -1533, -28782, -558, 30229, -115, -32677, 2349, 35411, -4815, -37131, 6191, 36438, -5754, -33947, 4669, 31507, -5220, -29467, 8271, 26538, -12772, -22123, 17047, 16852, -18845, -11911, 16301, 8616, -10279, -7270, 4290, 6381, -961, -4048, -271, -54, 1334, 4662, -3432, -7960
1747889002.536, MrmFullScanInfo, 1125, 1511006420, 403603, 0, 0, 0, 0, 10000, 39297, 32, 4, 2, 1, 480, 0, 0, 0, 0, 0, 0, -117, 11, 195, 56, -160, -196, 124, 285, -163, -225, 205, 92, -136, 21, 22, -107, 19, 186, 34, -176, -90, 31, 102, 124, -36, -192, -70, 248, 146, -329, -155, 351, 116, -325, 19, 368, -242, -524, 440, 670, -507, -726, 538, 708, -790, -539, 1390, 91, -2136, 650, 2635, -1508, -2712, 2209, 2463, -2455, -2171, 2165, 2104, -1854, -2237, 2295, 2197, -3612, -1556, 5108, 313, -5729, 942, 5163, -1519, -4043, 1342, 3153, -936, -2659, 723, 2288, -665, -1979, 700, 1720, -982, -1208, 1527, 293, -1914, 607, 1893, -946, -1719, 810, 1775, -717, -2048, 924, 2260, -1323, -2278, 1807, 2156, -2303, -1847, 2387, 1328, -1837, -817, 1341, 432, -1776, 57, 2890, -768, -3642, 1515, 3574, -2013, -2866, 2039, 1847, -1574, -824, 940, 241, -754, -286, 1298, 517, -2210, -352, 2800, -137, -2569, 421, 1552, -250, -315, -41, -421, 120, 479, -110, -195, 358, -93, -933, 383, 1610, -724, -2065, 1010, 1950, -1073, -1298, 875, 688, -758, -617, 1047, 876, -1733, -855, 2569, 317, -3027, 382, 2687, -693, -1756, 486, 990, -147, -1032, 129, 1606, -475, -1834, 821, 1183, -800, 246, 436, -1931, 39, 3276, -466, -3764, 730, 3359, -735, -2476, 501, 1503, -122, -639, -144, -180, 177, 1275, -206, -2394, 419, 2730, -574, -2150, 400, 1614, -132, -1854, 195, 2601, -599, -3218, 1163, 3439, -1813, -3124, 2287, 2212, -2086, -1110, 1232, 470, -469, -500, 370, 727, -692, -683, 944, 421, -964, -194, 830, 75, -544, -11, 129, 118, 112, -476, 146, 940, -892, -1242, 1955, 1286, -3222, -1113, 4438, 769, -5076, -322, 4943, -111, -4614, 532, 4869, -1074, -5867, 1955, 7209, -3334, -8485, 5141, 9386, -6912, -9170, 8027, 7250, -8272, -4306, 8216, 1971, -8825, -1027, 10789, 632, -14134, 496, 17962, -2952, -20691, 6222, 21314, -9491, -20150, 12742, 17670, -16353, -13389, 19665, 6813, -20922, 1484, 18832, -10018, -13051, 14601, 6516, -10943, -5176, 1160, 11801, 6477, -21394, -6425, 26057, 1031, -23018, 4598, 15072, -7477, -6701, 6575, 2828, -2718, -7163, -89, 18282, -2840, -28687, 11435, 31075, -20623, -24733, 26324, 13726, -28080, -2330, 26843, -5157, -24214, 5470, 23473, -402, -26727, -3231, 31122, 542, -31363, 6603, 25553, -13697, -15952, 17909, 7334, -18695, -3905, 17399, 5891, -16146, -8992, 15747, 8624, -14926, -4475, 12033, -666, -7136, 4092, 1842, -5086, 2158, 4802, -4506, -4681, 6401, 4781, -8978, -3843, 11710, 1110, -12978, 2757, 11920, -6405, -8871, 8812, 4648, -9543, -178, 8677, -3593, -6698, 5971, 4417, -6889, -2843, 7026, 2731, -7451, -3937, 8995, 5021, -10961, -4285, 11295, 1651, -8631, 1064, 4040, -1979, -113, 755, -1274, 1652, -151, -3956, 3409, 4605, -5814, -2933, 4143, 816, 2035, -1300, -8784, 5006, 11337, -9309, -8484, 11483, 2159, -10802, 5090, 8241, -10049, -5803, 9906, 5898, -5472, -9062, 1382, 12653, -1195, -13374, 4054, 10475, -7495, -5422, 9970, 766, -10272, 990, 7726, 1149, -3523, -5333, 101, 8110, 1280, -7667, -1485, 4744, 1576, -1267, -1774, -61, 1567, -2944, -39, 9587, -3031, -15972, 6237, 18448, -7460, -16905, 5837, 13642, -2530, -10832, -243
1747889002.647, MrmFullScanInfo, 1126, 1511006420, 403728, 0, 0, 0, 0, 10000, 39297, 32, 1, 2, 1, 480, 6512, -7486, -5265, 9124, 4089, -11620, -336, 11414, -3136, -10579, 6787, 10777, -12135, -9229, 16174, 5614, -15920, -1794, 20348, -3292, -23375, 10234, 20945, -16093, -16356, 20762, 9322, -28825, 1663, 35594, -16538, -33031, 26936, 27651, -50104, -19692, 84137, 982, -102448, 27284, 114145, -58597, -141602, 107358, 169298, -176547, -158177, 222213, 130306, -240703, -123161, 318369, 103725, -404165, -52319, 430552, 2326, -435607, 66632, 471479, -166920, -509087, 222563, 459788, -256334, -384354, 364632, 382909, -468660, -402921, 453466, 259662, -469420, -154209, 508201, 73559, -520170, 69004, 519743, -166424, -503928, 177384, 503598, -313252, -519330, 450776, 461423, -442662, -329573, 463375, 304437, -505481, -272371, 520135, 79474, -519449, -13618, 481052, -111393, -484122, 290901, 513577, -309140, -435552, 335275, 326378, -435472, -302200, 507135, 265305, -497058, -123215, 511686, 34763, -519099, 72994, 520192, -234055, -519077, 264961, 466104, -283966, -470137, 383547, 510208, -474392, -408307, 453972, 290172, -466792, -292327, 497546, 306600, -518847, -197932, 510607, 172846, -504488, -254479, 497934, 456222, -459259, -513120, 176037, 510411, 38333, -511748, -85539, 518869, 64745, -512804, 7601, 505279, -57273, -511506, 164253, 519907, -299429, -497302, 319149, 424666, -385148, -421378, 457913, 450072, -510449, -318252, 506236, 222336, -509647, -196841, 515628, 184291, -520178, -115669, 519652, 112308, -514090, -127365, 515734, 187905, -519446, -227742, 507266, 254638, -478523, -333483, 474653, 423664, -495836, -381892, 451166, 347342, -402110, -379383, 437430, 428355, -490445, -328987, 470055, 245879, -472533, -215483, 499848, 154162, -519196, -39939, 505449, -35583, -455764, 150660, 438867, -276498, -418590, 308296, 293692, -312185, -192408, 331344, 103466, -329844, -30698, 264786, -2485, -195187, 9952, 156554, -19951, -127152, 15674, 96884, 1835, -81390, -18037, 87167, 32895, -107064, -45484, 121725, 49001, -125356, -44321, 157142, 33973, -197860, -16204, 204733, -5397, -206181, 28449, 231807, -63008, -256853, 98537, 238090, -115434, -240603, 149730, 242141, -176663, -243087, 206469, 209900, -198511, -183722, 182828, 171597, -192959, -164606, 203397, 143197, -181352, -143529, 155513, 138904, -157643, -138245, 164701, 123688, -149230, -113589, 133513, 112440, -135952, -113418, 141159, 102223, -125731, -89969, 107749, 88377, -109374, -87977, 112376, 78457, -96002, -70420, 80064, 70624, -76805, -71670, 75097, 65628, -62905, -58858, 45994, 63578, -42848, -73214, 42929, 73553, -40503, -72785, 38338, 80889, -40783, -88044, 44374, 79856, -46292, -63969, 34292, 72211, -38645, -81259, 47856, 74661, -50707, -68536, 49851, 69532, -52224, -71799, 53841, 63391, -50276, -68589, 40251, 75933, -48079, -82189, 60942, 78393, -65195, -73602, 64935, 79583, -74060, -87162, 87851, 79652, -89034, -70461, 102045, 67899, -116676, -61543, 133138, 49917, -128478, -39594, 122327, 31695, -129897, -22092, 136860, 8983, -124286, -2374, 102105, -7364, -103204, 19382, 104780, -23854, -92009, 27689, 78797, -35752, -74165, 44474, 68434, -44123, -53429, 42020, 39319, -45841, -30297, 50984, 20113, -47690, -12843, 42379, 5730, -43083, 1461, 44775, -7908, -39335, 13512, 52673, -14430, -57308, 22683, 58314, -33622, -49568, 40282, 40747, -39807, -34957, 46933, 26922, -53422, -19609, 48669, 23075, -59658, -15790, 64937, 7551, -68225, -3704, 57295, 102, -46521, 2172, 43220, -2619, -38914, 1996, 32567, -1886, -30720, 1651, 29414, -716, -29297, -2162, 27452, 5053, -25308, -6263, 28757, 7427, -31789, -6062, 29848, 6805, -28940, -5740, 29415, 3548, -28862, 879, 24226, -2248, -18443, 6480, 15208, -8346, -10381, 7811, 6056, -2438, -9506, -780, 6602, 4494, -3006, -6351, 928, 9584, -427, -11826, -896, 16615, 1741, -17713, -1056
1747889002.663, MrmFullScanInfo, 1126, 1511006420, 403728, 0, 0, 0, 0, 10000, 39297, 32, 2, 2, 1, 480, 0, 0, 0, 0, 0, 0, -1639, 4399, 1263, -9595, 2063, 11935, -6727, -10826, 11097, 7674, -14457, -3797, 16691, -296, -18079, 4806, 18839, -10109, -18367, 15935, 15515, -21390, -9599, 25859, 459, -28749, 11443, 28768, -25143, -24416, 40682, 14399, -58661, 2814, 77249, -28031, -92656, 60794, 103587, -101941, -109657, 152440, 106081, -206299, -88285, 254133, 59349, -296311, -23878, 340293, -20161, -383477, 76167, 413211, -143130, -424218, 217577, 419296, -292586, -396722, 359166, 353876, -416455, -299614, 470112, 243499, -517027, -180935, 543770, 102008, -543928, -5259, 524575, -102267, -493597, 207492, 456599, -297805, -422182, 376841, 392388, -456064, -351362, 527404, 285091, -567952, -204558, 574213, 125298, -563256, -44367, 542799, -48975, -508406, 156606, 461997, -269986, -410561, 372916, 353742, -446926, -287559, 490412, 215093, -517892, -140426, 536651, 60160, -540529, 30880, 524765, -133616, -493262, 241726, 450449, -339123, -402422, 410240, 362623, -461240, -335673, 509518, 302737, -551635, -245687, 569485, 177919, -564147, -123800, 555226, 84846, -551419, -54199, 547648, 51224, -544218, -104017, 535353, 207359, -490239, -327370, 383513, 434354, -241680, -512813, 131010, 550837, -94847, -544693, 129175, 507291, -208574, -458464, 306971, 407048, -400050, -353687, 470483, 305463, -520160, -265729, 559784, 220643, -585959, -156453, 587598, 84164, -568029, -25776, 544763, -12718, -529705, 36959, 523227, -45993, -523467, 33262, 530908, -408, -542790, -44768, 552762, 99409, -560814, -159012, 570775, 205801, -575147, -225116, 562541, 227775, -542591, -228815, 537099, 217894, -546614, -177864, 551794, 113940, -543895, -42605, 529383, -31453, -508707, 111675, 473885, -198733, -422072, 286814, 355108, -361100, -273410, 402075, 179503, -402240, -83439, 370221, 121, -317311, 57056, 252984, -81503, -189953, 78759, 140476, -62333, -108168, 42857, 90238, -24269, -84857, 8166, 91721, 3209, -107383, -7967, 126030, 5677, -145234, 3908, 165486, -21354, -184092, 45253, 196339, -72383, -202678, 101637, 206069, -133163, -205655, 164799, 199370, -193390, -189119, 219043, 176807, -241662, -160149, 255597, 138537, -255608, -117268, 245782, 101409, -235303, -90430, 226420, 82657, -215537, -79033, 203334, 78923, -194178, -77754, 187796, 72882, -180085, -66936, 170967, 63091, -163771, -60168, 157996, 55929, -149998, -51426, 139942, 48557, -131227, -46366, 123938, 43449, -115094, -41095, 104592, 40899, -95200, -41643, 87224, 41735, -78463, -42585, 69114, 46419, -62401, -52273, 60076, 57356, -60631, -60975, 62359, 63812, -64894, -64397, 66728, 61238, -65457, -57098, 62069, 55988, -60980, -57120, 64170, 56553, -68735, -53460, 71538, 49958, -72087, -47639, 70634, 47441, -67869, -50411, 66706, 55537, -70313, -58791, 77784, 57686, -85080, -54528, 90845, 52630, -96969, -51309, 104508, 47571, -112614, -40361, 121187, 30541, -130041, -18918, 136333, 6815, -137373, 3757, 134665, -12487, -131450, 20936, 126908, -29475, -118123, 36747, 106158, -42294, -95050, 47156, 86127, -51758, -77497, 55781, 68058, -59077, -58143, 61105, 47744, -60884, -36606, 58602, 25136, -55681, -14196, 52716, 4600, -49192, 3155, 45265, -9340, -41696, 14862, 39363, -20187, -39293, 25633, 41849, -32105, -44805, 40054, 44122, -47759, -38070, 52629, 28593, -54320, -18725, 54422, 10523, -54659, -4741, 56322, 393, -59881, 4661, 63323, -11016, -62859, 16514, 57026, -18801, -48202, 17744, 40068, -15080, -34370, 12589, 30814, -10992, -28693, 10017, 27551, -8902, -26957, 7102, 26806, -4784, -27467, 2887, 29023, -2236, -30577, 2710, 31091, -3586, -30505, 4658, 29159, -6204, -26728, 8154, 22765, -9964, -17572, 11078, 12067, -10888, -7564, 8910, 5266, -5484, -5155, 1631, 5750, 1978, -5634, -5340, 4771, 8691, -3868, -12080, 3524
1747889002.678, MrmFullScanInfo, 1126, 1511006420, 403728, 0, 0, 0, 0, 10000, 39297, 32, 4, 2, 1, 480, 0, 0, 0, 0, 0, 0, 118, -64, -193, 142, 165, -172, -98, 161, 86, -172, -131, 246, 155, -336, -101, 375, 4, -322, 93, 180, -171, 2, 210, -101, -194, 35, 104, 167, 32, -421, -124, 609, 91, -583, -23, 382, 36, -220, -36, 258, -168, -350, 504, 330, -638, -267, 577, 215, -709, 80, 1167, -714, -1514, 1347, 1478, -1596, -1206, 1429, 861, -998, -381, 311, -142, 304, 381, -67, -303, -1323, 355, 3030, -779, -4003, 1289, 4178, -1562, -3809, 1542, 2777, -1193, -1201, 660, -175, -309, 656, 368, -325, -740, -147, 1144, 192, -1242, 132, 892, -367, -420, 346, 400, -381, -965, 889, 1639, -1806, -1848, 2735, 1431, -3293, -646, 3201, -41, -2607, 345, 2163, -448, -2470, 741, 3277, -1296, -3903, 1840, 4091, -2143, -3809, 1965, 3187, -1317, -2402, 725, 1583, -926, -671, 1934, -236, -2860, 704, 3007, -364, -2392, -648, 1578, 1589, -933, -1842, 503, 1687, -278, -1996, 365, 2973, -760, -3954, 1238, 4596, -1614, -4956, 1903, 4822, -2009, -3814, 1680, 2252, -1103, -904, 868, 102, -1310, 344, 2470, -752, -3870, 1280, 4484, -1620, -3783, 1342, 2950, -744, -3483, 611, 4818, -954, -5236, 957, 4282, -236, -2894, -679, 1811, 1067, -804, -806, -456, 391, 1875, -211, -3224, 145, 4685, -63, -6616, 374, 8520, -1390, -9257, 2647, 8288, -3433, -6381, 3717, 4724, -4009, -3840, 4765, 3532, -6148, -3129, 7943, 1963, -9321, -28, 9164, -1829, -7157, 2835, 4296, -3009, -1971, 3007, 827, -3262, -527, 3686, 476, -3904, -348, 3609, 51, -2799, 399, 1720, -874, -732, 1211, 140, -1255, 5, 882, 230, -14, -750, -986, 1231, 1486, -1261, -1323, 815, 984, -291, -953, 130, 1250, -547, -1498, 1526, 1253, -2578, -329, 3102, -906, -3140, 1799, 3391, -2074, -4163, 1992, 4937, -1798, -5140, 1516, 4735, -1259, -3732, 1162, 1859, -948, 937, 92, -4211, 1658, 7317, -4131, -9623, 6912, 10753, -9619, -10845, 12287, 10200, -15107, -8274, 16703, 4867, -14850, -1917, 9970, 1956, -5777, -4944, 5435, 8514, -8754, -10789, 13986, 11165, -19609, -9398, 22853, 6548, -20969, -5744, 15679, 8897, -12988, -13280, 16650, 13914, -24174, -8313, 30746, -2474, -32951, 13439, 29653, -18055, -23158, 14507, 18356, -8531, -17901, 7534, 19307, -12873, -17936, 20633, 11986, -26175, -3247, 26501, -4514, -21647, 8039, 15251, -7377, -11383, 5834, 10404, -6069, -9374, 7412, 6261, -7771, -1614, 6053, -2594, -3377, 5055, 1801, -6310, -1701, 7741, 989, -9434, 2448, 10038, -8271, -8515, 14532, 5039, -19259, -407, 21198, -4590, -20001, 9328, 16334, -13352, -11390, 16175, 6227, -17205, -1540, 16155, -2292, -13281, 5167, 10200, -6846, -9598, 7663, 12761, -8952, -17323, 11684, 18883, -14728, -15340, 15528, 8098, -12619, -290, 6673, -4451, -1056, 4177, 45, -1029, -4471, -514, 9894, -1158, -11004, 3422, 6827, -3382, -1, 592, -6140, 2999, 9089, -4758, -8199, 3419, 5249, -325, -2927, -1758, 2333, 1377, -2518, 747, 2523, -2928, -2326, 4041, 2164, -4004, -2034, 3406, 2031, -2964, -2442, 3182, 3324, -4072, -4298, 5381, 5064, -6846, -5476, 8079, 5097, -8700, -3484, 8903, 816, -9426, 2175, 10654, -4898, -12049, 7247, 12983, -9229, -13238, 10664
1747889002.774, MrmFullScanInfo, 1127, 1511006420, 403853, 0, 0, 0, 0, 10000, 39297, 32, 1, 2, 1, 480, 6547, -6852, -5666, 9125, 4067, -11267, 11, 11806, -3123, -10977, 6186, 11142, -11796, -9744, 15966, 5787, -15723, -2109, 20115, -2900, -23570, 10162, 20881, -16186, -16821, 20495, 9389, -28553, 1629, 35375, -16911, -32382, 27407, 28263, -50544, -18873, 83998, 1452, -102697, 27602, 114221, -59527, -142245, 108873, 169181, -177269, -156765, 223000, 131340, -240815, -123172, 318479, 102006, -402613, -49765, 428362, 675, -436209, 68290, 470078, -170049, -508607, 224785, 458531, -257108, -385485, 362725, 384679, -468752, -399584, 454492, 255945, -472126, -154078, 508229, 69748, -520173, 73377, 519768, -169783, -504376, 175357, 503434, -311494, -519510, 449778, 459788, -443482, -330111, 465909, 302861, -505952, -269769, 520140, 77293, -519105, -15127, 480752, -111978, -483394, 294951, 513293, -309731, -434730, 340640, 322981, -438350, -301599, 508918, 260296, -499016, -120458, 512516, 35575, -519452, 75086, 520192, -239382, -518750, 267445, 465352, -288705, -469128, 387640, 510591, -478671, -406259, 456576, 292854, -467900, -290095, 498190, 302845, -518999, -194598, 510678, 167613, -505640, -251063, 499111, 452802, -462906, -513786, 178588, 510404, 41342, -511722, -85948, 518970, 60645, -512280, 11297, 505516, -61680, -511002, 168111, 519805, -307133, -496774, 324444, 425435, -386125, -421583, 459512, 450005, -510974, -313599, 505642, 217061, -510585, -192879, 516159, 173971, -520184, -112381, 519826, 112816, -514052, -125248, 516158, 180430, -519415, -221022, 507616, 248197, -481159, -329340, 477065, 419460, -498570, -378709, 455070, 345781, -404237, -377142, 442049, 423979, -492867, -325406, 469894, 243762, -471642, -217256, 499332, 155921, -519273, -38104, 505814, -41086, -455029, 161594, 437214, -286417, -414562, 314713, 289872, -316631, -189299, 336176, 104142, -335604, -29966, 270676, -4440, -199840, 18195, 159506, -29098, -128325, 22594, 97674, -4068, -82128, -14091, 86587, 29358, -104763, -43585, 120124, 48194, -122090, -40902, 154924, 30848, -194535, -15027, 201831, -6625, -203841, 27834, 230272, -58889, -255542, 92963, 237377, -113315, -237820, 148637, 240432, -178148, -241097, 205769, 207535, -197774, -182687, 181450, 173163, -191892, -166293, 204144, 144025, -182937, -143185, 152895, 137060, -155534, -136221, 161369, 120069, -144675, -109698, 127897, 108237, -130213, -108080, 136067, 95148, -121553, -82274, 103506, 79384, -105044, -77793, 107938, 68055, -93929, -61929, 78650, 62806, -76229, -65887, 72593, 62937, -60362, -57309, 35573, 59625, -32327, -66458, 32151, 62697, -30990, -61494, 29197, 71067, -31021, -82925, 33595, 80716, -39673, -69757, 29681, 73485, -31064, -77622, 34430, 69606, -36252, -64877, 35690, 71103, -41814, -80248, 49141, 72055, -54092, -72189, 39819, 77815, -43810, -85237, 50740, 80677, -56949, -76948, 59880, 81073, -73197, -85329, 89595, 74699, -92358, -67540, 99708, 64804, -111416, -59770, 124611, 47009, -118910, -36085, 112382, 26285, -118592, -17666, 126095, 5790, -115598, -784, 95709, -6879, -93025, 14679, 90124, -18431, -75894, 19421, 64407, -25540, -61416, 31783, 61228, -34022, -51660, 31552, 42518, -37411, -39469, 44015, 32800, -45401, -25565, 44983, 17663, -49601, -8041, 56354, -331, -52437, 10117, 46339, -3444, -55879, 11715, 63671, -21958, -58150, 32477, 51924, -38904, -48565, 50073, 43205, -62415, -31989, 61374, 27646, -49509, -23981, 58133, 16010, -66248, -11905, 58848, 6131, -51594, -946, 50595, -1389, -48772, 3311, 38829, 7103, -34254, -5769, 36679, 5671, -38495, -5898, 34216, 7497, -30797, -7415, 31748, 9030, -34332, -7766, 30647, 4676, -37905, -1185, 37311, -1828, -36273, 3717, 28239, -4027, -21840, 4990, 17738, -4971, -14462, 4108, 9281, -13631, -10683, 11229, 5404, -6273, -1454, -1217, -396, 7689, 855, -14006, 135, 20255, -1949, -20812, 3085
1747889002.790, MrmFullScanInfo, 1127, 1511006420, 403853, 0, 0, 0, 0, 10000, 39297, 32, 2, 2, 1, 480, 0, 0, 0, 0, 0, 0, -1672, 4352, 1297, -9567, 2057, 12029, -6698, -11122, 10992, 8144, -14305, -4328, 16550, 180, -17984, 4431, 18813, -9856, -18430, 15816, 15663, -21362, -9795, 25827, 633, -28607, 11380, 28505, -25251, -24084, 40928, 14079, -58931, 3055, 77446, -28227, -92791, 61136, 103675, -102642, -109534, 153430, 105630, -207238, -87695, 254753, 58877, -296498, -23391, 339823, -21001, -382216, 77395, 411435, -144614, -422431, 219316, 417698, -294511, -395318, 360789, 353002, -417255, -299511, 470162, 243561, -516908, -180128, 543878, 99933, -544134, -2261, 524471, -105748, -492925, 210816, 455581, -299952, -421421, 377168, 392295, -455025, -351766, 526290, 285362, -567755, -204007, 574872, 123632, -563892, -42121, 542727, -50717, -507760, 157442, 461239, -270535, -409805, 374102, 352584, -449085, -285567, 493125, 212136, -520383, -136774, 538247, 56520, -541144, 33720, 524795, -135565, -493057, 243597, 449904, -341711, -401225, 413590, 360789, -464993, -333494, 513309, 300678, -555037, -244138, 572113, 176749, -565727, -122354, 555622, 82444, -550774, -50778, 546471, 47191, -543289, -100063, 535424, 204204, -491336, -325419, 384785, 433656, -242476, -512984, 131824, 551119, -96677, -544314, 132287, 506001, -212657, -456518, 311780, 404832, -405146, -351611, 474987, 303956, -523258, -264763, 561268, 219393, -586030, -154021, 586600, 80067, -566378, -20181, 542758, -18694, -527657, 41675, 521733, -48983, -522847, 35995, 530616, -4568, -542059, -39024, 551600, 93151, -559995, -153247, 571046, 200950, -576633, -221149, 564926, 224333, -545373, -225301, 539547, 214030, -547896, -174351, 551601, 112040, -542939, -42692, 528744, -30716, -508655, 112693, 473485, -203212, -419876, 294341, 350392, -369365, -266934, 408735, 173176, -406778, -78930, 373904, -2435, -321502, 59265, 257647, -85526, -193674, 85485, 141845, -70691, -107113, 50814, 87950, -30474, -82526, 12410, 89709, 600, -105413, -6494, 123773, 4673, -142487, 4994, 162184, -22536, -180469, 46063, 192922, -72233, -200083, 99985, 204744, -129949, -205535, 160835, 199712, -189997, -188919, 217021, 175491, -240763, -157957, 254969, 136413, -254658, -116316, 244748, 102033, -234922, -91920, 226899, 83764, -216033, -79032, 202613, 77920, -191613, -76178, 183512, 71031, -174479, -64875, 164512, 60627, -156972, -56866, 151226, 51362, -143339, -45432, 133215, 41292, -124338, -38292, 117222, 35202, -109219, -33283, 99957, 34105, -91583, -36507, 83681, 38651, -73565, -41202, 61661, 45462, -52164, -50071, 47833, 52905, -47420, -54841, 49027, 58142, -52360, -61818, 56378, 62889, -58329, -61375, 57098, 59829, -54909, -58801, 54146, 57083, -54922, -55465, 57260, 55392, -61869, -55856, 67161, 55429, -69729, -55595, 69190, 58210, -69134, -61382, 72281, 61945, -77962, -59763, 85480, 56317, -94877, -51327, 104717, 44020, -112720, -35467, 119012, 26862, -124731, -17588, 128354, 7193, -127592, 3111, 123701, -12442, -119834, 21292, 115578, -29474, -108038, 35577, 97216, -39083, -85974, 40994, 75783, -42150, -66135, 43013, 57310, -44334, -50120, 46278, 44048, -47914, -37908, 48775, 31303, -49567, -24393, 50682, 17160, -51484, -9451, 51808, 1134, -51918, 7928, 51026, -16378, -48670, 22137, 46942, -25684, -47880, 30347, 49500, -38049, -47791, 47131, 41588, -55563, -32491, 62488, 22348, -66360, -13052, 65907, 6351, -63130, -2002, 61382, -2156, -60711, 7231, 58474, -12134, -53836, 15520, 48162, -16389, -42641, 14231, 38178, -9949, -35911, 6010, 35863, -4272, -36225, 4164, 35407, -4040, -33852, 3239, 32877, -2552, -33057, 3168, 34035, -5617, -34994, 9321, 34672, -12757, -31850, 14389, 26700, -13744, -20719, 11616, 15442, -9791, -11389, 9717, 8088, -10930, -4888, 10986, 1915, -7654, -65, 1140, 222, 6608, -2338, -13422, 5512
1747889002.806, MrmFullScanInfo, 1127, 1511006420, 403853, 0, 0, 0, 0, 10000, 39297, 32, 4, 2, 1, 480, 0, 0, 0, 0, 0, 0, 23, -75, -57, 90, 71, 24, -16, -233, -63, 404, 91, -430, -72, 337, 54, -215, -28, 110, -21, -32, 75, 23, -104, -75, 85, 164, -3, -209, -113, 181, 214, -91, -245, 19, 193, -57, -114, 284, 59, -644, 72, 906, -269, -862, 372, 557, -311, -117, 304, -460, -489, 1042, 740, -1339, -1004, 1266, 1365, -1131, -1691, 1105, 1588, -887, -965, 433, 272, -232, -8, 557, 201, -1116, -441, 1618, 339, -2004, 110, 1975, -462, -1183, 344, -33, 114, 874, -461, -794, 326, 63, 365, 560, -1316, -506, 1853, -61, -1491, 541, 767, -669, -469, 669, 874, -896, -1584, 1405, 2053, -2004, -1979, 2430, 1381, -2404, -665, 1853, 183, -1198, 51, 1047, -319, -1455, 786, 1947, -1213, -2227, 1411, 2319, -1321, -2139, 1057, 1673, -941, -958, 1181, 130, -1753, 565, 2382, -916, -2876, 793, 2973, -187, -2462, -460, 1524, 536, -473, -145, -274, 82, 393, -756, 135, 1678, -873, -2376, 1379, 2898, -1510, -3183, 1314, 2980, -885, -2212, 607, 1145, -1025, -39, 2062, -875, -3250, 1380, 4129, -1510, -4208, 1395, 3234, -956, -1889, 354, 1444, -106, -2301, 405, 3642, -805, -4440, 716, 4410, 36, -3878, -1116, 3404, 2124, -3433, -2673, 4129, 2384, -5061, -1219, 5330, -229, -4539, 1115, 3362, -1200, -3021, 1105, 4377, -1751, -7081, 3657, 9505, -6306, -9932, 8382, 8236, -8801, -5980, 7739, 4667, -6379, -4370, 5973, 4046, -6950, -2662, 8482, 233, -9188, 2184, 8354, -3523, -6498, 3748, 4521, -3522, -2829, 3361, 1560, -3320, -891, 3374, 777, -3523, -754, 3589, 408, -3305, 338, 2566, -1404, -1502, 2476, 507, -2965, -89, 2447, 492, -1216, -1431, 85, 2267, 372, -2406, -246, 1715, 172, -701, -539, 200, 905, -702, -435, 1933, -1082, -3228, 3035, 4149, -4723, -4664, 5967, 4990, -6834, -5308, 7390, 5617, -7602, -5791, 7478, 5750, -7157, -5462, 6615, 4883, -5512, -4004, 3541, 2896, -888, -1583, -1863, 505, 3148, -197, -1118, 374, -3951, -359, 9131, 302, -11555, -771, 10939, 1307, -8455, -676, 4960, -1544, -1344, 4393, -788, -6596, 142, 7685, 2641, -7871, -5257, 7601, 5645, -7272, -2793, 6587, -2904, -4940, 8864, 2630, -11643, -1077, 9997, 1094, -5905, -1703, 2370, 1291, -762, 1205, 670, -5631, -725, 10062, -105, -11974, 1826, 10662, -4020, -7706, 6586, 4998, -9368, -3158, 11855, 1968, -13482, -886, 13797, -393, -12717, 1788, 11023, -3457, -9993, 6037, 10020, -9711, -10060, 13577, 8772, -16380, -5525, 17196, 685, -15581, 4669, 11789, -9420, -6741, 13003, 1351, -15189, 3964, 15576, -8817, -13817, 12730, 10240, -15288, -5685, 15520, 2009, -13045, -1339, 10092, 3527, -9927, -5423, 12844, 3995, -15748, 594, 16114, -6085, -13770, 10348, 9981, -11619, -6651, 9243, 5556, -5088, -6702, 2483, 7932, -2848, -7216, 4566, 4583, -5611, -1419, 5165, -443, -3871, -43, 3342, 2055, -4621, -3450, 6831, 2983, -7978, -1475, 7063, 444, -4705, -648, 2218, 1464, -991, -1381, 1690, -622, -3431, 3707, 4415, -5642, -3715, 4890, 2178, -1716, -1155, -2287, 1291, 4432, -1919, -2545, 1504, -2417, 655, 6478, -3170, -6388, 3865, 2575, -1819, 2382, -2147, -6045, 6339
1747889002.902, MrmFullScanInfo, 1128, 1511006420, 403978, 0, 0, 0, 0, 10000, 39297, 32, 1, 2, 1, 480, 7176, -7310, -6449, 9525, 3752, -12046, -53, 11299, -2955, -11049, 6972, 11081, -12066, -9583, 16054, 6037, -15943, -1854, 19714, -2613, -24296, 10289, 20665, -16671, -17157, 21018, 9815, -28729, 1221, 35521, -16433, -32477, 27372, 27596, -50256, -18677, 84018, 1533, -103043, 27824, 115178, -59361, -141224, 108304, 167997, -176769, -157269, 222161, 129872, -242195, -122206, 319370, 102341, -403789, -48880, 429285, 124, -435883, 69013, 470025, -170161, -508978, 222621, 460267, -258738, -382330, 364778, 383185, -468555, -399965, 455453, 250733, -471135, -148886, 507785, 67828, -520151, 77083, 519730, -169980, -502815, 179691, 502655, -315270, -519156, 452313, 456964, -444403, -326515, 467578, 301982, -505500, -265889, 520141, 77388, -519319, -14523, 480698, -114236, -482571, 291632, 513963, -311999, -433020, 340550, 322915, -438369, -300335, 507598, 259726, -497811, -121958, 511837, 33553, -519287, 80415, 520192, -238120, -519007, 268823, 466229, -292539, -469890, 389786, 509664, -476745, -409366, 455823, 292288, -467996, -287000, 499065, 304001, -519182, -192179, 511518, 166045, -506961, -248744, 499649, 453184, -463115, -513117, 180709, 511164, 39130, -511712, -79730, 519166, 62893, -512746, 12311, 506151, -62051, -511450, 171252, 519955, -307319, -497025, 323932, 424609, -385586, -419864, 460817, 450389, -510816, -316793, 506369, 218424, -510656, -190800, 515882, 175354, -520175, -115337, 519793, 113974, -514097, -121184, 516408, 182332, -519492, -220836, 508622, 250546, -481886, -328736, 478527, 419945, -497844, -380587, 457266, 347020, -406791, -378919, 441561, 422711, -492031, -326727, 472096, 242777, -474794, -212550, 500344, 148198, -519140, -31296, 505227, -37544, -454993, 157088, 438312, -284329, -415759, 314153, 290617, -319551, -188618, 337672, 102847, -337336, -27872, 270870, -7272, -202891, 17229, 163534, -28184, -132812, 23507, 100983, -5801, -85786, -11880, 89004, 25569, -108446, -38359, 119867, 43334, -123177, -38149, 155175, 28084, -193563, -12532, 199841, -9052, -203621, 30502, 226730, -59909, -251475, 94967, 232164, -112299, -234004, 145805, 236535, -172492, -236912, 199514, 205175, -189358, -181273, 177317, 171067, -185098, -164716, 196328, 142305, -176020, -146702, 150778, 143285, -152820, -144011, 160022, 129094, -144679, -117990, 130665, 116471, -131437, -116469, 137552, 102649, -122334, -88708, 103444, 85417, -103899, -81968, 104811, 72338, -86732, -64090, 70551, 63079, -62873, -64400, 57200, 59298, -46131, -58533, 43761, 61940, -39376, -68117, 35349, 68420, -32316, -68049, 29259, 78192, -27769, -88411, 29990, 82958, -32157, -52368, 21441, 61270, -22247, -72616, 24474, 71075, -29211, -68986, 31871, 76412, -36390, -84999, 41093, 78682, -43840, -79377, 24726, 90452, -34008, -100053, 48068, 94256, -58841, -84879, 63513, 88323, -74049, -91372, 89643, 80954, -90019, -86508, 108747, 79820, -123364, -68615, 136997, 50310, -127274, -35531, 116045, 25954, -118813, -15065, 122209, 5736, -107941, -1812, 106599, -8732, -102299, 19280, 97897, -22712, -79057, 23298, 63182, -27781, -56886, 32826, 51009, -29491, -41898, 23680, 33221, -25165, -31424, 28151, 29639, -28982, -26267, 28253, 24112, -34452, -20008, 43025, 15788, -44527, -8775, 37278, -6939, -42354, 12921, 47868, -19965, -44777, 25228, 42429, -27084, -44828, 34559, 47486, -44448, -40879, 46293, 18798, -49037, -13254, 52774, 8625, -56984, -7461, 49157, 6525, -42446, -6130, 43414, 5403, -46848, -6883, 41813, 245, -31501, -846, 31678, 2869, -34632, -5061, 32143, 8142, -30851, -9322, 36005, 10278, -42383, -8363, 41765, -2510, -29642, 5766, 29867, -9179, -29781, 10040, 24871, -10522, -20848, 13360, 18257, -15933, -14885, 15947, 9493, -15449, 1689, 14850, -6388, -13034, 9291, 7713, -8766, -4009, 8432, -220, -8379, 5599, 7902, -9798, -5765
1747889002.918, MrmFullScanInfo, 1128, 1511006420, 403978, 0, 0, 0, 0, 10000, 39297, 32, 2, 2, 1, 480, 0, 0, 0, 0, 0, 0, -1775, 4541, 1381, -9860, 2107, 12208, -6885, -11075, 11266, 7943, -14581, -4105, 16731, 52, -18074, 4439, 18887, -9839, -18544, 15926, 15804, -21679, -9933, 26279, 807, -29056, 11143, 28813, -24968, -24157, 40630, 13936, -58675, 3290, 77371, -28444, -92943, 61277, 103822, -102579, -109435, 153007, 105291, -206582, -87219, 254278, 58256, -296555, -22597, 340442, -21903, -383072, 78329, 412081, -145453, -422631, 219748, 417730, -294426, -395477, 360614, 352963, -417457, -298742, 470680, 241916, -517233, -177654, 543507, 96699, -542882, 1323, 522676, -108945, -491178, 213315, 454137, -302109, -420111, 379503, 390730, -457564, -349576, 528423, 282558, -568886, -200992, 574914, 120971, -563231, -40214, 541928, -51899, -507195, 158042, 460950, -270704, -409652, 374012, 352378, -448976, -285101, 493018, 211385, -519947, -136124, 537360, 56311, -540084, 33892, 523868, -136445, -492245, 245243, 449198, -343607, -400824, 415584, 360643, -467059, -333451, 514855, 300897, -555557, -244641, 571871, 177085, -565322, -122009, 555389, 81370, -550802, -49116, 546688, 45204, -543548, -98268, 535742, 203048, -492019, -324924, 386404, 433368, -245073, -512472, 134521, 550478, -98464, -544046, 133160, 506273, -213441, -456934, 312817, 404937, -406022, -351252, 475255, 303289, -523036, -264260, 561064, 219633, -586311, -154960, 587365, 81005, -567152, -20793, 543136, -17943, -527791, 40682, 521927, -48373, -523048, 36117, 530690, -4888, -542213, -39117, 552205, 93574, -561038, -153707, 572205, 201446, -577871, -221881, 566435, 225127, -546938, -225844, 540655, 214254, -548635, -173994, 552507, 110200, -543873, -38502, 528730, -36370, -507213, 117078, 471661, -204090, -419413, 292131, 351948, -366649, -269399, 407722, 174721, -407785, -78480, 375732, -4663, -322933, 62145, 258635, -87864, -195184, 86865, 144682, -71701, -111012, 52374, 91877, -33030, -85643, 15956, 91670, -3784, -106127, -1690, 123385, 172, -141415, 8617, 160828, -25206, -178950, 48092, 191148, -73906, -197781, 101323, 201551, -130625, -201407, 160322, 195226, -187793, -184911, 212882, 172595, -234815, -156458, 247865, 136216, -247394, -116885, 237899, 102706, -228283, -92739, 220369, 85667, -210509, -82979, 199359, 84085, -191128, -83898, 185434, 79317, -178093, -72910, 168962, 68077, -161431, -63801, 155105, 57903, -146330, -51549, 135060, 46911, -124573, -43431, 115230, 39936, -104391, -37588, 91805, 37825, -80056, -39816, 70910, 41904, -64236, -43971, 59525, 46850, -56458, -50405, 54372, 54121, -52647, -58615, 51635, 64279, -52325, -67540, 53453, 64302, -51606, -57055, 46231, 52867, -41712, -54336, 42153, 57838, -46982, -60524, 53425, 62351, -59568, -63368, 63253, 64066, -62871, -66899, 61030, 72740, -63330, -77269, 71635, 75765, -82040, -69252, 91288, 61991, -99401, -56318, 107622, 51812, -116944, -46689, 127954, 38181, -138423, -24584, 142855, 8401, -138278, 5685, 128292, -15556, -118776, 22602, 111783, -28694, -105895, 34759, 99816, -41086, -92477, 46704, 82294, -49559, -69271, 49019, 55841, -46631, -44688, 43844, 36359, -40697, -30066, 37346, 25302, -34967, -21750, 34317, 18862, -35049, -15958, 36969, 12406, -40132, -7553, 43203, 832, -43935, 7555, 41934, -16656, -38985, 25341, 36521, -32543, -34538, 37905, 33109, -42432, -32091, 47530, 29104, -52655, -21425, 55506, 9852, -55284, 1448, 53414, -8830, -50953, 11564, 47998, -10903, -45266, 8944, 43805, -7814, -42696, 8344, 39879, -9385, -35426, 9262, 31801, -7547, -30655, 5125, 31592, -2940, -33976, 1822, 37408, -2939, -39887, 6719, 38649, -11708, -33502, 15644, 27257, -17525, -22401, 18027, 19031, -18228, -16139, 18732, 12867, -19246, -8466, 18884, 2616, -16953, 3921, 13411, -9319, -8857, 11947, 4209, -11680, -62, 9681, -3641, -7157
1747889002.933, MrmFullScanInfo, 1128, 1511006420, 403978, 0, 0, 0, 0, 10000, 39297, 32, 4, 2, 1, 480, 0, 0, 0, 0, 0, 0, -99, 164, 70, -271, 71, 210, -191, -68, 249, -20, -237, 32, 147, 27, -63, -99, 64, 79, -132, 87, 189, -306, -202, 425, 229, -381, -249, 211, 238, 29, -206, -224, 154, 287, -3, -272, -187, 276, 156, -215, 156, -35, -491, 287, 680, -230, -808, -114, 1008, 411, -1235, -353, 1394, -34, -1392, 475, 1099, -571, -684, 389, 526, -453, -624, 988, 638, -1840, -314, 2912, -343, -3990, 1173, 4568, -1779, -4316, 1908, 3570, -1728, -2842, 1521, 2433, -1561, -2210, 2037, 1795, -2726, -1083, 3251, 249, -3304, 480, 2765, -858, -1872, 821, 982, -595, -442, 472, 382, -653, -682, 1176, 875, -1757, -476, 1857, -276, -1398, 791, 1118, -882, -1563, 881, 2301, -913, -2755, 836, 3066, -781, -3236, 767, 2717, -442, -1571, 9, 582, -108, -90, 925, -127, -1964, 215, 2855, -202, -3359, 83, 3138, 287, -2227, -967, 1149, 1941, -499, -2748, 415, 2851, -505, -2284, 374, 1809, -163, -2039, 245, 2518, -625, -2456, 1016, 1710, -1140, -825, 851, 333, -280, -309, 27, 383, -555, -161, 1291, -308, -1205, 519, 533, -263, -339, -14, 936, -13, -1552, 77, 1674, 219, -1577, -744, 1429, 1224, -1121, -1758, 653, 2412, -542, -2657, 1001, 2073, -1630, -1234, 2253, 818, -3329, -504, 5121, -430, -6408, 1758, 5716, -2350, -3374, 1720, 1348, -734, -1083, 616, 2145, -1636, -3291, 3112, 3646, -4268, -3223, 4762, 2743, -4714, -2763, 4525, 3135, -4574, -3230, 4866, 2730, -5140, -1842, 5341, 777, -5507, 436, 5431, -1580, -4874, 2353, 3966, -2749, -3022, 2965, 2251, -3112, -1583, 3334, 779, -3772, 367, 4284, -1788, -4474, 3282, 4185, -4728, -3478, 6094, 2428, -7076, -1159, 7280, 59, -6852, 513, 6411, -890, -6065, 1773, 5211, -3344, -3580, 5105, 1634, -6346, 90, 6703, -1300, -6244, 1810, 5396, -1606, -4562, 920, 3862, 2, -3196, -1180, 2574, 2816, -2174, -4891, 2112, 7222, -2257, -9728, 2426, 12185, -2719, -12955, 3000, 10160, -2463, -4727, 904, 217, 359, 1007, 218, 220, -2585, -2017, 5302, 3428, -5904, -4964, 2824, 7844, 2091, -12112, -4520, 15592, 2133, -15731, 3068, 12223, -7680, -7226, 10025, 3390, -10620, -2304, 11107, 3737, -12933, -5481, 15834, 4815, -17436, -1156, 15569, -3098, -10685, 5291, 5357, -4698, -2827, 3322, 4510, -4208, -8073, 7998, 9146, -11598, -5850, 11284, 685, -6525, 2904, -246, -3388, 6185, 1395, -8706, 1074, 6511, -1700, -1397, -171, -2395, 2502, 2110, -2660, 1162, -6, -4864, 4309, 7150, -8718, -7310, 12303, 5395, -14762, -1812, 15976, -2762, -15743, 7573, 13928, -11929, -10746, 15474, 6574, -18044, -2399, 18443, 263, -15631, -1824, 11020, 5951, -7856, -8927, 7899, 7880, -9803, -2627, 11368, -4879, -11196, 10764, 9153, -11092, -6728, 5714, 6006, 792, -7368, -3448, 9000, 1357, -8793, 3047, 6145, -6892, -1858, 7933, -2119, -5402, 3499, 1045, -1741, 2011, -983, -2159, 2046, 552, -716, 931, -2156, -1221, 5433, -254, -7166, 3386, 5257, -6685, 41, 8187, -5443, -7487, 7674, 6120, -6471, -5714, 3776, 6734, -1702, -8219, 1828, 8750, -4677, -7720, 9128, 5901, -12831, -4761, 14082, 5154, -13240, -6768, 11779, 8379, -10725
1747889003.012, MrmFullScanInfo, 1129, 1511006420, 404103, 0, 0, 0, 0, 10000, 39297, 32, 1, 2, 1, 480, 7617, -7595, -5634, 9382, 4026, -11575, -621, 11961, -3010, -10881, 7228, 10959, -12217, -9498, 15365, 6125, -15772, -2108, 20421, -3027, -23958, 9902, 21251, -16302, -16212, 20515, 9415, -29187, 1343, 35283, -16499, -31867, 27484, 27564, -50379, -19538, 83469, 1118, -102992, 27177, 114269, -60176, -141865, 110084, 168412, -178559, -156432, 224044, 131086, -241314, -124385, 318873, 102432, -403896, -52008, 430865, 213, -437156, 70432, 469739, -171836, -508927, 223237, 458029, -255380, -386596, 363379, 386914, -468459, -400389, 453750, 256546, -471703, -149604, 509293, 66030, -520172, 78715, 519743, -170410, -504712, 175368, 504126, -312199, -519388, 451027, 460893, -443120, -325670, 466895, 299070, -506664, -268366, 520170, 74434, -519516, -14050, 481214, -112884, -484865, 288481, 513481, -308992, -436246, 336065, 323440, -436272, -302533, 508313, 260350, -497744, -120246, 513103, 32650, -519326, 79911, 520192, -233619, -519222, 268068, 466328, -286525, -469405, 385678, 509564, -479021, -403983, 454897, 291272, -470710, -291782, 498329, 308003, -518784, -197233, 511476, 171158, -505997, -250659, 499459, 454057, -466139, -512853, 181374, 510491, 38699, -511148, -82897, 518880, 62970, -512671, 10260, 505580, -57869, -511409, 167092, 519907, -307168, -496435, 323861, 423817, -387819, -420859, 460110, 452473, -509722, -322216, 505833, 221724, -510149, -195083, 515486, 179680, -520182, -114494, 519711, 110270, -514236, -123403, 516437, 184004, -519508, -222408, 509636, 249699, -483509, -323607, 479135, 418375, -500305, -374441, 457340, 340353, -409808, -374978, 443528, 424625, -492089, -326412, 471485, 247582, -473965, -215423, 500987, 154252, -519185, -35603, 506547, -42590, -454627, 159442, 438267, -284958, -419886, 316946, 295729, -321902, -197476, 344844, 106851, -346211, -31533, 281581, -6332, -210918, 20249, 173542, -31606, -142893, 27957, 111248, -10655, -95135, -6986, 96144, 19453, -113835, -30107, 125032, 35353, -124768, -30526, 155743, 20744, -193552, -5286, 198902, -15237, -200896, 34758, 223934, -64745, -247289, 98798, 229134, -116318, -225850, 147112, 228580, -172581, -229777, 198931, 199702, -189109, -176350, 173912, 166425, -181954, -159965, 192430, 140077, -172716, -141715, 147606, 140437, -149652, -142601, 157225, 128185, -143538, -118401, 128626, 117421, -131944, -118183, 138049, 104093, -124150, -89766, 105846, 86301, -108377, -85337, 111822, 74197, -95469, -65864, 79695, 64893, -76304, -66289, 72414, 61266, -57279, -55504, 43741, 55842, -40748, -60100, 39169, 57506, -34986, -56194, 29794, 61972, -29506, -70123, 29234, 67904, -30263, -51062, 21385, 54683, -21028, -61149, 20462, 57460, -20869, -56378, 19729, 65227, -21717, -78196, 25380, 76714, -32137, -74027, 23611, 84136, -29007, -96347, 36566, 94042, -45474, -90529, 52326, 97875, -65859, -103490, 84359, 90137, -90493, -84247, 101529, 80506, -117192, -76594, 132809, 61255, -126902, -47205, 119422, 36721, -125240, -25071, 130611, 10201, -116530, -6522, 107860, -5322, -103568, 13941, 102657, -18854, -85132, 19877, 71017, -25934, -65984, 32786, 61315, -32514, -48837, 29073, 36166, -31358, -31290, 34283, 25890, -33933, -20167, 32990, 17368, -37122, -13574, 43786, 8772, -43813, -4347, 40476, -8353, -45417, 14694, 49889, -21319, -44853, 27249, 42422, -30413, -43331, 38304, 43168, -48506, -38544, 49884, 16637, -50203, -12645, 53753, 9111, -57981, -7382, 50596, 5068, -44978, -4920, 45681, 3300, -47620, -3921, 42633, -6702, -25670, 4431, 26389, -1119, -29952, -1537, 29254, 4100, -28780, -6023, 33793, 6866, -40078, -5625, 38839, -2895, -17250, 5310, 18814, -8478, -19369, 9974, 16090, -10954, -14062, 12731, 12878, -16826, -10438, 16265, 7454, -6957, 8357, 4740, -11924, -1360, 14268, -2765, -12820, 4449, 10480, -6572, -9804, 7829, 10517, -8346, -8903
1747889003.028, MrmFullScanInfo, 1129, 1511006420, 404103, 0, 0, 0, 0, 10000, 39297, 32, 2, 2, 1, 480, 0, 0, 0, 0, 0, 0, -1761, 4507, 1437, -9848, 1964, 12281, -6796, -11157, 11273, 7937, -14549, -4074, 16610, 81, -17978, 4376, 18936, -9789, -18674, 15825, 15849, -21455, -9804, 25977, 545, -28751, 11396, 28526, -25111, -23944, 40643, 13904, -58599, 3100, 77217, -28156, -92727, 61181, 103613, -103033, -109195, 154198, 104920, -208172, -86891, 255609, 58417, -297257, -23578, 340785, -20308, -383680, 76872, 413146, -144992, -423627, 220538, 417878, -295576, -394886, 360876, 352931, -416610, -300380, 469625, 245099, -516864, -181341, 544056, 99720, -544057, -45, 523780, -109469, -491626, 214588, 454212, -302495, -420690, 378308, 392446, -455467, -352178, 526608, 284913, -567931, -202068, 574629, 120607, -563219, -39033, 541941, -53145, -507308, 158660, 461488, -270122, -410965, 372139, 354542, -446248, -287878, 490335, 214242, -518232, -138214, 536967, 56954, -540530, 34635, 524372, -137440, -492510, 245158, 449522, -341864, -401579, 412409, 361863, -463373, -334511, 511811, 300792, -553915, -243278, 571534, 175913, -565878, -122791, 556613, 84588, -552436, -53824, 548392, 49856, -545065, -101527, 537035, 204330, -493089, -324533, 386892, 432230, -244597, -511590, 133217, 550314, -96671, -544465, 130882, 507028, -210647, -457873, 310095, 405743, -404307, -351535, 474915, 303115, -523555, -264488, 561726, 221295, -586884, -158317, 588077, 85417, -568151, -25114, 544259, -15029, -528593, 39879, 521989, -48955, -522507, 36515, 530285, -4360, -542615, -39675, 553324, 92816, -562189, -151060, 572752, 197160, -577720, -216536, 565941, 219741, -546591, -221814, 540787, 212647, -549188, -174990, 553354, 113287, -545054, -42889, 530372, -32114, -509087, 114733, 472955, -204489, -419633, 294454, 351892, -369646, -270760, 411384, 178293, -413152, -83171, 383588, -1035, -332784, 61354, 268944, -90329, -204625, 91940, 152965, -78366, -118641, 59811, 99203, -40805, -92397, 23958, 97221, -12089, -109898, 6891, 125068, -8326, -141097, 16543, 158996, -32304, -176175, 54268, 187753, -79049, -193867, 105384, 197226, -133779, -196594, 162707, 189523, -189100, -178083, 212578, 165179, -232879, -149549, 244900, 130551, -243959, -112494, 234104, 99325, -224079, -90082, 215917, 83418, -206062, -80951, 195118, 82420, -187358, -82946, 182458, 79223, -176155, -73575, 168160, 69249, -161752, -65105, 156440, 58955, -148542, -52236, 138295, 47381, -129335, -43700, 121930, 39724, -113063, -36609, 102391, 36030, -92324, -37054, 83293, 37881, -73782, -38683, 64184, 40485, -56860, -42765, 52636, 44474, -50149, -46280, 48442, 49406, -47934, -52189, 48009, 51722, -46409, -48628, 42381, 46526, -38189, -46981, 36207, 48696, -36483, -51428, 38443, 55940, -42332, -60908, 47310, 64229, -51124, -66786, 53376, 70849, -56683, -75393, 63108, 77414, -71862, -76551, 82174, 74007, -94003, -69221, 106075, 61264, -116510, -51465, 125651, 41347, -134277, -30258, 139961, 17772, -139675, -5389, 134718, -5756, -128712, 16025, 122430, -25389, -114471, 33048, 105220, -38964, -96023, 43555, 86419, -46388, -75459, 47335, 64032, -47404, -53777, 47314, 44637, -46412, -35723, 44228, 27141, -41623, -19658, 39629, 13635, -38517, -8860, 38606, 4707, -40148, -286, 42125, -5200, -42857, 11973, 42000, -19704, -40367, 27664, 38246, -34695, -35420, 40176, 32359, -44911, -29517, 50101, 25193, -55017, -17259, 57363, 6614, -56581, 3147, 54435, -9299, -52124, 11777, 49508, -11777, -46903, 10833, 45094, -10756, -42820, 12264, 37807, -13741, -30720, 13062, 25397, -10210, -24365, 7063, 26648, -4968, -30414, 4310, 34495, -5486, -36387, 8331, 33179, -11272, -25451, 12774, 17460, -13087, -12534, 13516, 10367, -14773, -9138, 16660, 7462, -17766, -4318, 16125, -603, -10940, 6307, 3615, -10785, 3282, 12454, -7918, -11494, 9960, 9370, -10315, -7533
1747889003.044, MrmFullScanInfo, 1129, 1511006420, 404103, 0, 0, 0, 0, 10000, 39297, 32, 4, 2, 1, 480, 0, 0, 0, 0, 0, 0, -29, 37, 93, -102, -122, 155, 17, -93, 106, -39, -62, 67, -62, 26, 70, -96, 75, 82, -181, -67, 117, 100, 55, -124, -174, 140, 151, -189, -40, 217, -81, -120, 152, -71, -163, 181, 142, -4, -141, -498, 292, 1120, -551, -1420, 578, 1203, -134, -742, -613, 544, 1151, -823, -959, 1147, -22, -896, 1136, 2, -1308, 668, 354, -134, 687, -1319, -842, 2532, 251, -2615, 411, 1520, -694, 365, 375, -2150, 318, 2606, -603, -1463, 21, -228, 1080, 1186, -1765, -1072, 1261, 522, 185, -201, -1593, 213, 2169, -312, -1892, 177, 941, 347, 459, -1175, -1790, 1966, 2556, -2390, -2453, 2261, 1640, -1463, -588, 196, -83, 1096, 136, -1540, 80, 761, -13, 726, -474, -2041, 978, 2484, -824, -2046, -222, 1094, 1317, -170, -1153, -551, -499, 1170, 2549, -1580, -3701, 1673, 3454, -1526, -2145, 1428, 504, -1452, 784, 1263, -1322, -642, 1070, -143, -390, 895, -274, -1616, 735, 2072, -910, -1825, 627, 854, 69, 218, -590, -739, 69, 729, 1633, -692, -3488, 918, 4377, -1142, -4005, 1073, 2616, -650, -727, -8, -636, 523, 720, -404, -15, -389, -19, 1245, -1213, -1485, 3040, 1038, -4572, -492, 5449, 349, -5412, -556, 4164, 820, -1903, -976, -501, 1190, 2161, -1458, -2719, 1573, 2068, -1292, -488, 524, -1197, 185, 2192, 95, -2736, -1699, 3923, 3557, -6222, -4059, 8956, 2481, -10842, 583, 11171, -3802, -10416, 6299, 9555, -7904, -9082, 8857, 8668, -9416, -7766, 9844, 6134, -10319, -3858, 10651, 1302, -10399, 1021, 9484, -2704, -8284, 3745, 7069, -4446, -5797, 5094, 4431, -5734, -3102, 6476, 1784, -7462, -85, 8452, -2161, -8705, 4405, 7728, -5868, -5956, 6436, 4259, -6637, -3048, 6898, 2180, -7015, -1376, 6607, 450, -5614, 701, 4220, -1978, -2634, 3035, 1052, -3672, 332, 3906, -1424, -3747, 2210, 3211, -2741, -2533, 3301, 1991, -4166, -1517, 5232, 856, -6152, 38, 6862, -985, -7295, 1952, 6920, -3030, -5324, 4318, 3059, -5904, -1094, 7727, -343, -9604, 1728, 11439, -3482, -12984, 5659, 13320, -7649, -11849, 8599, 9727, -8693, -8741, 9409, 8973, -11744, -8786, 15057, 6872, -17943, -3084, 19179, -1365, -17853, 4417, 14305, -4926, -10669, 4189, 9086, -4737, -9334, 7602, 9258, -11618, -7326, 14654, 3798, -14901, -363, 12213, -1265, -8775, 1056, 7326, -799, -8339, 2108, 9892, -4692, -10109, 7166, 8559, -8350, -6017, 7996, 3617, -6709, -2154, 5549, 1642, -5239, -1480, 5695, 1168, -6305, -558, 6529, -216, -6113, 1014, 4833, -1531, -2649, 1327, 55, -204, 2130, -1437, -3289, 2877, 3235, -3643, -2142, 3676, 380, -3040, 1232, 2034, -1764, -1426, 1206, 1869, -649, -2928, 1022, 3447, -1968, -2841, 2649, 1357, -2605, -25, 1950, -14, -1344, -1241, 1517, 2413, -2359, -2252, 2947, 1018, -2534, 285, 1228, -963, 356, 357, -972, 1729, -655, -4026, 4179, 4700, -7197, -3509, 7592, 2029, -5609, -1512, 2874, 1956, -714, -2733, 519, 3078, -3329, -2202, 8198, 126, -12211, 1876, 13134, -2431, -11337, 1284, 8518, 829, -6096, -2191, 4934, 988, -5126, 3059, 5937, -7890, -6342, 10695, 5869, -10251, -5028, 7147, 4650, -2895, -5244
1747889003.156, MrmFullScanInfo, 1130, 1511006420, 404228, 0, 0, 0, 0, 10000, 39297, 32, 1, 2, 1, 480, 6913, -7276, -5289, 9442, 3570, -11229, -348, 11738, -3380, -10191, 7205, 10690, -11989, -9867, 15804, 5623, -15632, -1843, 20440, -2884, -23234, 10462, 20785, -16366, -16210, 21281, 9449, -28688, 1339, 34685, -17345, -31969, 28072, 27477, -50586, -19352, 84632, 380, -102595, 28176, 114851, -61276, -141143, 109614, 166384, -178995, -155548, 224858, 129514, -242889, -120288, 318691, 98012, -402705, -43851, 428138, -6110, -434423, 72406, 468768, -177450, -506943, 230707, 455112, -262355, -381091, 368692, 381165, -471800, -390967, 459416, 248977, -474860, -145434, 509036, 64830, -520166, 84999, 519856, -178700, -503320, 180962, 501930, -315751, -519340, 454408, 456312, -448194, -324232, 468191, 302354, -506199, -263306, 520137, 71113, -519241, -10596, 480152, -120003, -482495, 300437, 513513, -316915, -429658, 341073, 321226, -439895, -299939, 507693, 261349, -499087, -119280, 512231, 32368, -519358, 84652, 520192, -245141, -518416, 273394, 464645, -291453, -468440, 389912, 509566, -477105, -405243, 456910, 290982, -469583, -286100, 499381, 298705, -519405, -186175, 511900, 167531, -505708, -252827, 499100, 456089, -465985, -512184, 189809, 510340, 27568, -512686, -67201, 519315, 47321, -513372, 23681, 505621, -67791, -510999, 174765, 519945, -307692, -494997, 326921, 421747, -389340, -417086, 463256, 445979, -512309, -308449, 508333, 213836, -510780, -190958, 516284, 177104, -520161, -110545, 519861, 108052, -514043, -112962, 516667, 171203, -519817, -212765, 509334, 247200, -483660, -326941, 480627, 419180, -498902, -375745, 457641, 340545, -410808, -374801, 445589, 419419, -494116, -322216, 474102, 240486, -477871, -208919, 501833, 150524, -519270, -26365, 505588, -50044, -452155, 168908, 437559, -297440, -415027, 325286, 290330, -331736, -187291, 351134, 98797, -348630, -26811, 284246, -13401, -213363, 26667, 174399, -38007, -142128, 35798, 109204, -16807, -90829, -1135, 92631, 14435, -108780, -26875, 120443, 31517, -121967, -27523, 151946, 17804, -188913, -1322, 195431, -18709, -196976, 38319, 220532, -68095, -242622, 98954, 224435, -117563, -220864, 148103, 222525, -172867, -220955, 199139, 192228, -189138, -168681, 174356, 161044, -181803, -156693, 189591, 135744, -171352, -135148, 142699, 133398, -144735, -134336, 151311, 122080, -140135, -111268, 126646, 112362, -131243, -113668, 138438, 99791, -125713, -85627, 108993, 84178, -111494, -81254, 115404, 71564, -99870, -63203, 83423, 60703, -80228, -60924, 78364, 55491, -62836, -45166, 34509, 47732, -33311, -52238, 31870, 51485, -30521, -50946, 26873, 55031, -26130, -61595, 26289, 57838, -25949, -59859, 14746, 62310, -16494, -67484, 17914, 60367, -20016, -56971, 18744, 64296, -19307, -78643, 21355, 76803, -25441, -82600, 26928, 91145, -31043, -101690, 39422, 97150, -48482, -92873, 54663, 100290, -67937, -108160, 88312, 96632, -92412, -93786, 111440, 89636, -126868, -82852, 143825, 63206, -135681, -46929, 125912, 35164, -130096, -22466, 134273, 9962, -120269, -5299, 120762, -8242, -117091, 21174, 114571, -26421, -93008, 26730, 74843, -31556, -67037, 35627, 60738, -32988, -49373, 27253, 39088, -29345, -35251, 35099, 31095, -35921, -22496, 35477, 15653, -39305, -9401, 44928, 3352, -42960, 3330, 43264, -10343, -48430, 17349, 54557, -27457, -47737, 35025, 42821, -38985, -40498, 47969, 36846, -57112, -29557, 55259, 13270, -58465, -7325, 63041, 1794, -66506, 1610, 56508, -6232, -47958, 8079, 46507, -7529, -45175, 7880, 38852, -14859, -24196, 14364, 21500, -11956, -20097, 8661, 17507, -5039, -16221, 4244, 17599, -4876, -18944, 5550, 18355, -2622, -15992, 3280, 15017, -3012, -14222, 4354, 9895, -5542, -6560, 6548, 2540, -7362, 2456, 5775, -4668, -3487, 5109, -1201, -8369, 6597, 11279, -11670, -11694, 14932, 12145, -21314, -12265, 28529, 10067, -27286, -5701
1747889003.171, MrmFullScanInfo, 1130, 1511006420, 404228, 0, 0, 0, 0, 10000, 39297, 32, 2, 2, 1, 480, 0, 0, 0, 0, 0, 0, -1598, 4382, 1139, -9531, 2257, 11802, -6933, -10679, 11237, 7626, -14462, -3935, 16582, -14, -17951, 4509, 18756, -9922, -18300, 15948, 15400, -21586, -9456, 26058, 346, -28683, 11551, 28279, -25348, -23602, 41029, 13511, -59068, 3616, 77612, -28881, -92854, 62008, 103273, -103653, -108336, 154389, 103663, -208103, -85268, 255571, 56130, -297075, -20124, 339738, -25095, -381074, 82278, 409138, -149883, -419261, 224600, 414021, -299678, -391185, 365735, 348277, -421646, -294020, 473693, 237126, -519389, -172647, 545149, 91811, -544097, 5873, 523200, -113768, -490631, 218802, 452478, -307447, -417947, 383336, 388985, -459692, -348541, 529804, 281748, -570187, -199849, 575970, 119128, -563575, -37382, 541264, -55804, -505565, 162892, 458686, -276331, -406902, 379750, 349147, -453481, -281834, 495338, 209055, -520521, -135218, 537404, 56178, -540302, 34492, 524084, -138516, -491850, 249023, 447719, -348199, -398343, 419234, 358000, -468608, -331462, 514705, 299530, -554940, -243301, 571604, 175218, -565430, -119182, 555342, 77688, -550084, -45931, 545484, 44320, -542886, -99901, 537035, 205239, -496328, -325336, 393913, 431140, -255301, -508332, 146612, 545577, -110967, -539277, 144039, 502389, -220977, -454421, 316795, 403564, -407729, -350038, 476318, 301126, -524251, -260429, 562164, 214113, -586652, -148813, 586781, 76164, -566257, -18362, 542707, -19044, -527835, 42776, 521610, -53132, -521564, 43588, 527960, -13628, -539038, -31257, 549905, 88113, -560557, -150460, 573300, 198830, -579452, -218366, 567707, 220353, -547916, -220450, 541641, 209056, -549744, -169424, 553738, 106561, -545134, -35894, 529786, -38921, -507410, 121527, 470007, -211817, -415400, 302610, 346287, -378316, -263464, 419513, 169190, -419377, -73112, 387110, -10494, -333943, 69172, 268884, -96794, -204103, 98011, 151804, -84586, -116193, 65987, 95146, -46324, -87048, 28303, 91272, -15185, -104073, 9062, 119840, -10086, -136481, 18325, 154601, -34268, -171623, 56385, 183001, -81225, -189033, 107333, 192358, -135047, -191722, 163000, 184629, -188528, -172861, 211403, 159152, -231150, -142583, 242653, 123154, -241454, -105602, 231607, 93704, -221636, -85761, 213201, 79606, -202420, -76712, 189910, 77503, -180604, -77741, 175175, 74154, -169752, -68766, 163605, 64611, -159223, -60546, 155639, 54482, -149075, -47911, 139826, 43205, -131570, -39614, 124603, 35613, -115943, -32234, 105339, 30989, -95341, -30786, 85511, 30185, -73030, -30475, 58770, 33479, -47732, -37962, 42858, 41194, -42181, -42830, 42695, 44316, -43147, -46205, 42847, 48142, -40989, -50519, 38160, 53452, -36324, -55199, 36312, 54567, -36946, -53773, 37664, 56007, -39568, -61234, 43450, 67039, -48550, -72363, 54194, 77314, -60812, -80425, 68504, 80193, -76566, -77958, 85637, 75649, -96967, -72416, 110007, 66418, -122926, -57726, 135264, 46815, -146216, -33073, 151939, 17339, -149453, -2556, 141299, -9427, -132617, 19251, 125570, -28003, -119381, 36408, 113323, -45008, -106213, 52850, 95780, -57330, -81568, 57225, 66350, -54157, -53518, 50303, 43847, -46386, -36223, 42885, 29736, -40896, -23751, 40750, 17501, -41323, -10588, 41732, 3308, -41988, 3920, 41993, -10883, -41508, 17580, 41135, -24565, -41214, 32492, 40326, -40726, -36809, 47757, 31004, -53201, -24384, 57657, 16958, -60867, -7961, 61950, -2043, -61333, 11246, 60033, -18199, -57531, 22432, 52875, -23877, -46951, 23162, 41758, -21966, -37183, 21693, 31329, -21819, -23939, 20700, 17349, -17715, -13725, 13909, 13053, -10784, -14082, 9335, 15465, -9364, -16172, 9737, 15821, -9483, -14742, 8657, 13309, -7948, -11366, 7726, 8512, -7777, -4670, 7539, 351, -6457, 3492, 4239, -5999, -879, 7116, -3489, -7400, 8564, 7260, -13852, -6716, 19138, 5563, -24157, -3438
1747889003.186, MrmFullScanInfo, 1130, 1511006420, 404228, 0, 0, 0, 0, 10000, 39297, 32, 4, 2, 1, 480, 0, 0, 0, 0, 0, 0, 158, -119, -267, 293, 240, -431, -119, 451, -5, -332, 72, 174, -57, -97, 56, 108, -152, -111, 311, 94, -416, -72, 386, 6, -285, 145, 232, -330, -265, 420, 361, -419, -412, 464, 326, -631, -54, 803, -408, -794, 965, 626, -1438, -500, 1802, 447, -2283, -103, 3141, -847, -4238, 2278, 4916, -3516, -4789, 3948, 4421, -3794, -4552, 3922, 4946, -4670, -4717, 5782, 3697, -6864, -2410, 7466, 1275, -7023, -384, 5730, -317, -4827, 990, 4973, -1848, -5321, 2643, 4784, -2930, -3639, 2816, 2683, -2502, -1986, 2090, 1232, -1890, -285, 2314, -751, -3274, 1755, 4539, -2614, -5992, 3553, 6853, -4549, -6130, 4979, 3919, -4118, -1558, 2224, 191, -539, 156, 171, -178, -1561, 636, 3996, -1743, -5827, 2975, 5754, -3389, -3966, 2629, 1831, -1281, -419, 472, -88, -1129, 266, 3331, -804, -5720, 1696, 6176, -2204, -3873, 1546, 502, 548, 1306, -3734, -596, 7378, -1573, -10773, 3661, 13143, -4866, -13756, 5048, 12333, -4309, -9290, 3035, 5715, -1845, -2823, 1419, 1293, -2124, -880, 4018, 682, -6492, -25, 8067, -933, -7393, 1417, 4962, -1064, -2774, 424, 2477, -334, -4348, 1139, 7244, -2478, -9088, 3400, 8185, -2910, -4963, 1067, 1613, 882, 5, -1795, 234, 1719, -1462, -1341, 2922, 1017, -4210, -851, 5204, 814, -5674, -645, 5659, 69, -5669, 1072, 6294, -2612, -7575, 4192, 8864, -5471, -9596, 6505, 9492, -7519, -8472, 8228, 6847, -8230, -5242, 7789, 4163, -7684, -3404, 8239, 2435, -8986, -993, 9307, -732, -8884, 2335, 7901, -3531, -6856, 4246, 6084, -4592, -5609, 4851, 5315, -5263, -5068, 5814, 4790, -6286, -4400, 6630, 3708, -6916, -2596, 7210, 1195, -7623, 269, 8354, -1710, -9282, 3098, 9880, -4143, -9682, 4605, 8592, -4699, -6905, 4789, 5302, -5148, -4520, 5973, 4655, -7229, -4966, 8310, 4814, -8280, -4277, 6816, 3740, -4429, -3423, 1954, 3344, 120, -3398, -1716, 3438, 3010, -3425, -4162, 3464, 5153, -3721, -5865, 4336, 6367, -5386, -6771, 7041, 5894, -8979, -2132, 10046, -3764, -9413, 8538, 7826, -9817, -7016, 8444, 8007, -6763, -10425, 6547, 11552, -7631, -8469, 8171, 1912, -6847, 3693, 4594, -4828, -3472, 2290, 4530, 788, -7154, -1801, 9889, -93, -10627, 3739, 7959, -6661, -3059, 7161, -889, -5869, 1921, 4820, -1040, -5274, 398, 7016, -1256, -8854, 3603, 9714, -6663, -9292, 9586, 7867, -11648, -5783, 12270, 3436, -11405, -1338, 9611, -62, -7773, 727, 7019, -1213, -8126, 2594, 10525, -5394, -12258, 8606, 11662, -10414, -8897, 9817, 5447, -7291, -2833, 4133, 1753, -1538, -1978, 267, 2730, -474, -2991, 1609, 1945, -2549, 460, 2297, -3350, -667, 5566, -1345, -6374, 2254, 5916, -1338, -5177, -509, 5257, 1472, -6341, -416, 7567, -2502, -7968, 6203, 7089, -9123, -5424, 10127, 4290, -9602, -4485, 9124, 5210, -9753, -4898, 11173, 2924, -12326, 154, 12427, -3255, -11528, 5582, 10408, -7136, -9762, 8712, 9483, -11015, -8897, 13713, 7717, -15952, -6517, 17745, 5879, -19741, -4934, 20932, 2405, -19083, 1354, 14079, -4631, -8811, 6437, 6060, -7230, -6086, 7930, 7727, -9238, -9530, 10955, 9762, -12072, -7230, 11863, 2645, -10779, 1675, 10018, -3788, -10477, 3662, 12520, -2729, -15532, 2677
1747889003.207, MrmDetectionListInfo, 1130, 9, 61, 4067, 62, 4290, 64, 4268, 69, 4636, 70, 4862, 71, 5004, 72, 5047, 73, 5011, 74, 4917
1747889003.267, MrmFullScanInfo, 1131, 1511006420, 404353, 0, 0, 0, 0, 10000, 39297, 32, 1, 2, 1, 480, 7343, -7826, -6526, 9643, 4153, -11200, -389, 11474, -3197, -10919, 7628, 10349, -11848, -10112, 15715, 5876, -15731, -2549, 19465, -2183, -22921, 10565, 20447, -16424, -16062, 20296, 9641, -28960, 1086, 34665, -17199, -32134, 27073, 27243, -50166, -18187, 85013, 473, -102886, 27669, 115153, -61326, -141878, 109372, 167276, -176893, -157348, 224684, 129865, -241971, -121616, 319085, 101971, -404521, -51132, 429795, 213, -437567, 70195, 471043, -169480, -508384, 224898, 458823, -257679, -383611, 364737, 383224, -467574, -399710, 453602, 258127, -473075, -151924, 508414, 65020, -520141, 75763, 519743, -173390, -502585, 177988, 501968, -314942, -519193, 450723, 460697, -444193, -330698, 467442, 301919, -506211, -267871, 520176, 72631, -519415, -10932, 481204, -112739, -482619, 293378, 512975, -311071, -435339, 336881, 324770, -437150, -299881, 507865, 256869, -498477, -122773, 512582, 30924, -519075, 78701, 520192, -237379, -518888, 268032, 466437, -286978, -468814, 389003, 508768, -477262, -407111, 456094, 289522, -468729, -288601, 499108, 301609, -518856, -193832, 511335, 169690, -505790, -247583, 499870, 450229, -464480, -512061, 183297, 510716, 32777, -511980, -80318, 518900, 57002, -513180, 11476, 506168, -60759, -511238, 171832, 519796, -308905, -496871, 323750, 422907, -387592, -419131, 459774, 447719, -510472, -316322, 506765, 219768, -510059, -189898, 515905, 173898, -520111, -115848, 519819, 109818, -514464, -126181, 516208, 184390, -519142, -231366, 507573, 257631, -478647, -334539, 475005, 426016, -496528, -385213, 453357, 348423, -402786, -378712, 440232, 425725, -492061, -329732, 470686, 244894, -474745, -214866, 500981, 148284, -519347, -30615, 506499, -41003, -454983, 165663, 437320, -292444, -418672, 319845, 296077, -325871, -191442, 344671, 103423, -346215, -25283, 278853, -10755, -208417, 24516, 167939, -36900, -136802, 32540, 105387, -13523, -86708, -3132, 89419, 17263, -106020, -28854, 118270, 33487, -119014, -29261, 149980, 17875, -186454, -1525, 193304, -17478, -194522, 37917, 217126, -67151, -239395, 100565, 220768, -117465, -217503, 144093, 216252, -169314, -214896, 192117, 186252, -181586, -162297, 165755, 154251, -170203, -146922, 178800, 128140, -159153, -143287, 134501, 139729, -135765, -143958, 139682, 129556, -126289, -119062, 110938, 119647, -113391, -117473, 116873, 102532, -102572, -85571, 84624, 81641, -84382, -76531, 83315, 63899, -69188, -54515, 54196, 49996, -49830, -47915, 44363, 43547, -35611, -85679, 24681, 90121, -17650, -98170, 10512, 90564, -8800, -83624, 6859, 87087, -6032, -92108, 5531, 80783, -7398, -109409, 51636, 113158, -49909, -121957, 49091, 109086, -45353, -98270, 38295, 102266, -36242, -110472, 33748, 100794, -32739, -80970, 48969, 89325, -48979, -101244, 53697, 98854, -56869, -96482, 58426, 105720, -71232, -115736, 89663, 104912, -93841, -99466, 110412, 100587, -122787, -100033, 139168, 82218, -134435, -65753, 128235, 51457, -137592, -36655, 146101, 18615, -132059, -26204, 129158, 17256, -126633, -6451, 126447, -5419, -108767, 13025, 90928, -25360, -82672, 37071, 74529, -38997, -56427, 37459, 42382, -41708, -34191, 46908, 27214, -45159, -20536, 41533, 15793, -45520, -10694, 50731, 5266, -48044, 1031, 47012, -10532, -50922, 20135, 54998, -31500, -47977, 38999, 41651, -41137, -39131, 49938, 35729, -60017, -28186, 56766, 17880, -56205, -10000, 61407, 2838, -65368, 2807, 55173, -7254, -45699, 9071, 42962, -9811, -39666, 9342, 31229, -10091, -23811, 10841, 21383, -10059, -20409, 5985, 18145, -2664, -16596, 352, 18203, 2912, -20055, -4213, 18931, 902, -16320, -658, 15973, -236, -16225, 1839, 13882, -2553, -10715, 4086, 8180, -3513, -6361, 2199, 2868, -4239, 2886, -370, -4584, 5698, 6207, -10563, -4543, 15012, 2099, -21379, -62, 26002, -2473, -26467, 4114
1747889003.296, MrmFullScanInfo, 1131, 1511006420, 404353, 0, 0, 0, 0, 10000, 39297, 32, 2, 2, 1, 480, 0, 0, 0, 0, 0, 0, -1862, 4515, 1585, -9784, 1900, 12063, -6829, -10848, 11332, 7690, -14599, -4005, 16620, 248, -17843, 3997, 18530, -9314, -18027, 15426, 15174, -21204, -9370, 25811, 444, -28609, 11292, 28386, -24959, -23734, 40562, 13483, -58652, 3825, 77413, -29115, -92978, 62131, 103736, -103579, -109161, 154068, 104852, -207600, -86691, 255120, 57716, -297062, -22264, 340661, -21763, -383430, 77866, 412921, -145190, -423743, 220098, 418453, -295193, -395407, 361232, 352428, -417537, -298400, 470174, 242497, -516600, -179732, 543579, 99818, -544099, -1293, 524354, -108138, -492136, 214075, 453909, -303192, -419167, 379848, 390137, -456984, -350416, 527702, 284982, -568895, -204001, 575793, 123011, -564305, -40179, 542344, -53812, -506649, 160547, 459872, -272434, -408845, 374371, 352555, -448118, -286474, 491597, 213192, -518786, -137130, 536849, 55902, -540014, 35232, 523871, -137669, -492192, 245582, 449251, -342708, -401157, 413562, 361210, -464514, -333873, 512726, 300524, -554423, -243282, 571534, 175263, -565316, -120535, 555411, 80938, -550775, -49919, 546734, 46539, -543760, -98837, 536105, 202197, -492873, -323097, 388135, 431345, -247702, -510768, 137525, 549291, -100975, -543402, 134514, 506159, -213681, -457167, 312712, 405046, -406201, -350787, 475694, 302090, -523282, -262586, 560791, 218141, -585651, -154201, 586794, 80893, -566912, -20775, 543084, -18417, -527685, 41499, 521689, -48726, -522895, 34730, 531036, -802, -543240, -45648, 553496, 101351, -561879, -161360, 572151, 208070, -576824, -226898, 564461, 228474, -544506, -228151, 538658, 216339, -547726, -176237, 552698, 112370, -544746, -40072, 529799, -35967, -508007, 118499, 471660, -207887, -418298, 298144, 350252, -373931, -268378, 415374, 174980, -415590, -79018, 383709, -5608, -330611, 65725, 265040, -94138, -199483, 95136, 146855, -81008, -111674, 61847, 91578, -42127, -84395, 24514, 89197, -11944, -102262, 6264, 118098, -7662, -134709, 16344, 152740, -32767, -169634, 55178, 180842, -80003, -186663, 106035, 189689, -133866, -188674, 161813, 181146, -186631, -168961, 207845, 155017, -225397, -138534, 234819, 119458, -231919, -102089, 220653, 89979, -209354, -82651, 200288, 79451, -190657, -81427, 180877, 86624, -173919, -89133, 168594, 86144, -161013, -80623, 151558, 76044, -143677, -71202, 136869, 63928, -127488, -55757, 115500, 49240, -104257, -43975, 94519, 38534, -84129, -33635, 72709, 30750, -62228, -32344, 54309, 41316, -49590, -57290, 47743, 74269, -46869, -84819, 44605, 86994, -40195, -84494, 35200, 81835, -31919, -81745, 34170, 84891, -45397, -89760, 63580, 93003, -80118, -91929, 86733, 87742, -82756, -84511, 73715, 85077, -66182, -86570, 63521, 84118, -65077, -77994, 68985, 73132, -74144, -72252, 79699, 73911, -85300, -76672, 92296, 79407, -102319, -79333, 114490, 74471, -126253, -66541, 137030, 57897, -147011, -47897, 153584, 35237, -153941, -20830, 149670, 6102, -144516, 7671, 139530, -18190, -134044, 24144, 128719, -27923, -123520, 33073, 115581, -39924, -102616, 46711, 86115, -52158, -69474, 55617, 54360, -56376, -40795, 54832, 28913, -52656, -19058, 50813, 11247, -49082, -5221, 47726, 278, -47378, 4687, 47526, -10479, -46967, 17346, 45605, -25513, -43759, 34910, 40600, -44052, -35244, 51007, 28539, -55727, -21906, 59485, 15227, -62216, -7683, 62803, -564, -61600, 8701, 59734, -15994, -56623, 21483, 51129, -24124, -44081, 23938, 37501, -22184, -31952, 20186, 26702, -18424, -21658, 16671, 17712, -14482, -15509, 11691, 14973, -8555, -15761, 5645, 17395, -3694, -18860, 3158, 19026, -3717, -17742, 4616, 15854, -5403, -13968, 6084, 11929, -6546, -9517, 6458, 6911, -5744, -4174, 4458, 1168, -2236, 1788, -1464, -3605, 6446, 3297, -11717, -845, 16493, -2980, -20372, 7125
1747889003.299, MrmFullScanInfo, 1131, 1511006420, 404353, 0, 0, 0, 0, 10000, 39297, 32, 4, 2, 1, 480, 0, 0, 0, 0, 0, 0, -196, 80, 333, -124, -253, 77, 58, 14, 81, -60, -98, -11, 15, 228, 129, -464, -292, 560, 409, -482, -400, 352, 238, -244, -6, 131, -171, -20, 280, 26, -310, -187, 236, 396, -56, -493, -152, 444, 306, -218, -456, -125, 649, 372, -740, -332, 687, 16, -856, 538, 1576, -1374, -2395, 2285, 2783, -2835, -2797, 2904, 2729, -2681, -2532, 2286, 2179, -1999, -1997, 2501, 1816, -3975, -1076, 5145, -134, -4936, 1032, 3858, -1150, -2914, 745, 2235, -179, -1596, -59, 1228, -680, -1004, 2203, 485, -3371, 331, 3255, -870, -2017, 811, 804, -397, -589, 119, 1472, -448, -2521, 1467, 2742, -2499, -2007, 2348, 991, -921, -419, -522, 335, 757, -277, 317, -103, -1903, 843, 3131, -1594, -3258, 1787, 2369, -1296, -1125, 479, 271, 146, -75, -349, 238, 13, -316, 812, 87, -1300, 257, 470, -153, 1389, -799, -2549, 2053, 1956, -2920, -344, 3365, -1043, -3858, 1802, 4452, -2091, -4489, 1990, 3444, -1457, -1675, 691, 331, -177, -95, 150, 639, -555, -1131, 1321, 1037, -1921, -434, 1469, 3, -143, -131, -686, 373, -197, -66, 2677, -899, -5988, 2105, 9172, -2810, -11078, 2336, 11281, -784, -10395, -874, 9480, 1950, -8728, -2589, 7828, 2914, -6751, -2627, 5686, 1741, -4685, -801, 3427, 238, -1818, -56, 657, -112, -543, 604, 959, -1226, -971, 1717, 617, -2131, -520, 2506, 760, -2350, -1205, 1466, 1883, -398, -2837, -175, 3885, 61, -4584, 423, 4735, -925, -4457, 1212, 4117, -1250, -3898, 1172, 3764, -1070, -3664, 871, 3650, -474, -3801, 6, 4087, 258, -4398, -161, 4695, -111, -5048, 358, 5479, -830, -6010, 1995, 6672, -4058, -7287, 6638, 7526, -9029, -7220, 10881, 6708, -12331, -6311, 13680, 5104, -14444, -1904, 13664, -2816, -11539, 6988, 9764, -9214, -9791, 9954, 11495, -9999, -13949, 9695, 16525, -8962, -18956, 7762, 21152, -6184, -23389, 4412, 25943, -2752, -28344, 1255, 29795, 446, -30392, -2434, 30680, 1225, -29075, 7651, 22786, -23002, -12726, 37351, 4473, -44171, -2337, 43523, 5423, -39050, -10113, 33996, 13581, -31611, -11285, 34059, -1719, -39154, 23347, 41687, -42695, -39280, 49868, 34609, -44944, -30765, 34241, 28456, -23784, -25219, 16933, 18219, -14322, -7850, 14353, -1785, -14318, 6347, 12501, -5005, -9597, -6, 7133, 5617, -5997, -9484, 5901, 11060, -5849, -11796, 5381, 13586, -5155, -16516, 6146, 18662, -8537, -18248, 11646, 15041, -14453, -10947, 16281, 9098, -17484, -11090, 19178, 14879, -21736, -16373, 23958, 13346, -24109, -6726, 21511, -778, -16760, 6857, 11025, -10550, -5336, 12098, 399, -12134, 3266, 11043, -5229, -9227, 5386, 7408, -4359, -6127, 3176, 5372, -2472, -4811, 2451, 4130, -3197, -3021, 4581, 1279, -5953, 921, 6509, -3080, -6089, 4788, 5108, -5415, -3924, 4414, 2873, -2307, -2297, 865, 2042, -1401, -1371, 3335, -248, -5173, 2687, 5896, -5462, -4996, 7474, 2657, -7424, -271, 5463, -593, -3496, -34, 3101, 714, -4012, -299, 5210, -1431, -5973, 3864, 5748, -5854, -4285, 6525, 2089, -5974, -94, 5045, -1147, -4408, 1809, 4374, -2358, -4936, 3175, 5385, -4126, -4810, 4687, 3269, -4765, -1795, 5002, 1208, -5989, -1450, 7801, 2028, -10096, -2418, 12165
1747889003.410, MrmFullScanInfo, 1132, 1511006420, 404478, 0, 0, 0, 0, 10000, 39297, 32, 1, 2, 1, 480, 6816, -7437, -5550, 9684, 3774, -11485, -397, 11306, -2620, -10902, 7710, 10447, -11938, -10277, 15576, 5829, -15748, -2104, 20587, -2904, -23353, 10303, 20725, -16476, -16448, 20727, 9213, -29519, 1261, 34645, -17730, -31927, 27690, 26996, -50171, -19097, 85157, 82, -103318, 27465, 115389, -60486, -142720, 108806, 167095, -178410, -156114, 224455, 128991, -242468, -121513, 319418, 99326, -404586, -49344, 430119, -1970, -436634, 70440, 470140, -175806, -507075, 228022, 457392, -260765, -382623, 368404, 383250, -470367, -396142, 455860, 254847, -473642, -149586, 509082, 64159, -520161, 82787, 519869, -176987, -503623, 181695, 502941, -318132, -519106, 454565, 458583, -445024, -329236, 469337, 302120, -506659, -258984, 520126, 70197, -519496, -5842, 479120, -118709, -482627, 301701, 512757, -316610, -430897, 345066, 321167, -439767, -296928, 509221, 254855, -498916, -113908, 513007, 25576, -519085, 84960, 520192, -249969, -518491, 275939, 464923, -295151, -467990, 390854, 508128, -480026, -401280, 457177, 286170, -472982, -283115, 499315, 288678, -519281, -184873, 512340, 161017, -508533, -243867, 500969, 446715, -470893, -511293, 196418, 509540, 23200, -512302, -70782, 519047, 47132, -513934, 19625, 506233, -68823, -510908, 175615, 519718, -312903, -494763, 326771, 421173, -393201, -416625, 461364, 443639, -511154, -310617, 508085, 215341, -511801, -189431, 515968, 174490, -520120, -112855, 519735, 112177, -514299, -131810, 515037, 197014, -518999, -248614, 503125, 275994, -472239, -352878, 469532, 444776, -492981, -396124, 447413, 355449, -398009, -389630, 436420, 436879, -490195, -335838, 469334, 251805, -472353, -224141, 499638, 154764, -519244, -36872, 506991, -38555, -455341, 154393, 441372, -277565, -422434, 307790, 297253, -307220, -195097, 323023, 108253, -321166, -29868, 256100, -4675, -185543, 16799, 145466, -24378, -116011, 19780, 84313, -2876, -69209, -14360, 73886, 27077, -93811, -36926, 109166, 39266, -112864, -32196, 145491, 21494, -182567, -3042, 188892, -18433, -190400, 38506, 212758, -69992, -232683, 107353, 213770, -122354, -209707, 147851, 209221, -172300, -206506, 194473, 176854, -181798, -153915, 164104, 142922, -166812, -135095, 172953, 117943, -151811, -132637, 134836, 133116, -134715, -138694, 139612, 126159, -125682, -117012, 110585, 120717, -111427, -122407, 117202, 109189, -103446, -93986, 84092, 92229, -83088, -89728, 80796, 75902, -65785, -65247, 50397, 61920, -42050, -59924, 32624, 51696, -24157, -91607, 41250, 100482, -35927, -112757, 29281, 106066, -26078, -101062, 20616, 108479, -16622, -119448, 13188, 108260, -14169, -97031, 61451, 102547, -63211, -113883, 65362, 103224, -58203, -96608, 51369, 102796, -48818, -115488, 47964, 107876, -46978, -74697, 53074, 86039, -54545, -99636, 59925, 99920, -60005, -98147, 59391, 108583, -68308, -120798, 84205, 110195, -90322, -90315, 118040, 94852, -134371, -98839, 151882, 86893, -144694, -75573, 135805, 66752, -143072, -58229, 152200, 39457, -138112, -15046, 126596, 8897, -126883, -3532, 129937, 157, -114993, 3278, 99570, -10775, -95001, 18883, 92552, -23434, -75426, 25273, 57589, -31591, -48759, 38961, 38853, -39875, -27913, 38723, 18717, -42622, -10755, 47995, 2878, -45562, 4862, 42437, -2346, -47659, 11232, 51457, -21053, -44583, 28978, 37965, -32574, -34732, 41314, 28849, -52010, -22160, 51356, 13100, -50735, -7382, 53217, 1490, -54991, 2041, 46196, -5750, -37471, 7477, 35952, -9256, -33461, 8743, 28578, -12046, -17774, 8540, 16854, -5936, -16467, 1691, 15857, 1316, -14587, -1885, 16669, 2345, -18484, -1149, 17320, 2799, -16561, -696, 17553, -1773, -17988, 4866, 15098, -5442, -11033, 7059, 7289, -8102, -2886, 5279, -734, -6553, 4012, 3526, -8824, -657, 14242, -2568, -15314, 7514, 13997, -14526, -13053, 22810, 10477, -25513, -3571
1747889003.426, MrmFullScanInfo, 1132, 1511006420, 404478, 0, 0, 0, 0, 10000, 39297, 32, 2, 2, 1, 480, 0, 0, 0, 0, 0, 0, -1657, 4452, 1278, -9678, 2065, 11999, -6778, -10892, 11193, 7823, -14513, -4113, 16667, 168, -18065, 4350, 18893, -9829, -18427, 15897, 15491, -21555, -9499, 26084, 310, -28782, 11673, 28362, -25439, -23550, 40972, 13322, -58940, 3838, 77654, -28988, -93295, 61897, 104184, -103355, -109567, 154042, 104843, -207779, -86095, 255310, 56678, -297099, -20930, 340514, -23403, -383026, 79663, 412177, -147052, -422595, 222285, 416777, -297935, -393172, 364337, 349948, -420592, -296004, 472970, 240049, -518851, -176910, 544881, 96794, -544352, 1625, 523858, -111170, -491250, 217631, 452883, -307207, -418214, 383879, 389204, -460592, -349160, 530444, 283335, -570534, -201909, 576368, 120149, -563894, -36341, 540932, -58318, -504435, 165428, 457245, -277847, -405887, 380379, 348903, -454141, -281848, 496486, 208147, -521644, -132396, 537589, 51395, -539186, 40125, 522079, -143572, -489826, 252845, 446323, -351151, -397571, 421919, 357342, -471113, -330269, 516718, 297258, -556182, -239840, 572073, 170635, -565154, -113791, 554305, 72093, -548621, -40410, 544334, 38244, -542487, -92752, 537563, 197995, -498178, -319575, 396924, 427615, -258177, -506900, 147854, 545856, -110344, -540657, 142660, 503955, -220347, -455211, 317706, 403090, -409817, -348566, 478550, 299281, -525575, -258931, 562178, 213667, -585895, -149512, 586283, 77054, -566338, -18449, 542880, -19377, -527811, 41274, 521942, -46480, -523463, 28823, 532407, 9900, -545481, -60949, 555977, 119887, -563953, -180970, 573587, 226105, -577318, -241507, 563597, 239940, -542666, -238054, 537131, 225521, -547394, -184612, 553364, 120014, -545860, -47345, 531203, -29259, -509735, 112560, 473838, -201747, -421548, 290279, 355326, -363514, -275305, 402306, 183279, -399640, -88607, 364889, 5518, -309912, 53102, 243983, -80149, -179375, 79652, 128399, -64071, -95107, 44156, 76845, -24817, -71440, 8577, 78171, 1898, -93388, -4872, 111416, 489, -129871, 10875, 149075, -29321, -166376, 53151, 177359, -79049, -182492, 106156, 184403, -135219, -181882, 164152, 172912, -189096, -159953, 209557, 145932, -225931, -129667, 233966, 110722, -229427, -93235, 216192, 80896, -202677, -73629, 192006, 71091, -182511, -74116, 174724, 80411, -170400, -84056, 167009, 82476, -160295, -78999, 151124, 77171, -143791, -75272, 138105, 70458, -129899, -64207, 118440, 59404, -106963, -55562, 96503, 50913, -84963, -46278, 71732, 43505, -58756, -45005, 49824, 53132, -48742, -67135, 55324, 81606, -63635, -90613, 66863, 93534, -63298, -94506, 56207, 97270, -50252, -100299, 50209, 99182, -58672, -92843, 73391, 84632, -87408, -78057, 93919, 74673, -91859, -75714, 85460, 81168, -80321, -85699, 78489, 83123, -77982, -74878, 77498, 68688, -78554, -68699, 82163, 72529, -87245, -77606, 93521, 82481, -102107, -83516, 113286, 77243, -125941, -65397, 139670, 52960, -153497, -42348, 163292, 33064, -165459, -24918, 161850, 17219, -157033, -7087, 151432, -6791, -142454, 21221, 131096, -31772, -121385, 37287, 114152, -39563, -106712, 40689, 97663, -42223, -87692, 44633, 76644, -46919, -63660, 48047, 49388, -48196, -35671, 47873, 23652, -47037, -13402, 45988, 4469, -45312, 3822, 44598, -11190, -43184, 16767, 41865, -21149, -41382, 26419, 40148, -33200, -35964, 39841, 28955, -45308, -20822, 49893, 12483, -53327, -4158, 54594, -3570, -53760, 10052, 51706, -15040, -48277, 18346, 42983, -19738, -36745, 19562, 31306, -18861, -26810, 18216, 22146, -17003, -17330, 14392, 13902, -10583, -12895, 6777, 13731, -4035, -15309, 2855, 16774, -2947, -17546, 3552, 17493, -4207, -17015, 5190, 16366, -6832, -15086, 8699, 12592, -9961, -8903, 9998, 4671, -8789, -645, 6732, -2854, -4198, 6086, 1159, -9229, 2686, 11702, -7391, -12459, 12834, 10900, -18555, -7107
1747889003.442, MrmFullScanInfo, 1132, 1511006420, 404478, 0, 0, 0, 0, 10000, 39297, 32, 4, 2, 1, 480, 0, 0, 0, 0, 0, 0, 116, -22, -157, 36, 51, -7, 79, -63, -103, 127, 39, -121, 60, 15, -176, 162, 255, -284, -253, 274, 181, -210, -59, 182, -114, -135, 293, -5, -347, 166, 262, -211, -167, 149, 201, -38, -378, -102, 599, 192, -649, -135, 341, 28, 190, 6, -631, -13, 823, 118, -785, -276, 573, 368, -473, -207, 792, -288, -1358, 916, 1789, -1284, -1914, 1280, 1796, -1096, -1387, 858, 783, -611, -256, 644, -91, -1209, 383, 2087, -626, -2807, 739, 3139, -817, -2946, 870, 2221, -669, -1347, 653, 637, -1456, 83, 2884, -1047, -3974, 1954, 4367, -2432, -4474, 2587, 4618, -2828, -4600, 3374, 3893, -3908, -2392, 4269, 562, -4694, 966, 5175, -1905, -5671, 2295, 6273, -2494, -6879, 2784, 6771, -2970, -5484, 2945, 3490, -2994, -1654, 3448, 518, -4679, 253, 6563, -1205, -8235, 2113, 8703, -2190, -7960, 1141, 6673, 1086, -5327, -4246, 4337, 7180, -3756, -8504, 3219, 8033, -2422, -6801, 1614, 5652, -1159, -4780, 1203, 4030, -1579, -3346, 2071, 2746, -2621, -1974, 3198, 882, -3580, 180, 3484, -635, -2871, 501, 2036, -207, -1109, 10, -446, 247, 3590, -1005, -8741, 2368, 14907, -3563, -20215, 3576, 23362, -2438, -23909, 1032, 21898, 384, -18204, -1984, 14776, 3072, -12846, -2634, 11736, 1084, -10542, 288, 9295, -965, -8243, 1351, 7208, -1798, -6470, 2545, 6979, -3985, -8834, 6099, 11304, -8162, -13909, 9705, 16842, -10945, -19827, 12136, 21916, -13218, -22599, 14405, 22008, -16025, -20551, 17746, 18620, -18728, -16564, 18437, 14551, -17017, -12450, 14830, 10181, -12039, -7901, 8945, 6009, -6082, -4848, 3850, 4509, -2297, -4821, 1225, 5603, -203, -6839, -1006, 8499, 1894, -10116, -1648, 11090, 172, -11341, 1940, 11183, -4210, -10953, 6556, 10949, -9091, -11134, 11834, 10698, -13718, -8802, 13215, 5849, -10285, -3056, 6869, 1040, -4945, 621, 4854, -2637, -5707, 5236, 6358, -7876, -6351, 9861, 6171, -11155, -6637, 12160, 7996, -12922, -9782, 13136, 11603, -12765, -13734, 12156, 16416, -12656, -16743, 15499, 10299, -19749, 2629, 22952, -15507, -24055, 21979, 24532, -21510, -26332, 17434, 29934, -13362, -32171, 12052, 28632, -14495, -18968, 19557, 8142, -24620, -1641, 27365, 788, -27472, -3732, 26087, 7726, -24507, -9295, 22610, 6118, -19258, 306, 14511, -5470, -10154, 6319, 7481, -3615, -5908, -560, 4235, 4741, -2225, -7268, 982, 6509, -1659, -3007, 4308, 42, -7997, -661, 11564, 4942, -14290, -11113, 16186, 16962, -17666, -19067, 17800, 15062, -14765, -7492, 9346, 2381, -5806, -2767, 7427, 6229, -13125, -9237, 19685, 10059, -24573, -8558, 26410, 5464, -24743, -2140, 20405, -171, -15144, 1198, 10290, -1338, -6206, 973, 2839, -273, -136, -727, -1117, 1735, -111, -2038, 3499, 1274, -7040, -134, 8919, -232, -9107, -704, 8580, 2588, -8104, -4259, 7765, 4566, -7408, -3280, 7258, 1143, -7587, 946, 8169, -2450, -8507, 3077, 8479, -2832, -8230, 2115, 7798, -1628, -7053, 1972, 5919, -3126, -4468, 4442, 2964, -5116, -1832, 4830, 1414, -3762, -1751, 2627, 2260, -2096, -1986, 1996, 597, -1453, 1115, 103, -2041, 1380, 1844, -2221, -877, 2195, -326, -1627, 1244, 1173, -1695, -1497, 2247, 2723, -3766, -4078, 6300, 4586, -8787, -3799, 10083, 1947, -9597
1747889003.542, MrmFullScanInfo, 1133, 1511006420, 404603, 0, 0, 0, 0, 10000, 39297, 32, 1, 2, 1, 480, 6787, -7472, -5251, 9335, 3910, -11114, -329, 11562, -2637, -11229, 6606, 10915, -11953, -8721, 15555, 5931, -15410, -1576, 20090, -2941, -23011, 10519, 21046, -16208, -16272, 20412, 9494, -28710, 2329, 34748, -17394, -32099, 27799, 27220, -50390, -18198, 84786, 427, -102390, 27654, 114370, -60780, -142044, 109224, 167948, -178857, -155876, 224986, 129916, -241985, -120605, 319820, 99321, -403938, -48867, 429095, -1621, -436854, 69372, 469793, -172538, -507230, 227329, 455933, -258216, -380331, 364829, 382818, -470237, -392457, 456139, 252184, -473491, -150919, 508463, 68907, -520165, 81745, 519660, -177259, -502700, 180153, 503870, -315926, -519173, 452331, 461122, -445306, -330159, 468023, 304515, -506349, -266557, 520172, 73914, -519339, -9904, 479867, -115689, -482866, 296404, 513281, -314957, -430712, 340716, 320681, -438068, -298916, 508795, 255625, -499661, -116944, 512796, 31010, -519072, 79177, 520192, -240382, -518654, 271489, 464083, -290585, -469272, 389171, 508880, -479441, -403684, 458041, 289612, -470285, -288843, 498897, 302561, -519146, -189507, 511626, 163693, -506355, -243254, 500416, 443450, -473563, -509234, 203263, 508977, 17907, -512858, -68191, 519256, 49222, -513640, 20434, 505447, -63734, -510782, 169174, 519853, -308485, -495966, 322777, 425531, -387317, -421876, 457846, 453097, -510262, -319219, 506077, 223677, -509512, -203831, 515076, 190430, -520184, -132696, 519590, 134006, -514722, -159406, 513683, 236657, -518190, -271820, 499875, 291180, -464682, -366553, 465079, 453609, -492562, -401849, 448349, 358031, -399482, -388068, 438388, 435306, -492689, -333558, 471096, 249434, -474320, -220489, 500853, 162734, -519017, -44721, 508201, -34774, -458136, 147355, 444578, -270249, -424414, 298661, 301897, -297491, -200201, 312315, 115455, -303863, -44905, 239802, 8962, -168992, 2495, 130685, -10861, -101704, 6833, 74521, 8881, -61839, -23412, 70974, 35474, -91683, -45347, 108906, 45467, -113271, -37525, 145234, 23714, -182941, -2573, 189174, -20430, -190186, 41345, 212149, -75601, -230706, 109436, 210493, -126222, -206746, 150845, 204073, -174202, -198394, 197962, 169205, -183073, -147981, 164397, 137594, -167519, -132476, 171478, 116209, -149672, -129972, 136942, 130531, -138380, -135478, 144093, 125861, -131517, -119398, 117980, 124443, -121729, -128710, 127694, 116579, -115705, -103307, 95477, 104112, -96896, -104920, 96885, 93174, -80857, -82994, 63820, 83099, -57081, -85138, 46586, 75949, -33998, -82570, 58474, 91906, -56015, -105670, 53634, 104675, -51144, -103808, 45324, 115086, -44608, -130941, 45095, 122994, -43464, -75297, 63026, 81826, -68269, -91776, 73834, 85757, -70339, -84759, 64567, 91899, -64910, -105108, 66538, 99566, -61292, -59621, 45667, 72013, -53419, -88175, 65112, 90393, -71016, -91942, 73229, 105008, -84922, -119189, 102203, 112775, -101660, -84375, 108783, 84837, -130782, -83142, 154121, 67674, -150913, -57388, 143855, 51933, -152273, -45137, 161498, 35278, -146015, -14597, 124913, 1803, -124688, 8456, 125820, -13303, -108100, 12604, 93974, -14595, -91819, 17159, 91650, -15064, -79450, 12786, 65525, -16682, -61138, 23418, 57791, -28657, -44487, 32007, 34968, -38371, -26204, 46450, 15733, -46299, -5016, 35081, 11575, -40479, -889, 49515, -10305, -45905, 22106, 42269, -29736, -40161, 39449, 35134, -50937, -24812, 50088, 14190, -44006, -6834, 49447, 810, -54601, 4301, 45274, -7711, -37202, 9641, 32338, -10295, -27971, 9867, 20384, -14411, -14411, 12937, 12752, -9437, -12373, 2313, 11203, 2999, -11496, -7050, 12920, 10110, -16092, -8304, 17017, 3641, -14292, -3361, 16774, 3429, -19435, -1525, 17763, 324, -13813, 2016, 10248, -5835, -5887, 7657, 496, -6307, 4133, 5014, -7782, -877, 9566, -4263, -10042, 9821, 10385, -17068, -11385, 23134, 13727, -22915, -13347
1747889003.553, MrmFullScanInfo, 1133, 1511006420, 404603, 0, 0, 0, 0, 10000, 39297, 32, 2, 2, 1, 480, 0, 0, 0, 0, 0, 0, -1628, 4364, 1265, -9557, 1982, 12022, -6568, -11069, 10902, 7937, -14197, -3967, 16313, -177, -17628, 4669, 18444, -9984, -18116, 15871, 15417, -21373, -9584, 25767, 387, -28412, 11691, 28088, -25546, -23424, 41094, 13248, -58935, 3920, 77336, -29009, -92617, 61809, 103381, -103275, -108976, 154159, 104650, -208142, -86187, 255757, 56791, -297378, -20892, 340416, -23545, -382550, 79641, 411577, -146508, -422276, 221052, 416915, -296168, -393438, 362180, 349905, -418115, -295450, 470485, 238882, -516883, -175208, 543627, 95395, -543747, 1564, 523962, -109575, -491945, 215569, 453693, -305531, -418770, 382499, 389748, -459258, -350173, 529335, 284958, -569954, -204251, 576447, 123471, -564688, -40625, 542433, -53759, -506331, 161271, 459124, -274230, -407509, 377131, 350178, -451115, -282898, 493817, 209238, -519786, -133748, 536980, 53221, -539762, 37428, 523459, -139406, -491745, 247094, 448634, -344592, -400028, 415901, 359590, -466796, -332123, 514544, 298883, -555794, -241790, 572612, 174166, -566140, -119883, 555946, 79932, -550861, -47510, 546156, 42368, -542998, -93429, 537313, 196105, -498791, -316478, 399444, 424507, -261870, -504582, 150981, 544684, -111560, -540565, 141417, 504740, -216799, -456818, 312723, 405617, -404677, -352173, 474181, 304333, -522555, -265725, 560955, 221905, -586428, -158742, 587925, 87500, -568669, -31037, 546218, -3938, -532666, 22780, 528368, -24214, -531265, 2376, 541297, 38374, -554117, -87062, 561908, 140394, -565813, -195656, 572699, 235994, -576255, -247196, 563847, 241774, -544080, -236808, 538864, 222509, -548860, -181056, 554428, 117147, -546664, -46808, 532278, -26426, -511867, 107086, 477425, -195463, -426211, 284172, 360474, -357308, -280864, 395418, 189788, -391542, -97198, 355234, 17513, -298928, 37188, 232634, -61429, -168667, 60224, 118848, -45657, -87061, 27767, 70802, -10987, -67812, -2593, 76905, 10768, -94011, -12000, 113191, 6173, -131997, 6759, 150841, -27099, -167304, 52972, 177251, -80730, -181302, 109133, 182123, -138641, -178631, 167214, 168924, -191364, -155227, 211014, 140140, -226596, -122724, 233790, 103288, -228477, -86471, 214729, 75763, -201004, -70383, 190451, 69194, -181639, -72455, 175184, 78087, -172482, -81189, 170713, 80074, -165866, -78068, 159018, 78020, -154199, -77671, 150656, 74201, -143970, -69490, 133842, 66659, -124009, -64902, 115273, 62115, -104879, -59400, 92138, 58903, -79255, -60705, 69792, 63760, -66972, -67724, 71230, 72442, -78631, -77042, 83635, 81259, -84038, -86721, 81784, 94503, -80315, -99344, 81147, 93912, -82949, -79176, 84777, 64390, -87328, -56586, 90294, 55514, -92124, -59209, 92536, 65952, -92780, -70346, 91588, 67241, -85928, -59636, 77757, 55842, -74463, -58673, 80064, 63966, -91286, -69042, 104057, 73799, -116826, -75369, 127743, 69873, -134840, -58302, 140329, 44888, -148197, -31533, 157051, 18343, -161920, -7054, 162056, -1112, -160370, 8371, 156404, -17369, -146961, 27701, 132893, -37121, -118875, 43935, 107231, -47293, -97093, 47174, 88464, -45025, -82139, 42618, 76846, -40452, -70269, 38543, 62050, -37741, -53242, 38866, 44025, -41373, -33846, 44192, 22763, -46629, -11349, 47323, 1273, -45133, 5356, 41843, -9089, -40429, 13775, 40602, -22092, -39146, 32569, 34347, -42542, -26864, 50342, 17640, -54478, -7645, 54103, -1559, -50956, 8934, 47832, -14694, -45034, 19036, 40815, -21359, -34730, 21326, 28107, -19851, -21893, 18274, 16191, -16949, -11385, 15027, 8458, -11585, -7992, 6788, 9604, -1697, -12433, -2276, 15577, 3898, -17868, -2909, 18395, 540, -17602, 1615, 16892, -3061, -16687, 4235, 15922, -5463, -13503, 6710, 9300, -7571, -3971, 7385, -1435, -5638, 5846, 2327, -8481, 2162, 9125, -7400, -8184, 13096, 6544, -18755, -5081
1747889003.553, MrmFullScanInfo, 1133, 1511006420, 404603, 0, 0, 0, 0, 10000, 39297, 32, 4, 2, 1, 480, 0, 0, 0, 0, 0, 0, 84, -99, -90, 137, -52, 23, 240, -211, -336, 174, 337, 96, -331, -351, 359, 409, -326, -299, 179, 111, 31, 80, -127, -231, 33, 308, 144, -272, -259, 187, 240, -140, -68, 108, -241, 6, 539, -168, -576, 177, 346, 75, -76, -383, 4, 478, -143, -292, 358, -63, -463, 402, 255, -518, 269, 330, -808, -88, 1119, 206, -1365, -619, 1666, 1075, -1718, -1609, 1347, 2122, -889, -1807, 503, 389, 21, 945, -489, -1111, 542, 496, -296, -115, 286, 161, -697, -221, 1287, 54, -1919, 292, 2566, -702, -3027, 1044, 2956, -1118, -2438, 946, 1841, -632, -1381, 155, 1153, 336, -1086, -512, 888, 350, -367, -3, -215, -665, 642, 1889, -1005, -3189, 1293, 3732, -1303, -3241, 1021, 2086, -652, -774, 418, -263, -571, 748, 1685, -909, -3528, 1205, 4626, -1446, -3694, 987, 1028, -89, 1863, 240, -3874, -2388, 4730, 5457, -4578, -7122, 3622, 6350, -2173, -3963, 778, 1063, 280, 1612, -1098, -3393, 1892, 3846, -2793, -3288, 4025, 2200, -5547, -804, 6851, -530, -7892, 1439, 9383, -2166, -11898, 3294, 15117, -4889, -18710, 6535, 23605, -8162, -29695, 9746, 34038, -9951, -33671, 7282, 29245, -2822, -23619, -428, 18027, 1128, -12385, -419, 7232, -336, -3484, 824, 1389, -1131, -474, 1226, 771, -1210, -2789, 1638, 5812, -2882, -8152, 4623, 9133, -6252, -9699, 7575, 10812, -8820, -12528, 10407, 14857, -13016, -17522, 16934, 19597, -21308, -20156, 24582, 19213, -25908, -17427, 25547, 15124, -23878, -12292, 21174, 9076, -17923, -5883, 14732, 3108, -11861, -1071, 9187, -13, -6501, 114, 3750, 573, -1110, -1716, -1176, 3095, 2895, -4660, -3844, 6273, 3878, -7629, -3063, 8719, 1787, -9838, -302, 10894, -1299, -11297, 2901, 10657, -4342, -9138, 5572, 7166, -6158, -5256, 5306, 4114, -2903, -3896, -5, 3759, 2411, -2670, -4409, 395, 6516, 2443, -8898, -5092, 11169, 7300, -12876, -9446, 14145, 11924, -15396, -14410, 16555, 16446, -17067, -18318, 16753, 20477, -15798, -20919, 15054, 16468, -15545, -7208, 17836, -2150, -21615, 6568, 25850, -5078, -29782, -385, 33230, 7159, -36272, -10019, 36486, 4122, -30026, 8510, 17852, -19635, -7214, 23346, 4292, -21068, -8486, 16950, 15379, -13872, -20775, 13168, 21093, -14572, -14760, 15926, 5144, -15040, 993, 12265, 6, -9743, -5692, 8319, 11693, -7075, -15168, 5782, 14424, -5455, -9106, 6672, 1892, -8937, 2626, 11553, -2192, -13799, -1516, 14401, 5915, -12331, -9533, 8398, 11129, -5036, -9337, 4084, 4287, -5179, 1633, 6356, -5512, -5843, 5876, 3025, -2602, 1372, -3329, -5876, 10167, 9251, -16211, -11022, 20770, 11063, -23746, -9176, 24710, 5706, -23179, -1891, 19667, -1028, -15440, 2108, 12220, -981, -11665, -1070, 13711, 1649, -15798, 301, 15117, -3312, -11413, 5312, 6681, -5359, -3204, 3887, 2270, -2048, -3688, 957, 5913, -831, -7114, 948, 6672, -659, -5599, 109, 5237, 91, -6102, 317, 7497, -880, -8239, 962, 7905, -679, -6931, 881, 5771, -2175, -4430, 4369, 2889, -6616, -1252, 7712, -64, -6962, 610, 5128, -595, -3748, 985, 3453, -2308, -3582, 3937, 3255, -4838, -1979, 4389, 71, -2681, 1584, 526, -2359, 946, 2420, -1121, -2239, 389, 1935, 217, -1465, 342, 906, -2610
1747889003.666, MrmFullScanInfo, 1134, 1511006420, 404728, 0, 0, 0, 0, 10000, 39297, 32, 1, 2, 1, 480, 6597, -7357, -6335, 9139, 4076, -11272, -576, 11339, -1815, -10636, 7484, 10483, -11568, -9307, 15675, 6058, -15793, -1530, 19506, -2547, -23255, 10610, 20845, -15943, -15825, 19920, 9947, -28802, 1551, 34686, -17090, -31687, 27816, 27166, -50857, -18563, 84448, 773, -102227, 27704, 114946, -60269, -140325, 108443, 167810, -177911, -157417, 223240, 128190, -241335, -122346, 320122, 100999, -403470, -49631, 428004, -967, -433543, 70175, 468038, -173259, -507609, 224758, 456524, -259724, -379519, 367128, 382136, -470337, -397289, 454189, 251740, -471712, -149214, 508206, 66372, -520154, 79261, 519761, -171791, -502220, 180954, 503290, -317077, -519446, 452685, 459176, -442928, -328257, 465997, 300654, -506168, -270299, 520165, 77550, -519382, -11452, 479679, -113530, -483791, 291701, 514109, -309174, -435019, 334538, 323254, -436721, -300212, 507758, 261661, -497864, -121213, 512367, 32840, -519301, 77071, 520192, -235197, -518890, 267863, 465503, -283662, -469641, 387159, 509471, -476154, -407361, 455940, 291057, -469354, -290840, 498854, 308590, -518527, -197263, 511272, 170474, -504867, -243114, 500494, 445581, -471192, -510423, 200126, 509224, 24346, -512951, -76045, 518941, 59775, -512455, 9703, 505223, -55873, -511639, 161727, 519910, -296109, -498836, 317931, 427513, -381745, -426206, 455189, 460851, -508357, -331096, 504695, 234546, -507134, -212086, 513930, 209562, -520083, -147282, 519187, 144974, -514408, -171900, 513351, 249799, -517316, -280403, 500285, 291434, -466089, -362272, 468298, 450527, -494163, -397409, 452048, 353815, -402320, -381099, 442271, 427167, -493804, -327005, 472722, 247362, -474238, -218998, 500986, 159022, -519364, -49760, 508842, -21755, -462233, 137157, 448177, -258579, -431055, 286488, 310833, -284449, -213399, 299238, 132724, -293646, -59186, 231105, 27319, -165369, -14577, 130665, 5363, -104531, -8320, 79432, 24011, -67969, -36507, 78287, 49086, -99688, -57915, 115999, 57033, -119811, -44991, 152621, 30731, -191976, -8612, 197146, -15022, -197312, 36298, 219459, -69495, -238814, 105938, 218517, -120041, -216182, 152064, 213648, -176409, -209979, 202810, 179862, -189442, -159111, 171155, 149923, -176447, -143095, 184462, 127347, -163301, -131452, 147607, 129890, -149853, -131608, 159514, 120197, -146123, -112642, 132390, 113866, -138064, -114344, 146482, 103242, -132932, -90121, 116364, 87645, -119449, -87237, 124776, 77823, -107572, -71720, 91786, 74394, -89758, -79111, 89916, 76692, -75682, -43924, 46636, 48804, -46036, -56615, 48326, 59449, -46706, -62309, 45927, 72360, -51068, -83171, 59468, 81407, -60735, -50154, 34467, 52244, -38879, -53878, 44065, 48100, -41983, -46114, 39880, 50971, -42634, -57905, 47452, 59900, -49723, -51304, 24775, 60052, -26471, -73094, 31548, 77686, -39717, -79700, 47551, 93344, -61799, -104525, 83881, 97577, -94403, -80407, 83622, 84909, -103515, -87101, 127272, 74406, -129795, -61257, 129209, 53404, -143124, -41122, 155557, 24535, -143044, -23421, 109375, 13022, -111486, -2510, 115153, -5703, -102713, 10530, 90035, -16407, -90421, 22886, 90542, -22796, -78072, 20383, 64799, -21848, -63178, 24887, 64741, -24850, -57217, 24009, 50910, -27205, -48264, 33171, 42104, -33704, -30015, 37482, 25736, -44889, -17554, 56177, 6481, -53054, 3453, 47143, -11873, -44852, 21786, 39703, -32018, -26737, 34996, 29759, -26514, -24174, 34313, 14754, -42368, -8483, 39132, 1480, -33774, 5112, 30000, -8782, -25186, 9953, 17344, 6456, -18382, -3065, 16983, 332, -15214, 376, 12599, 457, -10840, -2461, 11052, 5710, -13910, -6716, 14380, 3462, -12936, -2655, 11689, 1425, -10714, 1548, 7909, -3754, -5552, 6483, 4355, -8690, -2996, 8269, 930, 2569, 12941, -5990, -15466, 9722, 17703, -11883, -18407, 13549, 17152, -17029, -17499, 22191, 14647, -22857, -10234
1747889003.666, MrmFullScanInfo, 1134, 1511006420, 404728, 0, 0, 0, 0, 10000, 39297, 32, 2, 2, 1, 480, 0, 0, 0, 0, 0, 0, -1796, 4399, 1628, -9615, 1568, 11990, -6246, -10894, 10734, 7736, -14190, -3890, 16416, -103, -17763, 4513, 18521, -9797, -18093, 15652, 15335, -21114, -9582, 25529, 617, -28300, 11261, 28106, -25147, -23478, 40911, 13298, -58953, 3837, 77453, -28859, -92685, 61544, 103261, -102775, -108773, 153318, 104628, -207045, -86520, 254699, 57487, -296702, -21897, 340243, -22366, -382461, 78560, 410889, -145698, -420807, 220388, 415308, -295529, -392500, 361858, 349674, -418519, -295575, 471431, 239363, -517603, -176121, 543571, 96209, -542933, 1402, 522828, -109503, -491124, 214644, 453639, -303855, -419349, 381181, 390214, -458821, -349825, 529020, 283628, -568841, -202602, 574610, 122764, -563171, -41659, 542172, -51368, -507341, 158473, 460791, -271280, -409596, 373616, 353075, -447103, -286758, 490252, 213590, -517590, -138054, 536312, 57283, -540175, 33830, 524384, -136397, -492770, 244280, 449747, -341278, -401534, 411904, 361649, -462654, -334620, 511010, 301605, -553374, -244536, 571377, 176926, -565932, -123156, 556583, 84488, -552191, -53142, 547850, 47675, -544335, -97153, 537448, 198218, -497158, -317858, 395805, 425967, -256168, -506518, 143287, 547149, -102384, -543486, 131834, 507931, -207668, -460168, 304275, 409277, -397084, -356381, 468081, 309250, -518630, -271762, 559413, 229674, -587037, -168195, 589953, 98296, -571364, -43271, 549440, 9672, -536622, 8823, 532769, -11123, -535415, -9527, 544839, 48680, -557090, -94259, 564300, 142944, -567382, -193650, 573412, 231163, -576595, -241292, 564475, 235378, -545116, -229770, 539714, 215204, -548921, -174760, 553769, 112856, -545884, -44681, 531915, -25971, -512642, 103090, 480398, -187834, -432100, 274385, 369095, -347111, -291740, 385716, 203028, -382817, -113012, 348074, 35453, -294059, 18252, 230736, -42767, -170180, 42894, 123705, -30313, -94597, 14436, 80148, 742, -78262, -13230, 87963, 20670, -105216, -21128, 124059, 14087, -142263, 503, 160597, -22565, -176726, 49774, 186342, -78208, -190077, 106757, 190824, -136244, -187599, 165223, 178325, -190800, -164929, 213005, 149766, -231681, -131889, 241547, 111925, -238092, -94769, 225781, 83819, -213689, -77378, 204641, 73420, -196051, -72538, 188307, 73949, -184053, -73749, 181606, 70147, -176911, -65829, 170556, 63247, -166222, -60501, 163131, 55307, -157179, -49320, 148502, 45108, -140804, -42181, 134359, 39448, -126283, -38397, 116802, 40531, -108916, -42521, 101419, 40068, -89655, -34925, 73966, 32990, -61308, -36401, 56926, 42135, -59492, -47893, 65570, 53241, -72965, -55483, 77789, 51534, -75051, -43639, 65260, 37524, -55450, -35208, 51137, 34419, -51478, -34197, 53896, 35441, -57454, -37505, 60090, 39063, -58443, -41590, 52803, 47743, -48740, -56460, 51276, 63912, -60236, -68671, 73644, 71300, -89993, -70230, 105427, 63902, -115154, -55306, 120159, 48341, -126343, -41810, 135497, 32225, -143583, -19546, 148396, 5712, -150730, 7836, 148538, -18959, -138728, 25273, 123953, -27748, -110710, 30327, 101405, -34939, -93574, 40351, 85933, -44839, -79245, 47521, 73105, -47760, -66260, 45683, 59335, -42909, -53979, 41216, 50156, -40903, -46384, 41442, 41710, -42518, -35747, 43797, 28337, -44920, -19859, 46552, 10712, -49292, -686, 51484, -9986, -50397, 19916, 45277, -28114, -37278, 34555, 28108, -38558, -19833, 39537, 13939, -39023, -9492, 39177, 4045, -39652, 3055, 38071, -10146, -33394, 15217, 26742, -16366, -20380, 12913, 16584, -7066, -15915, 2794, 16437, -1994, -15741, 2928, 13549, -3064, -11536, 1547, 11376, 425, -12935, -1164, 14460, 265, -14420, 1414, 12703, -3028, -10002, 4444, 6988, -5845, -4116, 7230, 1643, -7643, 941, 5458, -4296, 45, 8126, -7436, -11241, 14079, 12738, -18428, -12817, 20884, 11921, -22721, -10025
1747889003.681, MrmFullScanInfo, 1134, 1511006420, 404728, 0, 0, 0, 0, 10000, 39297, 32, 4, 2, 1, 480, 0, 0, 0, 0, 0, 0, -135, -5, 327, 2, -429, -28, 410, 100, -297, -141, 142, 125, -33, -71, 18, 6, -65, 74, 107, -181, -79, 297, -44, -336, 248, 242, -383, -92, 308, 14, -92, 5, -44, -48, 14, 154, 172, -323, -396, 554, 399, -796, -100, 934, -310, -859, 637, 560, -855, -226, 958, 319, -909, -1001, 841, 1711, -937, -1719, 1071, 1055, -873, -495, 281, 337, 232, -229, -157, 49, -426, -48, 1031, 106, -1141, 407, 631, -1394, 168, 1945, -705, -1466, 590, 610, 69, -484, -845, 1181, 921, -1747, 335, 1240, -2363, 198, 3764, -1546, -3972, 2156, 3855, -2439, -4212, 3041, 4620, -3816, -4143, 4284, 2654, -4373, -837, 4341, -559, -4187, 1298, 4085, -1555, -4387, 1744, 5093, -2130, -5568, 2572, 5209, -2878, -4004, 3046, 2399, -3181, -965, 3709, -169, -5034, 1183, 6807, -2010, -7520, 2183, 6127, -1413, -3386, 181, 937, 857, 211, -1751, -155, 3177, -621, -5409, 1653, 7753, -2609, -9264, 3285, 9884, -3796, -9941, 4475, 9288, -5427, -7561, 6657, 4904, -8388, -1891, 10617, -846, -12675, 2634, 14590, -3569, -17035, 4537, 19690, -5910, -21376, 6997, 22222, -7327, -23072, 7235, 22766, -6650, -19172, 5013, 12607, -2519, -5829, 501, 928, 36, 2168, 641, -4515, -1417, 6546, 1390, -7591, -614, 6881, -165, -4672, 347, 1615, 208, 2259, -1800, -6778, 4625, 10756, -8078, -13016, 11187, 13721, -13791, -13763, 16674, 13559, -20208, -12904, 23851, 11333, -26563, -8543, 27549, 4781, -26649, -808, 24404, -2660, -21655, 5455, 18992, -7702, -16698, 9449, 14834, -10566, -13092, 10910, 11003, -10632, -8449, 10096, 5767, -9467, -3471, 8699, 1945, -7881, -1172, 7261, 893, -6988, -532, 6982, -589, -6909, 2745, 6400, -5403, -5500, 7601, 4790, -8985, -4706, 10021, 5094, -11346, -4793, 12740, 2631, -13248, 1313, 12691, -5688, -12051, 9094, 12216, -11254, -13201, 12774, 14652, -14320, -16197, 15803, 17619, -16743, -19077, 17212, 21115, -17632, -23883, 17827, 26792, -16947, -29453, 14490, 32729, -10936, -37513, 10638, 39166, -18258, -29889, 31579, 9857, -42382, 9648, 45490, -17774, -43379, 13940, 40941, -3881, -40825, -6508, 42387, 10621, -43056, -3140, 40695, -13981, -35799, 31181, 31354, -39888, -30065, 39630, 32493, -34633, -36988, 28928, 39070, -24760, -34629, 23016, 24454, -23998, -13681, 26918, 6578, -29380, -3616, 29239, 3704, -26075, -5664, 20967, 7980, -16653, -8641, 16158, 5948, -19642, -269, 23325, -5395, -23079, 7776, 18601, -5754, -12359, 604, 7054, 4173, -4686, -4680, 5589, -127, -7983, 6849, 9382, -10526, -8736, 9299, 6957, -4830, -5055, 58, 3294, 2999, -1431, -3775, -921, 2660, 4397, -539, -9426, -1545, 15520, 2940, -21533, -3641, 26684, 3790, -30553, -2728, 31979, -188, -29837, 4326, 25063, -8243, -20367, 11018, 17635, -12595, -16677, 13128, 16577, -12722, -16566, 12256, 16348, -13229, -15582, 16002, 13838, -18739, -11006, 18974, 7514, -16018, -4425, 11003, 2876, -5839, -3262, 3421, 3994, -5534, -2444, 10047, -1719, -12206, 5420, 9580, -5526, -4346, 2170, 20, 2093, 1492, -4741, -659, 4935, -800, -3726, 1576, 3020, -1572, -3927, 1399, 5933, -1314, -7535, 1075, 7609, -440, -6029, 110, 3935, -1437, -2695, 4912, 2614, -9033, -3022, 11332, 3423, -10598, -4084, 7527, 5022, -3863, -5556
1747889003.745, MrmFullScanInfo, 1135, 1511006420, 404853, 0, 0, 0, 0, 10000, 39297, 32, 1, 2, 1, 480, 7496, -7685, -5147, 9464, 3428, -11591, -72, 11231, -2631, -10745, 6905, 11187, -11710, -9412, 15479, 5862, -15459, -2095, 20161, -3205, -23849, 10711, 21071, -16545, -15766, 20490, 9575, -28459, 1329, 34994, -16845, -31909, 27402, 27277, -50843, -18817, 83658, 1313, -102171, 27352, 114584, -60574, -141189, 109044, 167412, -178080, -155823, 223367, 129442, -241625, -120498, 319007, 100375, -402740, -48696, 427969, -2226, -434534, 69289, 469092, -171817, -506793, 226602, 456487, -260657, -383822, 366697, 381558, -468542, -395505, 455978, 252666, -472068, -147302, 509212, 68142, -520167, 78044, 519706, -174645, -504161, 180949, 502201, -315489, -519149, 450849, 460199, -444661, -326565, 467720, 302429, -506138, -267553, 520167, 76760, -519207, -16994, 481178, -110486, -483623, 289004, 513918, -312776, -432362, 336753, 323998, -438301, -300516, 508532, 260077, -498764, -118866, 511807, 36029, -519200, 75387, 520192, -232214, -519190, 272209, 466472, -286784, -468341, 388392, 509228, -477890, -403993, 457993, 294442, -468581, -293256, 498909, 311666, -518851, -190236, 511197, 168751, -505809, -241173, 500374, 448136, -468282, -510663, 188604, 510403, 38120, -511460, -87385, 518730, 71780, -512405, 6019, 506121, -51988, -511938, 161087, 520044, -294896, -498870, 316840, 432304, -375825, -429209, 453242, 463742, -508111, -333004, 503972, 239560, -507121, -216165, 513783, 210618, -520104, -146037, 519266, 148210, -514264, -167641, 513762, 241280, -518670, -256946, 505499, 272337, -477670, -341084, 478665, 430231, -500231, -377432, 461821, 340269, -412858, -373481, 448773, 424214, -494176, -327344, 473740, 247799, -474928, -216363, 499902, 164130, -519030, -52675, 508796, -19503, -463164, 129025, 450616, -241176, -442320, 274455, 326824, -279969, -227763, 299530, 147242, -298587, -79720, 242119, 44524, -176524, -31540, 145497, 20466, -122635, -23527, 99681, 36608, -87431, -47616, 97429, 58553, -120631, -65977, 136128, 63228, -133458, -50995, 165922, 34645, -203290, -16633, 207663, -7433, -206623, 30541, 228132, -64113, -248900, 97435, 229192, -114177, -227969, 144371, 227415, -171472, -228886, 193987, 197741, -184610, -174504, 169475, 163092, -177228, -160414, 186380, 141340, -168342, -146546, 149280, 143976, -154704, -148392, 163579, 133272, -151336, -121321, 137755, 118892, -142410, -118450, 151224, 104196, -136337, -89426, 118736, 84735, -120673, -82257, 124466, 72467, -107321, -65454, 90895, 65712, -88444, -69650, 88018, 66966, -73772, -43517, 39726, 47871, -37136, -56738, 37975, 58688, -37795, -60405, 38015, 68969, -43229, -76967, 50097, 73704, -53110, -62434, 35058, 65363, -40184, -67276, 45170, 57548, -44958, -51716, 41575, 51047, -41326, -55184, 41388, 53970, -41191, -57122, 35304, 61746, -36826, -70657, 39303, 70987, -42991, -72046, 46107, 84824, -56782, -99011, 74855, 94145, -84873, -72261, 90475, 74440, -104620, -75887, 122172, 66187, -119828, -55239, 117139, 47813, -129233, -38723, 141731, 24101, -131824, -11687, 106047, 3701, -107008, 4033, 108321, -8793, -93050, 11058, 78360, -15231, -74923, 19544, 74428, -17915, -65630, 15106, 55728, -16232, -58643, 19040, 62626, -20512, -56068, 21828, 50639, -26250, -49103, 32778, 47002, -35838, -38277, 28364, 30155, -37457, -26326, 50762, 18592, -51169, -9740, 49089, -507, -52996, 9557, 54445, -19879, -44097, 27420, 35590, -20313, -35403, 27012, 30165, -34756, -21669, 33872, 14954, -31519, -9402, 32289, 3601, -31835, 280, 25574, 14811, -27373, -12281, 25974, 9451, -23401, -6986, 18498, 4883, -14685, -4310, 13701, 3788, -12591, -3676, 10044, -1105, -16444, 1136, 12077, -951, -7919, 1779, 3356, -2045, 628, 885, -2653, 857, 5424, -3418, -5848, 1093, 12369, -9761, -14879, 18964, 17348, -23046, -17770, 25856, 17221, -30229, -15664, 36012, 13170, -35267, -7447
1747889003.761, MrmFullScanInfo, 1135, 1511006420, 404853, 0, 0, 0, 0, 10000, 39297, 32, 2, 2, 1, 480, 0, 0, 0, 0, 0, 0, -1579, 4420, 1081, -9577, 2246, 11905, -6762, -10910, 10955, 7939, -14175, -4207, 16327, 164, -17772, 4443, 18727, -10027, -18396, 16159, 15503, -21684, -9505, 25925, 425, -28453, 11333, 28165, -25014, -23622, 40646, 13588, -58657, 3415, 77197, -28396, -92554, 61243, 103286, -102821, -108744, 153639, 104350, -207370, -86009, 254780, 56886, -296399, -21281, 339554, -23008, -381656, 79164, 410435, -146107, -420944, 220536, 415822, -295642, -393156, 362254, 350478, -419135, -296433, 471911, 239925, -517781, -176075, 543644, 95706, -543137, 1870, 523189, -109674, -491657, 214768, 454218, -304222, -419695, 381417, 390298, -458477, -349853, 528482, 283715, -568831, -202472, 575210, 122103, -563771, -40901, 542438, -51150, -507709, 156590, 461799, -268600, -410863, 371884, 353553, -447234, -285959, 491770, 211988, -519385, -136318, 537556, 55893, -540586, 34294, 524289, -135463, -492828, 242512, 450326, -340272, -402184, 412765, 361538, -464973, -333307, 513458, 299616, -555044, -243132, 572232, 177219, -566499, -124714, 557229, 85411, -552654, -52082, 547626, 45304, -543332, -95332, 535433, 198244, -493027, -319989, 388429, 429698, -245722, -511040, 131686, 551601, -92191, -547119, 124857, 510198, -204118, -461000, 302994, 409432, -396444, -357224, 466935, 311802, -517012, -275768, 558129, 234013, -586689, -172144, 590477, 101738, -572380, -45968, 550476, 11345, -537257, 8179, 532903, -11839, -535130, -5617, 544032, 39072, -555819, -78046, 563304, 121576, -567451, -169840, 574572, 207599, -578597, -220383, 567526, 218926, -549139, -218766, 543747, 209645, -551985, -173339, 555563, 113670, -546573, -46516, 531936, -23430, -512724, 99810, 481292, -183106, -435016, 267087, 376144, -338014, -304306, 378322, 219689, -380789, -130540, 352727, 51562, -304591, 4043, 245560, -30202, -187855, 31781, 143447, -20662, -116081, 6505, 102759, 6752, -101105, -17402, 110416, 23247, -126757, -22419, 143809, 14591, -159341, -38, 174944, -21094, -189189, 46999, 197879, -74598, -201237, 103057, 201874, -132765, -198934, 161915, 190489, -187787, -178574, 210564, 165483, -230064, -149582, 241120, 130279, -239262, -112079, 228802, 99279, -218596, -91247, 211198, 86282, -203714, -85013, 196523, 86549, -192630, -86141, 190498, 80970, -185614, -73669, 178263, 67722, -172370, -62186, 167646, 54951, -160193, -47359, 150031, 41781, -140806, -37756, 132957, 34153, -123804, -32211, 113509, 33311, -104885, -34923, 96600, 33849, -83977, -31861, 67336, 33478, -53706, -39191, 48614, 45328, -50875, -49778, 56750, 52837, -63664, -53930, 68633, 52230, -68564, -49501, 64193, 48016, -59995, -46811, 58597, 43607, -58300, -39176, 57245, 36336, -55841, -36360, 54952, 38593, -54504, -42425, 54559, 47460, -55954, -52314, 59125, 55957, -63837, -59532, 71096, 64029, -82401, -66152, 96134, 61573, -107920, -51405, 116237, 40726, -123252, -31855, 129556, 23510, -133376, -14793, 135070, 5340, -136461, 5755, 135409, -17789, -127913, 27683, 115176, -33476, -102649, 36351, 92785, -38081, -83783, 39119, 74793, -39467, -67042, 39175, 60920, -37983, -55796, 36033, 52030, -34591, -50214, 34913, 49174, -36802, -46877, 39288, 42853, -41944, -37795, 44095, 32020, -44755, -25709, 44702, 19021, -46126, -11478, 49213, 2542, -51492, 7312, 51326, -17126, -48741, 26274, 43590, -33261, -36209, 36413, 28716, -36540, -22806, 36447, 17550, -37214, -11387, 37335, 4570, -35731, 1651, 32732, -5401, -29452, 5087, 27391, -1560, -27194, -1810, 27388, 2498, -25694, -1183, 21710, -191, -17064, 598, 13545, -556, -11938, 1167, 11833, -2786, -11893, 4596, 10654, -5371, -7567, 4626, 3501, -2665, 297, 75, -2980, 2388, 4761, -4544, -6551, 7573, 8648, -12853, -10170, 19922, 10198, -26642, -8872, 31687, 6770, -35108, -4021
1747889003.793, MrmFullScanInfo, 1135, 1511006420, 404853, 0, 0, 0, 0, 10000, 39297, 32, 4, 2, 1, 480, 0, 0, 0, 0, 0, 0, 152, 26, -402, 27, 504, -94, -365, 37, 125, 134, 50, -270, -83, 263, -19, -99, 191, -170, -262, 416, 128, -448, 70, 269, -91, -70, -97, 39, 282, -152, -325, 302, 289, -446, -240, 521, 171, -414, -102, 162, 169, -3, -305, 78, 368, -297, -310, 545, 218, -767, -184, 888, 169, -788, -29, 482, -240, -114, 319, -306, 51, 708, -529, -852, 610, 638, -268, -148, -74, -316, 182, 397, -82, 17, -273, -452, 638, 471, -632, -429, 324, 652, 10, -773, -282, 513, 556, -126, -610, -71, -83, 312, 1630, -960, -3417, 1863, 4222, -2263, -3462, 1764, 1776, -849, -174, 248, -730, -120, 916, 418, -633, -1243, 413, 2554, -659, -3467, 1255, 2987, -1497, -1338, 937, -229, 129, 818, -737, -663, 110, 415, 1750, -581, -3476, 1065, 3529, -1218, -1902, 636, 164, 417, 264, -1985, 683, 4723, -2372, -8578, 4004, 12357, -5064, -14365, 5320, 13741, -4791, -10934, 3622, 7557, -2332, -5157, 1872, 4191, -2886, -4022, 5024, 3490, -7099, -2023, 8270, 51, -8653, 1500, 8805, -2327, -8848, 2658, 8662, -2702, -8075, 2537, 6747, -2154, -3495, 1499, -2637, -781, 10723, 554, -18297, -882, 23144, 1357, -24507, -2030, 22702, 3327, -18827, -4578, 13944, 4546, -8781, -3234, 4294, 1637, -1188, -456, -930, -16, 3006, -604, -5425, 2442, 8408, -5737, -11822, 11012, 13797, -17471, -11963, 22608, 6328, -24712, 824, 24484, -7485, -23374, 12930, 21902, -17209, -19987, 20730, 17630, -23693, -14901, 25745, 12085, -26659, -9544, 26750, 7425, -26084, -5654, 24275, 4239, -21395, -3454, 18426, 3507, -16323, -4071, 15162, 4451, -14550, -4351, 14302, 4096, -14596, -3797, 15526, 3012, -17052, -1498, 18988, -483, -20664, 2658, 21066, -4920, -19952, 7296, 18169, -9813, -16342, 12078, 14363, -13339, -12341, 13512, 10713, -13412, -9128, 13620, 6612, -13677, -2850, 13112, -1348, -11997, 4943, 10759, -7539, -9704, 9501, 8933, -11221, -8423, 12580, 8110, -13240, -8073, 13275, 8614, -13028, -9882, 13301, 9829, -14632, -5217, 16124, -3945, -16209, 13032, 14823, -17317, -13682, 16361, 14425, -12747, -17184, 9235, 19193, -7405, -16782, 7218, 9719, -7734, -2277, 8214, -903, -8564, -1165, 9410, 6676, -11398, -12830, 14498, 15817, -16426, -13329, 14138, 7908, -8199, -4806, 3485, 6034, -3875, -8831, 8415, 10143, -13659, -9137, 16853, 6948, -16773, -5454, 14219, 5809, -11923, -7040, 12362, 6926, -15186, -4633, 17895, 1542, -18768, 524, 17792, -748, -15778, -523, 13657, 2087, -12173, -2512, 11578, 1246, -11642, 1026, 12161, -3312, -13071, 5166, 13916, -6586, -13660, 7500, 11406, -7743, -7124, 7297, 1713, -6263, 3508, 4855, -7551, -3433, 10551, 2087, -13324, -839, 15756, 56, -17077, 32, 17436, -284, -17840, 2127, 18481, -5912, -18391, 10960, 17036, -16232, -14549, 20185, 11550, -21599, -8999, 21178, 7536, -20796, -6578, 21036, 4915, -20765, -2050, 19040, -1600, -15832, 5124, 12260, -7974, -9964, 10369, 9465, -12495, -9433, 13598, 8229, -12562, -5653, 9327, 2560, -4881, 68, 369, -1685, 2938, 2384, -4110, -2687, 3741, 2743, -3671, -1952, 4949, -180, -6726, 3477, 7709, -7274, -7223, 10125, 5453, -10708, -3257, 9658, 1410, -9205, 42, 10557, -1351, -12625, 2519, 13945, -3435, -13993, 4229
1747889003.888, MrmFullScanInfo, 1136, 1511006420, 404978, 0, 0, 0, 0, 10000, 39297, 32, 1, 2, 1, 480, 6884, -7071, -6392, 9364, 3802, -11611, -493, 10928, -2242, -10882, 6962, 10951, -11619, -9675, 16007, 5764, -15598, -2190, 19675, -2402, -24281, 10185, 20289, -16405, -16142, 19974, 9630, -28663, 1766, 34641, -16797, -32213, 27871, 27344, -51071, -18774, 84328, 1192, -103043, 28044, 114736, -60925, -141319, 107723, 167257, -176751, -156018, 222437, 128545, -241033, -122900, 320378, 98946, -402668, -46646, 429835, -2716, -434858, 67916, 470543, -173124, -508024, 225032, 458994, -258011, -380523, 364839, 384315, -470281, -395067, 458016, 253153, -473415, -151368, 508663, 71498, -520163, 74871, 519776, -169855, -502681, 177628, 503540, -312496, -519225, 451152, 459766, -446282, -328199, 467345, 305485, -506081, -271134, 520100, 77976, -519375, -12130, 481433, -117536, -483953, 296250, 513922, -311826, -431757, 338244, 324737, -437260, -300080, 508913, 259979, -498400, -121224, 512917, 34021, -519373, 79807, 520192, -240792, -518629, 271486, 464338, -287446, -468908, 387184, 509282, -479295, -404934, 457137, 291154, -468049, -286320, 499242, 298497, -519043, -185720, 511024, 163985, -506234, -242880, 499262, 443249, -465613, -511696, 174971, 510748, 43016, -511132, -91698, 518867, 72307, -511749, 4014, 505908, -49005, -512128, 155307, 519997, -298058, -499222, 312565, 430606, -378043, -427024, 455232, 458417, -509110, -327165, 503621, 234882, -507237, -215942, 513955, 204446, -520106, -143249, 519534, 139086, -515791, -152938, 514746, 217565, -519249, -241257, 507229, 262448, -481430, -332647, 480409, 419662, -502309, -370386, 462663, 335856, -412062, -371373, 446091, 418523, -494543, -325160, 471289, 243407, -472826, -218382, 499411, 164365, -518897, -47288, 507762, -18322, -462488, 126868, 451955, -245676, -441275, 274644, 329462, -280575, -231016, 300553, 152301, -302166, -85021, 246582, 46263, -183561, -34876, 151697, 24421, -131800, -25768, 108206, 40197, -96898, -50635, 105033, 62010, -129115, -70144, 144052, 65567, -139815, -53131, 170616, 40310, -209449, -19298, 213610, -3150, -212347, 27950, 233915, -59037, -256915, 92649, 235259, -112586, -236293, 140517, 238412, -165381, -239603, 191580, 209845, -182294, -184578, 169477, 176060, -178579, -173809, 190961, 151936, -176860, -159172, 151941, 157348, -157944, -158669, 171806, 141888, -159795, -126503, 145554, 123499, -150991, -119743, 160185, 99582, -146794, -84568, 126825, 78040, -128925, -72599, 130689, 60978, -111358, -53838, 92324, 51030, -87458, -52754, 82218, 49913, -67102, -33424, 33336, 37360, -29884, -47122, 27498, 51837, -27053, -55937, 27240, 66619, -31269, -77952, 36722, 72774, -42898, -66517, 27384, 70620, -33743, -77232, 40266, 68622, -44617, -61363, 44014, 60911, -46704, -62702, 49140, 55681, -45879, -68901, 42092, 71795, -45857, -78683, 51873, 74979, -55287, -69990, 55621, 78760, -63648, -87224, 77011, 82818, -81351, -71593, 105065, 68360, -117037, -65237, 131049, 53368, -125405, -43237, 117260, 37401, -126010, -28736, 134087, 17058, -122773, -714, 105890, -7799, -103034, 14618, 103994, -17352, -89519, 18099, 75629, -23675, -71153, 28764, 65768, -26231, -52002, 19651, 39662, -17564, -36976, 16980, 39666, -16112, -38310, 14387, 38154, -19891, -41587, 25643, 42662, -29835, -36217, 19626, 13602, -21251, -13406, 28848, 12308, -34062, -9284, 36082, 5258, -44867, 2142, 51878, -10004, -46529, 16524, 19270, -16902, -21307, 20328, 24495, -25741, -23880, 28384, 22289, -28182, -19176, 32438, 13824, -35479, -11948, 32225, 14247, -21494, -14371, 26171, 16417, -33430, -14036, 32311, 11020, -27489, -7122, 25974, 4003, -23960, -1031, 18293, 1069, -19296, 5124, 18232, -10901, -16117, 11180, 11155, -10265, -4924, 8762, -99, -6740, 5869, 1668, -8934, -7727, 13515, 6047, -17956, -1287, 21240, -5502, -18183, 13687, 14753, -20996, -13193, 29392, 11259, -31060, -7939
1747889003.904, MrmFullScanInfo, 1136, 1511006420, 404978, 0, 0, 0, 0, 10000, 39297, 32, 2, 2, 1, 480, 0, 0, 0, 0, 0, 0, -1782, 4428, 1530, -9640, 1732, 11998, -6369, -10979, 10789, 7953, -14249, -4160, 16527, 134, -17956, 4306, 18821, -9647, -18438, 15630, 15560, -21198, -9578, 25605, 461, -28306, 11415, 28129, -25229, -23624, 40974, 13558, -59100, 3581, 77713, -28779, -93013, 61704, 103554, -102964, -108880, 153151, 104513, -206353, -86371, 253779, 57432, -295978, -21593, 339862, -23460, -382343, 80313, 411134, -147290, -421679, 221231, 416857, -295697, -394449, 361587, 351727, -417899, -297441, 470888, 240604, -517841, -176525, 544839, 96370, -544795, 295, 524750, -106888, -492928, 211049, 455298, -300138, -420789, 377772, 391423, -456158, -350761, 527844, 284330, -569444, -203319, 576326, 123740, -564935, -42813, 543410, -50622, -508040, 158960, 460954, -273474, -408834, 377042, 351227, -450547, -284492, 492797, 211816, -519089, -137096, 537071, 56909, -540574, 33977, 524629, -137002, -492742, 246162, 449028, -344572, -399874, 415644, 359416, -465703, -332476, 513009, 299923, -554499, -243088, 571756, 174793, -565440, -118944, 555004, 77498, -549521, -44778, 544660, 40583, -541359, -93175, 533544, 197917, -489345, -321225, 382465, 432325, -239214, -513993, 126776, 553577, -89328, -547682, 122855, 510024, -201936, -461078, 300727, 409971, -394760, -357565, 466221, 310983, -517095, -273044, 558403, 229410, -586288, -166845, 589191, 97134, -570811, -42434, 549231, 7962, -536374, 13133, 531895, -20476, -533095, 7944, 540166, 22108, -550603, -61360, 558630, 107925, -564946, -159290, 574112, 199034, -578767, -213434, 567014, 213826, -547575, -215341, 541499, 207110, -549461, -171227, 553018, 112309, -544427, -45932, 530599, -23910, -511970, 100539, 480714, -183792, -434604, 267684, 376063, -338912, -304714, 379631, 220988, -382565, -133132, 355490, 55033, -308914, 815, 251466, -28102, -194919, 30840, 151333, -20386, -124691, 6499, 111930, 6735, -110462, -17612, 119637, 23783, -135634, -23103, 152036, 15354, -166618, -1145, 181462, -19414, -195532, 45024, 204418, -72724, -208065, 101276, 209081, -131047, -206619, 160466, 198767, -186716, -187729, 209755, 175910, -229614, -161138, 241545, 142268, -241065, -123943, 232310, 110749, -224255, -102048, 219007, 96248, -212685, -94466, 205518, 95803, -201512, -94567, 199802, 87354, -195361, -77280, 187901, 68371, -181496, -59778, 176052, 49533, -167634, -39406, 156225, 31927, -145420, -26485, 135575, 21864, -123974, -19137, 110759, 19513, -98789, -21039, 87396, 21319, -72996, -21818, 56108, 25945, -42709, -33723, 37465, 41918, -39314, -48758, 44923, 54261, -51923, -57450, 57610, 57366, -59176, -56059, 57258, 56172, -56024, -56495, 57919, 54038, -61007, -48991, 62984, 44062, -63548, -41537, 63219, 42533, -62745, -47083, 63664, 53090, -67098, -56759, 71927, 56601, -76124, -55072, 80135, 55070, -86262, -55347, 95706, 52123, -107425, -43999, 119822, 32694, -130740, -20511, 136735, 9393, -136303, -809, 132495, -5824, -129410, 13406, 126196, -23400, -118932, 33686, 107556, -41274, -95964, 45248, 86306, -46521, -77527, 46440, 68666, -46051, -59849, 45092, 50924, -42093, -42005, 36611, 34734, -30540, -30893, 26384, 30302, -25253, -31230, 26994, 32162, -30990, -32028, 35310, 29034, -36791, -22259, 34149, 13643, -30117, -6288, 28766, 1245, -31439, 3126, 36765, -8805, -42049, 16374, 42954, -23783, -36454, 27700, 25290, -27533, -16033, 26556, 12216, -27852, -11757, 31256, 11101, -34819, -8510, 36924, 4775, -36405, -2166, 33361, 2377, -30245, -4553, 29872, 5930, -31921, -4658, 33217, 1367, -31633, 2090, 27643, -4411, -22986, 5632, 19165, -7000, -16574, 9603, 14307, -12794, -11096, 14582, 6687, -13665, -1738, 10233, -2841, -5817, 6658, 2348, -10164, -416, 13946, -1449, -17341, 5242, 18461, -11206, -16097, 18143, 11020, -24606, -5175
1747889003.920, MrmFullScanInfo, 1136, 1511006420, 404978, 0, 0, 0, 0, 10000, 39297, 32, 4, 2, 1, 480, 0, 0, 0, 0, 0, 0, -132, 19, 267, -53, -283, 56, 220, -57, -93, 76, -67, -71, 175, 85, -200, -180, 184, 307, -160, -348, 116, 284, -41, -185, -17, 97, 68, -10, -121, -63, 204, 92, -326, -10, 425, -182, -412, 314, 267, -110, -103, -443, 50, 997, -190, -1073, 376, 610, -166, 16, -590, -355, 1283, 449, -1265, -642, 688, 1080, -35, -1460, -539, 1548, 949, -1363, -735, 951, -202, -522, 1218, 544, -1657, -1403, 1592, 2725, -1401, -3760, 1306, 4105, -1289, -3681, 1205, 2500, -884, -884, 516, -496, -630, 1172, 1302, -1251, -1711, 1052, 854, -579, 1337, -274, -3506, 1314, 4113, -1844, -2963, 1400, 1277, -376, -202, -513, -53, 866, -193, -490, 394, -864, -39, 2661, -954, -3565, 1900, 2824, -1960, -1243, 1107, 176, -215, 119, 331, -256, -2032, 853, 4819, -1902, -7087, 2815, 7164, -2885, -5138, 2241, 2513, -2680, -105, 5498, -2225, -9278, 4265, 11257, -4954, -10319, 4003, 7858, -2307, -5750, 1052, 4515, -745, -3623, 967, 2699, -1098, -1781, 693, 957, 518, -393, -2090, 480, 2775, -873, -2147, 893, 1231, -507, -1352, 233, 3301, -513, -7613, 1735, 13936, -3834, -19775, 5427, 22452, -4832, -21942, 2320, 20275, 75, -18473, -1004, 15903, 771, -12319, -148, 8530, -549, -5488, 1293, 3310, -1892, -1463, 1948, 63, -1364, 582, 644, -982, 76, 1969, -1342, -3300, 3601, 3761, -6520, -2618, 9288, -91, -11183, 3908, 11708, -8048, -10805, 11646, 8992, -14284, -7118, 16268, 5671, -17956, -4510, 19150, 3559, -19539, -2941, 19308, 2557, -18613, -2112, 17214, 1756, -15133, -1949, 13232, 2721, -12269, -3404, 12064, 3570, -12168, -3498, 12497, 3349, -13115, -2970, 14084, 2333, -15582, -1586, 17677, 588, -19548, 1030, 20195, -3231, -19617, 5821, 18459, -8889, -17047, 11851, 15533, -13476, -14450, 13593, 13880, -13469, -12638, 13950, 9721, -14331, -5522, 13875, 961, -12787, 3451, 11460, -7449, -9967, 10754, 8271, -13338, -6294, 15313, 3966, -16673, -1318, 17649, -1600, -18523, 4742, 18741, -7968, -17386, 10984, 14549, -13605, -11282, 15770, 8416, -17144, -6045, 17462, 4149, -16975, -2862, 16196, 1487, -15020, 1177, 12772, -5347, -9312, 9666, 5341, -12187, -1608, 11996, -1370, -9304, 3215, 5033, -3529, -1435, 3062, 934, -3916, -3186, 7312, 4707, -11456, -2565, 13063, -2543, -10621, 8153, 4979, -12117, 1859, 12950, -6376, -10977, 5357, 9266, 0, -10731, -4065, 14298, 2647, -16214, 2990, 14637, -9270, -10630, 13723, 6765, -15250, -5302, 14131, 6725, -12024, -9151, 10726, 9946, -10509, -8461, 10524, 6146, -10835, -4416, 12363, 3069, -15243, -928, 18378, -2567, -20488, 6861, 20753, -10814, -18650, 13237, 14196, -13429, -8338, 11595, 2508, -9018, 1194, 8051, -1410, -10821, -73, 16390, -572, -20266, 4926, 18489, -10492, -11047, 14159, 1066, -14790, 6604, 13189, -8013, -11418, 4035, 11193, -395, -11848, 1942, 10875, -7744, -6647, 13539, 110, -16198, 6451, 14912, -10429, -10919, 10332, 7129, -8014, -5808, 7662, 6188, -10982, -5505, 15165, 2571, -16689, 1495, 14546, -4594, -10154, 5572, 5887, -5461, -3351, 6259, 2414, -8356, -1885, 10049, 898, -9765, 668, 7348, -2475, -4200, 3917, 2699, -4800, -4410, 5735, 8261, -7017, -11150, 7608, 11048, -6110, -8443, 2728, 5150, 753
1747889004.015, MrmFullScanInfo, 1137, 1511006420, 405103, 0, 0, 0, 0, 10000, 39297, 32, 1, 2, 1, 480, 7218, -7565, -5940, 9288, 3891, -11355, -308, 11607, -3099, -10876, 7858, 10875, -11556, -9404, 15753, 6051, -15845, -2237, 20036, -2816, -23234, 9904, 21144, -16271, -16623, 20536, 9871, -28927, 1433, 34706, -16756, -31847, 27314, 27551, -50805, -19241, 84287, 1078, -102593, 27442, 114283, -59524, -141234, 109339, 166958, -176237, -156026, 222631, 129963, -242052, -121785, 317779, 99027, -402301, -47310, 428720, -1284, -434463, 71645, 468630, -170537, -507459, 225699, 457857, -261182, -385016, 365013, 383030, -469367, -394736, 457421, 251709, -472735, -150903, 508294, 65797, -520174, 73373, 519796, -169690, -505290, 178391, 502014, -313340, -519113, 451012, 459478, -446262, -329502, 466732, 301931, -505102, -269404, 520157, 76134, -519372, -13890, 481552, -110124, -484011, 294692, 513982, -309514, -434606, 336744, 326636, -436379, -303590, 507568, 264319, -497924, -125456, 511797, 35670, -519086, 73799, 520192, -236595, -519282, 266122, 466564, -284127, -469652, 386605, 510045, -476064, -409290, 454075, 292941, -467520, -293433, 497442, 303720, -518989, -192896, 510519, 171752, -505848, -248431, 499280, 451778, -463764, -512153, 177791, 510411, 40408, -511164, -90460, 518926, 69509, -511383, 1255, 506434, -48333, -511764, 156086, 519980, -292519, -499748, 310631, 430516, -377296, -428911, 452807, 459884, -508482, -332347, 502489, 239494, -508072, -218100, 513439, 213093, -520105, -150582, 519187, 141700, -514717, -163005, 514581, 221274, -519202, -247427, 505995, 265953, -481641, -334715, 481009, 423003, -501480, -374236, 461583, 340603, -411860, -373920, 446551, 420490, -494518, -324227, 471764, 246993, -472884, -218161, 498834, 167622, -518942, -56829, 508319, -16950, -464052, 125956, 452794, -246318, -442441, 279499, 329633, -282531, -233104, 304083, 153252, -306845, -84120, 249322, 49609, -186687, -33953, 156000, 23149, -132522, -25243, 109941, 37561, -96830, -50024, 106449, 61151, -130094, -68574, 145046, 67145, -139226, -52869, 172280, 39575, -210104, -20092, 215535, -4405, -213810, 27571, 236580, -60043, -259821, 94747, 239653, -111631, -235949, 138821, 239481, -164293, -240618, 190068, 210294, -184414, -186014, 170272, 179607, -181600, -175445, 195935, 155551, -178717, -165699, 146949, 166662, -156378, -169832, 171136, 150156, -163157, -134392, 150097, 129218, -157678, -122072, 167761, 101361, -150445, -81594, 129425, 70867, -128702, -59924, 127561, 46788, -104898, -38390, 81849, 33367, -70413, -33005, 60410, 31700, -43416, -27274, 29148, 30810, -20455, -39825, 13565, 47977, -11722, -52781, 10203, 65319, -11291, -79020, 14103, 75788, -20000, -63315, 21055, 75275, -24612, -89231, 29535, 84763, -35953, -79668, 36274, 85234, -40796, -91988, 45191, 81774, -46238, -71223, 37165, 81981, -43562, -93907, 54736, 90857, -63871, -87088, 67314, 92245, -80393, -96882, 96992, 84397, -97029, -79670, 106120, 79368, -124431, -75146, 144553, 57935, -139985, -44010, 131279, 32053, -135416, -19295, 138419, 7332, -121835, -6524, 112161, -2776, -112216, 12755, 114552, -19420, -97309, 20643, 82648, -26703, -76578, 30283, 71834, -27136, -58539, 23553, 45264, -26080, -39974, 29095, 35979, -28851, -29528, 27103, 25508, -28478, -22532, 28887, 21638, -26596, -20007, 34089, 10896, -37664, -5361, 43954, -641, -39228, 5709, 36031, -9151, -36407, 12419, 38142, -15695, -33783, 17880, 20032, -21076, -18367, 23732, 17604, -28752, -15672, 27375, 13793, -25765, -13418, 27238, 11811, -30139, -10820, 28537, 16450, -15001, -18580, 17489, 19860, -23014, -17576, 23480, 14964, -23606, -12995, 26371, 9435, -28114, -4616, 24414, 9123, -19504, -5406, 18273, 302, -16503, 4201, 10703, -7598, -5965, 10101, 1489, -11981, 3232, 8720, -6143, -2278, 16248, -3063, -19967, 7879, 23556, -11415, -22920, 12763, 21941, -18183, -21745, 24520, 18677, -24931, -12020
1747889004.031, MrmFullScanInfo, 1137, 1511006420, 405103, 0, 0, 0, 0, 10000, 39297, 32, 2, 2, 1, 480, 0, 0, 0, 0, 0, 0, -1740, 4438, 1388, -9672, 2068, 12027, -6927, -10906, 11368, 7759, -14584, -3994, 16604, 94, -17909, 4271, 18737, -9595, -18405, 15606, 15701, -21309, -9891, 25917, 776, -28686, 11185, 28380, -25014, -23736, 40714, 13669, -58831, 3368, 77483, -28390, -92836, 61189, 103433, -102538, -108776, 153009, 104446, -206527, -86393, 254040, 57509, -295952, -21720, 339281, -23070, -381400, 79713, 410169, -146842, -420696, 221052, 415771, -295727, -393620, 362002, 351581, -418900, -297830, 472001, 240941, -518289, -176403, 544353, 95617, -543672, 1706, 523433, -108525, -491991, 212283, 455182, -300828, -421298, 378265, 391862, -456542, -350800, 527963, 284070, -569179, -202705, 575644, 122592, -563917, -41393, 542379, -51200, -507552, 157660, 461489, -270452, -410492, 373641, 353644, -448092, -287221, 491648, 214711, -518946, -140311, 537480, 60486, -541207, 30208, 525329, -133101, -493600, 241994, 450409, -340219, -402010, 411740, 362004, -462831, -335040, 511101, 302405, -553104, -246051, 570725, 178816, -565095, -124159, 555628, 83684, -551038, -51454, 546732, 47394, -543500, -99647, 535483, 203146, -491149, -324199, 384216, 432815, -240877, -512913, 128074, 552188, -89901, -546881, 122661, 510049, -201108, -461670, 299262, 410860, -392672, -358743, 463950, 312472, -515269, -274986, 557310, 232148, -586094, -170408, 589943, 101289, -572244, -47213, 551019, 13456, -538272, 7092, 533694, -14254, -534711, 1773, 541663, 27919, -551970, -66328, 559798, 111834, -565888, -162325, 574789, 201892, -579225, -216723, 567533, 217425, -548411, -218421, 542527, 209083, -550313, -172298, 553494, 113191, -544641, -47678, 530979, -20602, -513153, 96225, 482885, -180223, -437067, 266434, 377766, -340201, -305157, 382641, 220533, -386309, -132396, 359378, 54419, -312717, 1198, 255116, -28441, -198315, 31556, 154143, -21763, -126472, 8295, 112630, 4978, -110572, -16151, 119764, 22686, -136030, -22403, 152624, 15045, -167330, -1048, 182341, -19616, -196634, 45490, 205771, -73487, -209741, 102429, 211201, -132619, -209039, 162103, 201013, -187670, -189473, 209540, 177245, -228671, -162331, 240878, 143479, -241532, -125246, 234346, 112144, -227726, -103677, 222867, 98941, -215488, -99665, 206883, 104116, -202724, -104739, 202562, 96982, -200339, -84320, 194662, 72027, -188879, -60278, 182612, 47425, -171998, -34837, 157339, 24638, -142604, -16557, 128474, 10036, -112429, -6383, 94502, 6710, -77630, -9721, 63297, 13377, -50629, -17466, 39231, 23379, -30525, -31528, 25973, 40704, -25498, -49986, 28072, 58787, -32735, -64771, 38047, 65838, -42070, -64364, 44642, 64887, -47942, -67763, 53165, 69653, -58753, -69543, 63140, 68902, -66461, -67425, 68315, 64323, -67622, -62123, 66226, 63820, -68597, -67538, 76322, 68924, -86468, -67149, 96615, 63823, -106461, -59053, 115358, 52450, -122666, -45132, 130429, 37265, -140258, -26687, 148569, 12766, -150198, 1764, 145163, -14215, -137333, 23976, 128684, -30954, -119320, 35482, 110692, -39406, -103864, 44284, 96796, -49042, -87019, 51653, 75310, -51577, -64337, 49477, 54964, -45969, -46323, 41970, 38039, -38799, -30608, 37027, 24370, -36056, -19272, 35200, 15345, -34269, -12659, 33728, 10483, -34307, -7176, 36309, 1488, -38630, 6024, 39259, -13274, -37298, 18487, 33971, -21518, -31141, 23538, 28476, -25353, -24165, 26691, 17999, -27435, -11923, 28205, 7632, -29211, -5193, 29935, 4006, -30220, -3360, 30489, 2985, -30108, -3591, 28067, 6132, -25285, -9841, 24109, 12195, -25257, -11508, 27114, 8329, -28261, -4152, 28371, 417, -27245, 1749, 24876, -2276, -21842, 2598, 18512, -4206, -14453, 6923, 9258, -9486, -3349, 10702, -2233, -9736, 6927, 6146, -10839, -179, 14195, -6990, -16726, 13642, 17899, -18583, -17675, 22044, 16286, -24961, -13624
1747889004.047, MrmFullScanInfo, 1137, 1511006420, 405103, 0, 0, 0, 0, 10000, 39297, 32, 4, 2, 1, 480, 0, 0, 0, 0, 0, 0, -17, 16, -16, -53, 199, 58, -452, 44, 534, -167, -362, 153, 148, -25, -27, -96, -25, 181, -13, -184, 180, 26, -334, 224, 310, -335, -189, 242, 142, -126, -155, 128, 122, -188, -48, 282, 7, -360, -10, 364, 53, -304, -29, 200, -115, -131, 236, 224, -189, -526, 145, 749, -79, -730, -65, 675, 114, -620, -62, 246, 188, 434, -567, -877, 752, 665, -489, -52, 0, -537, 440, 828, -656, -539, 376, -240, 374, 907, -981, -941, 898, 578, -404, -189, -4, 21, 288, -174, -558, 492, 731, -615, -344, 320, -539, 298, 1341, -972, -1510, 1534, 1117, -2062, -586, 2666, 82, -3352, 340, 3844, -669, -3849, 827, 3378, -829, -2884, 920, 2733, -1276, -2665, 1728, 2349, -2100, -1841, 2405, 1447, -2804, -1135, 3082, 712, -3062, -200, 3113, -309, -3647, 863, 4686, -1250, -5426, 981, 5100, 82, -3680, -1371, 1914, 1984, -552, -1825, -152, 1591, 213, -1692, 182, 2056, -706, -2499, 1120, 2825, -1398, -2670, 1417, 1955, -1251, -1110, 1331, 389, -1838, 290, 2657, -906, -3634, 1393, 4308, -1607, -4123, 1409, 2696, -772, -355, -129, -1934, 847, 3328, -801, -3688, 53, 3566, 609, -2923, -725, 1581, 619, -85, -612, -609, 533, 403, -148, -83, -362, 418, 576, -1695, -152, 3370, -889, -4349, 2030, 3767, -2588, -1740, 2375, -738, -1862, 2794, 1731, -4251, -2053, 5459, 2386, -6584, -2328, 7495, 1758, -7988, -771, 7939, -301, -7372, 1001, 6630, -1162, -6136, 960, 6060, -624, -6100, 298, 5854, 46, -5330, -399, 4921, 617, -4885, -600, 5122, 347, -5523, 70, 6108, -536, -6626, 727, 6773, -223, -6770, -781, 7078, 1285, -7584, -538, 7841, -1304, -7779, 3742, 7530, -6224, -7335, 7639, 7966, -7157, -10227, 5785, 13274, -5621, -14780, 7371, 13264, -9746, -9268, 11387, 4363, -11647, 295, 10374, -4310, -7641, 7947, 3745, -11562, 971, 14879, -6193, -17273, 11725, 18602, -17685, -19043, 24000, 17631, -28261, -13576, 27328, 8676, -22030, -5530, 17343, 4104, -16782, -2258, 19303, -1007, -22463, 5055, 24815, -8572, -24887, 10596, 21510, -11513, -15496, 13026, 9216, -16301, -4278, 20707, 489, -24974, 2786, 28020, -5834, -27843, 7889, 23319, -7778, -16986, 6379, 12953, -6677, -12141, 10301, 11785, -15619, -9378, 19841, 4443, -20983, 1024, 18552, -3686, -14319, 2220, 11648, 596, -12203, -642, 14112, -3145, -14045, 8642, 10306, -12893, -3675, 13422, -2509, -9681, 4285, 4438, -789, -1824, -4419, 3198, 7036, -6210, -6009, 8018, 3080, -7621, -390, 5917, -1176, -4541, 2245, 4625, -4343, -5806, 8390, 6601, -13579, -5772, 18168, 3073, -20978, 1160, 21471, -5065, -19376, 5686, 15878, -2246, -13475, -1792, 13310, 2087, -13785, 2053, 12427, -8013, -8285, 12438, 2376, -13183, 2751, 10553, -4806, -7183, 3949, 5488, -2579, -5366, 2629, 4972, -3825, -3009, 4730, -271, -4158, 3377, 2609, -5108, -1825, 5881, 2612, -6844, -3674, 8087, 3178, -8650, -683, 7873, -3008, -5740, 6584, 3188, -8577, -1863, 8381, 2734, -6886, -4683, 5462, 5385, -4524, -3657, 3496, 97, -1983, 3817, 201, -6197, 1409, 5556, -2344, -2205, 2421, -1520, -2146, 3112, 2489, -2023, -4073, -435, 6450, 2607, -8309
1747889004.143, MrmFullScanInfo, 1138, 1511006420, 405228, 0, 0, 0, 0, 10000, 39297, 32, 1, 2, 1, 480, 7067, -7168, -5830, 8855, 4358, -11324, -443, 12178, -2629, -10858, 6630, 11048, -12115, -9770, 15491, 6093, -15281, -2091, 19823, -2628, -23585, 10048, 21086, -15672, -16068, 20631, 9497, -28285, 1145, 35186, -16796, -32039, 27009, 27365, -50545, -19026, 83703, 1934, -101946, 26746, 114737, -59510, -141979, 108217, 168511, -176150, -158516, 223183, 130863, -240103, -123406, 320208, 104414, -403615, -52530, 429777, 2942, -436851, 65557, 470877, -166439, -508490, 219446, 462117, -253485, -386711, 363365, 386779, -467912, -402724, 452533, 258226, -470785, -152077, 508116, 71766, -520154, 70710, 519764, -166997, -505193, 175043, 503814, -311941, -519532, 450200, 460455, -442457, -329954, 465068, 306040, -505784, -272216, 520162, 82087, -519411, -14493, 481090, -113616, -483203, 292468, 513291, -310815, -434925, 338670, 323813, -436608, -301536, 507658, 263124, -497263, -122471, 512500, 34841, -519345, 77265, 520192, -238631, -518882, 269442, 465764, -289604, -469620, 387219, 509503, -477091, -406555, 455267, 292555, -469525, -287406, 499327, 300691, -519245, -188963, 511861, 164467, -507823, -243634, 501018, 445689, -469189, -511229, 187944, 510721, 40512, -511221, -88439, 518554, 69289, -512290, 2130, 506193, -51061, -511591, 157013, 519992, -294097, -499140, 312299, 431432, -377091, -426513, 454125, 459492, -509001, -333323, 503748, 235730, -507808, -215732, 513977, 212060, -520061, -145227, 518971, 142108, -514921, -160703, 514268, 230299, -518789, -259123, 505721, 271156, -478755, -342534, 477810, 433202, -500076, -381119, 459462, 342493, -411640, -377147, 446635, 425047, -493551, -329025, 472211, 247073, -473924, -216335, 499854, 164015, -519254, -51836, 509600, -20421, -463909, 129006, 452441, -249211, -443111, 280828, 329655, -286447, -230762, 309670, 148512, -311520, -79037, 251685, 42242, -186860, -27138, 153838, 17934, -130357, -18805, 105964, 33516, -92134, -45981, 100978, 57062, -125163, -66380, 140268, 64637, -135506, -50718, 167636, 38698, -206228, -17985, 211647, -4796, -211582, 26848, 233630, -59478, -257681, 94513, 237516, -112761, -231640, 141083, 233854, -164123, -235677, 187262, 207441, -179683, -184749, 165643, 176817, -175957, -175560, 190188, 155882, -174337, -165274, 138423, 169283, -147920, -176831, 161551, 159208, -156418, -144510, 146151, 140935, -154784, -136121, 168332, 113868, -153827, -93735, 135417, 81972, -134928, -70664, 135296, 55538, -113868, -43856, 90090, 37158, -78443, -35586, 66754, 32916, -44658, -30095, 41658, 30051, -31895, -36123, 23723, 40389, -18049, -47100, 12797, 60400, -12415, -77126, 13235, 78932, -17877, -51984, 23404, 60393, -24339, -72224, 26503, 71231, -30173, -72066, 30701, 81049, -36117, -93270, 41730, 87519, -47332, -63796, 31517, 73890, -35487, -87469, 44151, 87874, -54267, -87083, 60436, 94726, -76234, -102541, 95402, 90379, -99213, -78749, 101071, 79669, -117834, -75787, 136789, 61117, -133745, -47994, 129029, 36152, -135645, -25205, 142753, 11468, -127753, -3694, 113511, -4909, -111658, 12987, 110919, -16173, -96047, 15881, 83083, -21474, -78694, 26663, 77414, -25318, -65843, 23526, 52656, -25291, -48948, 28668, 45065, -27791, -36002, 25709, 28735, -27951, -24548, 30853, 21939, -30534, -17445, 39315, 7307, -42386, -445, 45424, -5775, -37347, 9475, 30915, -10751, -30229, 12808, 32894, -15227, -29380, 16564, 9606, -30001, -6225, 28448, 4303, -26291, -4323, 19047, 5527, -14817, -7929, 14629, 9556, -16061, -10063, 16668, -4892, -3824, -2644, 6054, 10997, -10082, -15763, 12589, 17958, -14816, -20197, 17883, 20934, -19791, -16211, 18581, 4150, -8107, -576, 11001, -3721, -11563, 5139, 7269, -4983, -3081, 3345, -736, -2200, 5064, 1007, -7924, -9560, 24962, 8071, -31253, -1496, 37949, -9903, -34074, 18689, 27786, -28206, -23902, 35638, 22584, -34071, -19873
1747889004.159, MrmFullScanInfo, 1138, 1511006420, 405228, 0, 0, 0, 0, 10000, 39297, 32, 2, 2, 1, 480, 0, 0, 0, 0, 0, 0, -1787, 4403, 1562, -9716, 1734, 12249, -6497, -11281, 10987, 8167, -14360, -4301, 16473, 252, -17759, 4211, 18596, -9548, -18327, 15512, 15628, -21111, -9773, 25628, 673, -28450, 11197, 28331, -24934, -23847, 40547, 13849, -58536, 3067, 77132, -27897, -92673, 60587, 103738, -102037, -109727, 152845, 105966, -206741, -88164, 254528, 59430, -296771, -24147, 340776, -19802, -383845, 75707, 413431, -142530, -424383, 216728, 419579, -291264, -397542, 357381, 355792, -414748, -302517, 469118, 246302, -516838, -182334, 543914, 101471, -543861, -3326, 524065, -104548, -492882, 209133, 456224, -298257, -422525, 376196, 393280, -454925, -352243, 526505, 285614, -567747, -204766, 574709, 125503, -564090, -44899, 543586, -48170, -508924, 156098, 462015, -270341, -409910, 374200, 352397, -448765, -285645, 492226, 212866, -519104, -138310, 537076, 58568, -540497, 32033, 524654, -135041, -493024, 244234, 449688, -342921, -400905, 414808, 360507, -465771, -333312, 513251, 300670, -554275, -244181, 571345, 176318, -565479, -120710, 555717, 79325, -550771, -46411, 546276, 41779, -543292, -93863, 536491, 197909, -494116, -320076, 388578, 430071, -244969, -511566, 130680, 552022, -91236, -547332, 123582, 510405, -202214, -461463, 300591, 410177, -393961, -357869, 464986, 311540, -515956, -274102, 557777, 231294, -586516, -169281, 590225, 99583, -572138, -44914, 550433, 10894, -537359, 9511, 532714, -15609, -534067, 429, 541969, 32927, -553580, -74166, 562086, 120720, -567687, -171268, 575631, 210370, -579527, -223795, 567743, 222460, -548643, -221979, 542884, 212109, -551013, -174785, 554581, 114194, -545693, -46415, 531387, -23916, -512653, 100563, 481697, -184439, -435689, 269825, 376662, -342796, -304369, 385084, 219320, -389241, -129624, 362660, 49470, -315304, 7908, 255803, -35693, -196626, 38119, 150525, -27004, -121721, 12237, 107281, 2033, -104842, -13962, 113839, 21108, -130235, -21321, 147269, 14330, -162491, -577, 177894, -19867, -192526, 45430, 202133, -72973, -206746, 101451, 208861, -131498, -206987, 161349, 198484, -187428, -185754, 209160, 172514, -227049, -157873, 237450, 140628, -236688, -124383, 228869, 112816, -222241, -105220, 217519, 100981, -209888, -102586, 200552, 109102, -195951, -112746, 196616, 107756, -196568, -96733, 193758, 84963, -190889, -72924, 187353, 59097, -179102, -45065, 166175, 33328, -152515, -23672, 138921, 15310, -122852, -9557, 104210, 7950, -85778, -9812, 69810, 13111, -56881, -16565, 46923, 20337, -39542, -25267, 34073, 32145, -30531, -41606, 29615, 53110, -31982, -62212, 36655, 63746, -40713, -58716, 42373, 53869, -43128, -53681, 45292, 56912, -49318, -61569, 54654, 66673, -61020, -69115, 66182, 66134, -66472, -60917, 62431, 59798, -60248, -63729, 64912, 68021, -75438, -69747, 88915, 68846, -103262, -64570, 115658, 56546, -123622, -47168, 128997, 38529, -135420, -29183, 142030, 17293, -144789, -4039, 143032, -8572, -139124, 20008, 133320, -29837, -124303, 37098, 113381, -41772, -103391, 44773, 94667, -46430, -85723, 46834, 76589, -46681, -68464, 46455, 61158, -45602, -53545, 43723, 45663, -41495, -38428, 39642, 31980, -38031, -25809, 36470, 19949, -35318, -14804, 35329, 9934, -36877, -4005, 39386, -3708, -40960, 12036, 39436, -18511, -34632, 21551, 28983, -21888, -25236, 21767, 22659, -23058, -17890, 25629, 9527, -27698, -376, 27478, -5347, -24583, 5921, 20542, -2578, -17498, -1871, 16688, 4067, -16596, -2603, 14475, 101, -10396, -662, 7952, 5068, -9886, -10261, 15024, 13506, -20459, -14111, 24067, 12067, -24343, -7654, 20719, 2199, -14797, 2521, 9451, -5623, -6046, 7044, 3703, -6715, -1272, 4838, -1564, -2626, 5559, 1394, -12082, -497, 21170, -2682, -29769, 9822, 33475, -19504, -30433, 28784, 22684, -35403, -14351
1747889004.174, MrmFullScanInfo, 1138, 1511006420, 405228, 0, 0, 0, 0, 10000, 39297, 32, 4, 2, 1, 480, 0, 0, 0, 0, 0, 0, -50, -29, 162, -62, -251, 243, 246, -351, -165, 332, 83, -235, -79, 140, 150, -87, -164, 105, 87, -155, -10, 202, -14, -195, 26, 99, -71, 48, 144, -155, -238, 221, 359, -369, -390, 611, 187, -761, 283, 656, -922, -268, 1509, -180, -1815, 492, 2006, -765, -2508, 1294, 3379, -2136, -4130, 2946, 4373, -3366, -4326, 3478, 4446, -3719, -4521, 4278, 3875, -4943, -2539, 5564, 1266, -5926, -512, 5619, 95, -4625, 262, 3601, -642, -3027, 1103, 2703, -1539, -2235, 1706, 1696, -1549, -1473, 1501, 1477, -1899, -1095, 2615, 118, -3128, 892, 2851, -1209, -1844, 656, 832, 122, -285, -512, -22, 632, 221, -704, -70, 638, -288, -385, 458, 285, -360, -532, 241, 938, -297, -1390, 482, 1794, -673, -1864, 786, 1342, -710, -558, 689, 160, -1130, -139, 1941, 116, -2675, -26, 3102, 77, -3362, -451, 3411, 1595, -3177, -3320, 2810, 4467, -2285, -4105, 1483, 2634, -523, -1277, -187, 643, 348, -555, -36, 516, -272, -284, 369, 56, -417, 35, 379, 57, -218, -303, 232, 454, -503, -310, 741, 5, -701, 243, 498, -360, 270, 201, -2455, 518, 5635, -1635, -8156, 2288, 9085, -1924, -9101, 1067, 8765, -501, -7692, 367, 5965, -409, -4446, 544, 3562, -787, -2703, 1023, 1220, -922, 623, 426, -2038, 102, 2685, -376, -2856, 434, 2950, -429, -3199, 570, 3778, -1264, -4606, 2808, 5113, -4847, -4540, 6541, 2737, -7177, -375, 6756, -1704, -5763, 3177, 4659, -4151, -3649, 4750, 2753, -4950, -1962, 4749, 1293, -4296, -762, 3826, 399, -3442, -162, 3033, -71, -2442, 396, 1642, -694, -770, 664, 315, -243, -801, -32, 2106, -546, -3154, 2045, 2825, -3652, -1166, 4476, -843, -4311, 2377, 3531, -3273, -3022, 4113, 3582, -5944, -4884, 9236, 5400, -12918, -3910, 15263, 805, -15589, 2764, 14463, -5875, -12604, 8205, 10287, -9593, -7605, 9901, 4790, -9245, -2016, 7868, -685, -5821, 3235, 2929, -5260, 925, 5825, -4046, -4694, 3793, 3646, -181, -4821, -3043, 7685, 2389, -9385, 1650, 7991, -6379, -3724, 9602, -720, -10319, 1811, 9139, 1670, -8008, -6716, 8443, 8607, -9841, -5451, 10066, -1228, -7849, 8479, 3505, -12562, 732, 10921, -1624, -5275, -1859, 833, 6635, -946, -8371, 4090, 5664, -6982, -203, 7628, -5266, -5918, 8117, 3282, -7002, -1748, 3170, 2289, 282, -3831, -1087, 4465, -440, -3375, 2678, 1170, -4254, 1025, 4709, -2464, -4239, 2935, 3181, -2398, -2017, 993, 1419, 760, -1875, -2001, 3324, 2027, -5201, -675, 6810, -1593, -7569, 3954, 7216, -5593, -5773, 6019, 3350, -5140, -188, 3323, -3191, -1265, 6179, 90, -8267, -779, 9549, 2886, -10595, -4133, 11456, 2330, -11174, 2328, 8790, -7560, -4622, 10938, 104, -11670, 2615, 11167, -2336, -11731, 677, 13868, -1055, -15346, 5021, 13704, -10529, -8769, 14653, 2532, -15955, 1384, 15335, -307, -15111, -4135, 16568, 6790, -18212, -4276, 17414, -1839, -13380, 8118, 7694, -12306, -2602, 13196, 94, -10510, -1138, 5944, 4470, -2377, -7013, 1276, 6711, -1946, -4207, 3343, 1229, -4659, 926, 4722, -1070, -2542, -1873, -1022, 7604, 3233, -13513, -1927, 16177, -2327, -14110, 6946, 8930, -9533, -4221
1747889004.270, MrmFullScanInfo, 1139, 1511006420, 405354, 0, 0, 0, 0, 10000, 39297, 32, 1, 2, 1, 480, 6972, -7378, -6163, 9254, 4420, -11167, -416, 11782, -3041, -10412, 7667, 10803, -11575, -9672, 16054, 6299, -15686, -2031, 20293, -2539, -23195, 10021, 20629, -16109, -16439, 21047, 10110, -28725, 1502, 34721, -16193, -32312, 27027, 28007, -49744, -20085, 84664, 2420, -103054, 27109, 115856, -59285, -141684, 106882, 169308, -176203, -159265, 222288, 131787, -241122, -125831, 318453, 106711, -402472, -52524, 430458, 3125, -438805, 65255, 471907, -165834, -509629, 219805, 462259, -255444, -391229, 360457, 390293, -465687, -406385, 455429, 259958, -470931, -157716, 508251, 72638, -520135, 67694, 519795, -167030, -505649, 175007, 504553, -308077, -519323, 447340, 460901, -443930, -334559, 465278, 307239, -505476, -275076, 520126, 82020, -519492, -16947, 483213, -107507, -485205, 288538, 514144, -310604, -440560, 337441, 328681, -436183, -304018, 507860, 263287, -498490, -122478, 512557, 36455, -519469, 75387, 520192, -233575, -519198, 267340, 468010, -289023, -470671, 385257, 509750, -476662, -408566, 456208, 295456, -469319, -293993, 498708, 304836, -519083, -197908, 511767, 170128, -507224, -246203, 500767, 446519, -468682, -511281, 193664, 510977, 39286, -512023, -89017, 518872, 71179, -512443, -441, 506385, -52161, -512485, 157045, 519899, -291515, -500444, 313088, 433677, -379059, -431066, 454221, 460918, -507801, -339495, 503504, 241224, -507294, -222453, 513761, 218032, -520132, -155519, 519260, 154970, -514890, -181855, 512783, 255495, -518120, -285399, 501500, 293741, -471837, -364498, 470372, 449595, -496479, -395609, 455724, 349090, -409315, -381217, 446405, 427962, -494508, -328943, 473608, 246702, -477363, -221725, 501187, 156447, -519232, -44345, 509482, -28744, -462165, 142817, 449461, -261713, -438660, 289995, 322359, -292432, -223117, 305714, 144176, -305126, -68458, 244682, 33951, -174915, -21227, 139019, 12321, -114098, -16603, 87757, 32482, -77042, -45329, 85053, 60382, -108020, -68991, 125540, 67851, -126887, -53480, 160838, 39717, -199752, -19829, 204482, -4348, -205991, 27415, 228278, -58048, -248574, 94742, 229393, -111227, -219762, 140527, 218353, -162385, -216814, 182152, 189458, -169600, -170964, 154764, 165673, -159715, -163522, 168538, 149419, -156562, -150022, 114056, 159710, -121054, -175013, 133180, 164810, -131409, -156221, 129486, 160521, -142345, -159343, 160038, 135881, -153710, -112242, 136791, 101680, -141616, -89802, 147424, 70273, -126248, -54820, 105824, 45338, -98996, -39123, 89914, 33438, -64725, -36870, 58025, 33898, -47729, -34372, 39020, 35746, -30404, -38152, 23265, 43859, -21476, -54628, 19368, 56606, -19667, -51312, 29584, 57082, -31253, -64530, 32925, 58536, -32923, -56073, 30321, 60370, -30691, -72099, 32902, 72044, -35324, -65245, 39773, 71724, -43180, -81992, 50648, 80757, -54959, -79527, 58032, 88026, -68488, -97920, 85432, 91030, -90890, -77451, 108406, 74447, -124180, -68157, 142211, 52741, -136524, -39812, 129150, 31153, -134607, -22577, 141958, 12196, -129519, 746, 118585, -16267, -112288, 31939, 105836, -37022, -82943, 36268, 66859, -38489, -60864, 40818, 60645, -35270, -53971, 28007, 48592, -28450, -50078, 31069, 51816, -31441, -45486, 30096, 39549, -34369, -32848, 38935, 25023, -37518, -15364, 33474, 2040, -41762, 3891, 51110, -12271, -46244, 20595, 39105, -23859, -32739, 29569, 26802, -34449, -17912, 30086, 8027, -34067, -2616, 38174, -3724, -40376, 9577, 31426, -11452, -21156, 11477, 13180, -10321, -9014, 5988, 6527, -14277, -11443, 14401, 8229, -14592, -4652, 8082, 2365, -1304, -2089, -4858, 4026, 6888, -6706, -4543, 8190, -9944, -4765, 11028, 3728, -12571, -1128, 11193, -797, -10274, 2824, 11359, -6387, -14665, 14003, 12163, -20200, -16168, 25173, 12573, -30805, -6783, 37415, -2825, -36571, 10254, 33651, -19779, -35757, 30233, 37916, -34287, -33235
1747889004.286, MrmFullScanInfo, 1139, 1511006420, 405354, 0, 0, 0, 0, 10000, 39297, 32, 2, 2, 1, 480, 0, 0, 0, 0, 0, 0, -1831, 4440, 1601, -9688, 1813, 12021, -6712, -10856, 11236, 7719, -14566, -4016, 16702, 155, -18063, 4220, 18842, -9555, -18370, 15563, 15529, -21279, -9691, 25921, 688, -28754, 11091, 28576, -24735, -24156, 40347, 14379, -58616, 2448, 77719, -27542, -93624, 60595, 104651, -102112, -110423, 152683, 106604, -206437, -89025, 254350, 60719, -296759, -25839, 340833, -18080, -384031, 74502, 413982, -142111, -425360, 216932, 420731, -291864, -398728, 358130, 357332, -415273, -304972, 469376, 249712, -517336, -186078, 545115, 104877, -545530, -6146, 525591, -102319, -493934, 207568, 456843, -297188, -422940, 375088, 393784, -453426, -353276, 525131, 287412, -567364, -207090, 575447, 127754, -565278, -46666, 544683, -46543, -510095, 153882, 463819, -267429, -412735, 371514, 356200, -447398, -289987, 492458, 216881, -520376, -141012, 538527, 59697, -541477, 31743, 525055, -134347, -493275, 242349, 450471, -340186, -402565, 412289, 362662, -464223, -335277, 512668, 302227, -554391, -245926, 572008, 179071, -566600, -124973, 557252, 85027, -552683, -52746, 548337, 47417, -544977, -97634, 537635, 199542, -495215, -320065, 390010, 429264, -246289, -510863, 131022, 552027, -90475, -548121, 122461, 511546, -201424, -462460, 300169, 411024, -393822, -359071, 465453, 313432, -517175, -276691, 559274, 234689, -587823, -173761, 591419, 105169, -573562, -51363, 552310, 18364, -539844, 0, 536007, -2415, -538504, -17607, 547709, 55307, -559925, -98797, 567433, 145185, -570772, -193746, 576593, 229448, -579397, -238253, 567352, 231837, -548341, -226867, 542911, 213777, -551637, -174814, 555987, 113605, -547661, -44856, 532946, -27602, -512466, 107035, 478992, -193332, -430480, 280124, 369342, -352803, -295584, 392430, 210279, -391792, -121731, 359703, 43370, -307650, 12551, 244707, -39240, -182921, 40189, 134792, -26957, -104849, 9851, 90433, 6423, -88831, -19811, 98836, 28023, -116435, -28809, 135477, 21417, -153434, -6253, 171209, -15938, -186996, 42813, 196783, -70950, -201105, 99459, 202636, -129109, -199799, 158281, 189795, -183500, -174848, 203907, 158976, -219509, -142641, 226738, 126052, -222782, -112712, 212257, 105030, -203426, -100669, 196805, 98030, -187138, -100417, 175331, 109245, -168873, -118161, 170517, 120160, -175348, -115531, 180181, 107867, -185458, -96921, 188695, 81498, -185186, -64587, 175566, 49979, -164757, -37481, 153852, 25717, -140010, -15889, 123193, 9802, -106180, -7704, 90575, 8949, -76656, -12422, 64953, 16531, -55578, -20248, 47671, 24004, -40960, -28959, 36204, 35536, -34299, -42033, 35437, 45959, -38799, -46937, 43154, 46653, -47248, -46170, 49788, 45514, -50149, -45885, 49359, 48879, -49649, -53240, 52193, 55972, -56071, -56548, 60333, 57107, -65328, -58534, 71246, 59910, -77539, -61364, 84839, 63273, -94525, -63244, 106219, 58109, -117932, -47882, 128998, 34894, -139164, -20709, 145659, 6581, -145809, 5416, 141455, -14461, -136733, 22369, 132203, -31235, -125122, 41467, 114231, -51925, -100447, 60282, 84700, -63937, -68410, 62420, 54587, -58097, -45775, 53489, 41565, -49319, -39828, 45772, 39119, -43688, -38641, 43419, 37223, -44042, -33726, 44611, 27932, -44806, -20343, 44066, 11494, -41977, -2005, 39813, -7652, -39206, 17321, 39301, -26291, -37231, 33172, 31660, -37117, -23711, 38354, 14933, -37571, -6311, 35792, -1612, -34447, 8784, 33777, -15116, -31789, 19611, 26540, -20791, -18637, 18269, 10895, -13999, -5949, 11180, 4211, -11600, -3844, 13763, 2886, -14137, -1228, 10645, 502, -4294, -1981, -1709, 5212, 3833, -7967, -661, 7849, -5688, -4439, 11167, -282, -13174, 3964, 12248, -5934, -10559, 7495, 9581, -10561, -9171, 15814, 8357, -22287, -6232, 28529, 2011, -33226, 4704, 35098, -13117, -33681, 21933, 30192, -30275, -26411
1747889004.302, MrmFullScanInfo, 1139, 1511006420, 405354, 0, 0, 0, 0, 10000, 39297, 32, 4, 2, 1, 480, 0, 0, 0, 0, 0, 0, -57, 24, 94, 7, -20, -135, -98, 282, 154, -303, -149, 178, 183, -37, -239, -18, 181, 18, -8, 11, -113, -99, 98, 208, 5, -247, -123, 251, 253, -364, -292, 613, 65, -760, 424, 591, -867, -283, 1022, 168, -1065, -241, 1239, 201, -1571, 43, 2065, -312, -2675, 596, 3068, -1069, -2866, 1760, 2188, -2352, -1542, 2567, 1182, -2671, -1056, 3210, 1035, -4367, -783, 5587, 38, -6104, 977, 5672, -1632, -4691, 1647, 3657, -1314, -2701, 1024, 2028, -955, -1885, 1114, 2107, -1613, -1944, 2390, 982, -3086, 296, 3301, -1155, -3026, 1476, 2781, -1670, -2970, 2067, 3259, -2757, -2802, 3547, 1343, -3983, 348, 3567, -1320, -2222, 1330, 719, -758, 63, 202, 308, -106, -1405, 633, 2090, -1431, -1682, 1815, 660, -1529, 87, 1111, -444, -1292, 808, 2156, -1240, -3404, 1634, 4577, -1956, -4985, 2085, 4073, -1815, -2104, 1742, 61, -2465, 1363, 3352, -1855, -3121, 1350, 1515, -199, 170, -888, -771, 1286, 430, -973, -36, 662, -167, -970, 655, 1668, -1310, -2429, 1575, 3327, -1455, -4384, 1382, 5319, -1524, -6006, 1821, 6994, -2308, -9146, 3080, 13274, -4340, -19191, 6012, 24964, -7125, -28262, 6380, 28410, -3898, -26357, 1367, 22755, -36, -17615, -254, 11751, 126, -6618, 272, 3076, -988, -1129, 1889, -99, -2409, 1890, 1761, -4680, 269, 7776, -2961, -10221, 5513, 11531, -7590, -11172, 9056, 8625, -9571, -4098, 9075, -1254, -8140, 6238, 7366, -10455, -6480, 14041, 4767, -16898, -2186, 18594, -628, -18917, 3037, 18292, -4826, -17359, 6174, 16079, -6984, -13875, 6770, 10921, -5477, -8375, 3808, 7064, -2593, -6669, 2152, 6671, -2267, -6948, 2680, 7767, -3204, -9475, 3930, 12219, -5426, -15296, 8283, 16896, -12149, -15594, 15797, 11885, -18599, -7377, 20661, 3771, -22467, -1865, 24710, 481, -27616, 2969, 29666, -9634, -28201, 17676, 22231, -24466, -13261, 28444, 3888, -29104, 3895, 26859, -9361, -23155, 13037, 19398, -15924, -15662, 18400, 11334, -20171, -6326, 21241, 1068, -21544, 3203, 20960, -5062, -20038, 4939, 19420, -5278, -18424, 7743, 15689, -11685, -11060, 15876, 5521, -19391, -96, 20471, -3730, -17776, 4168, 13207, -1387, -10751, -1386, 12017, 872, -14932, 3168, 16819, -8673, -16201, 13256, 12610, -14332, -7258, 10373, 3347, -3358, -3226, -1890, 5640, 2209, -7239, 1277, 6136, -5507, -2687, 7997, -1251, -7353, 3234, 3784, -1641, 489, -2671, -2759, 6858, 2197, -8563, -245, 7392, -1161, -4470, 882, 1830, 987, -1706, -2850, 5195, 2240, -10911, 2343, 15608, -9769, -16713, 16882, 14180, -20824, -10010, 20589, 6264, -16711, -3957, 10396, 3286, -3163, -4096, -3312, 5888, 7694, -7881, -9336, 9470, 8143, -10234, -4458, 9219, -513, -5879, 4777, 1874, -7238, -29, 8921, 985, -11326, -2118, 14383, 402, -16648, 4978, 16595, -11500, -13751, 15318, 9637, -15256, -6844, 14191, 6173, -15418, -5489, 18792, 2109, -21556, 4410, 21252, -11956, -17813, 16682, 14036, -16229, -13738, 13004, 17569, -12104, -21430, 15473, 20721, -19968, -15033, 21936, 7794, -20503, -3089, 17111, 2843, -13961, -5624, 12649, 7915, -12937, -7258, 13038, 4486, -11602, -2317, 9438, 2444, -8667, -4092, 9735, 5442, -10769, -5838, 10174, 5863, -8612, -5805, 7798, 5281, -8508, -3764, 10594, 916, -13195
1747889004.381, MrmFullScanInfo, 1140, 1511006420, 405479, 0, 0, 0, 0, 10000, 39297, 32, 1, 2, 1, 480, 6896, -7409, -6312, 9676, 3684, -11173, -712, 11190, -3194, -10795, 6190, 10840, -12123, -9454, 15773, 5773, -15620, -1548, 19870, -2603, -23258, 10314, 20326, -16062, -16168, 20865, 9761, -28785, 923, 35551, -16546, -32492, 27938, 28024, -50409, -19377, 84509, 1281, -102619, 27897, 115091, -59971, -142769, 107190, 168672, -175363, -156577, 222893, 131317, -241927, -124314, 318760, 103993, -402450, -51437, 429796, 1348, -436912, 64898, 471063, -166901, -508042, 222909, 460216, -256627, -386799, 362488, 385521, -465530, -401396, 454895, 256667, -472259, -155435, 507903, 74209, -520184, 69708, 519725, -169966, -505993, 177092, 502382, -312974, -519292, 448116, 460793, -445293, -330817, 466673, 308097, -505865, -273257, 520148, 79084, -519417, -14971, 482222, -111477, -483347, 291476, 513746, -308251, -436174, 334305, 325895, -436630, -303525, 507262, 261950, -497321, -122549, 512501, 36183, -519048, 74531, 520192, -234364, -519209, 266306, 467472, -284168, -470657, 385972, 509753, -476580, -406460, 454678, 293180, -469457, -289626, 498488, 302596, -518920, -191618, 510841, 167485, -505670, -243374, 500398, 443065, -471512, -509622, 195218, 510650, 33097, -512095, -82981, 518584, 66921, -512183, 2715, 506563, -51259, -511574, 157177, 519845, -294544, -499894, 314330, 432285, -378704, -424856, 453767, 458088, -508070, -333089, 503162, 236217, -507169, -219187, 513315, 215334, -520105, -153304, 519064, 154616, -514715, -182479, 511659, 263077, -517108, -294650, 496330, 303645, -461771, -375236, 464341, 460148, -492103, -404617, 450567, 358036, -399774, -389368, 439540, 432886, -493231, -334626, 473132, 250415, -474326, -222906, 501198, 156007, -519402, -39811, 508717, -28767, -462951, 140333, 450589, -268569, -435187, 292665, 320212, -290624, -219930, 306442, 135642, -302437, -60382, 238008, 25733, -167935, -16899, 131029, 9067, -104404, -11485, 77438, 28858, -66758, -43557, 74344, 57194, -97856, -67763, 116548, 66054, -122109, -52296, 156043, 38705, -195559, -14943, 201241, -7933, -201618, 31594, 221958, -63741, -240812, 100950, 220414, -115815, -213276, 150603, 208028, -170285, -198180, 188635, 169906, -170014, -148274, 147258, 140673, -146042, -140911, 147247, 130686, -130925, -116885, 102711, 125059, -98471, -141591, 101928, 143779, -94303, -146683, 89779, 161818, -104322, -177101, 126691, 161418, -129928, -141273, 123043, 134372, -137718, -125912, 151954, 98473, -139351, -77939, 121201, 63418, -118335, -50752, 113599, 38436, -88150, -69244, 77903, 61581, -70582, -57081, 63790, 50399, -51126, -46938, 41225, 49770, -36997, -53777, 34169, 51870, -31878, -76873, 49405, 80700, -52605, -85416, 57401, 73046, -55477, -64746, 49298, 66035, -49434, -70014, 48133, 64378, -45757, -83207, 64774, 86977, -70012, -92932, 78845, 85829, -77857, -80388, 74787, 86266, -85141, -93771, 100205, 85076, -100408, -88333, 140839, 83164, -154984, -74289, 171013, 54899, -157614, -39248, 142818, 26540, -144895, -13179, 149266, -598, -132522, 5601, 139558, -20525, -133548, 33763, 127576, -38898, -102559, 39078, 80132, -43998, -68569, 49119, 57554, -44838, -42095, 36683, 32297, -38210, -25873, 39482, 21392, -36014, -17355, 32684, 15009, -34314, -12218, 39249, 10152, -36607, -8992, 23734, 3589, -28652, 1384, 33677, -8400, -30226, 16637, 27736, -23896, -24790, 33903, 21621, -43789, -15297, 39117, 14883, -30044, -11733, 37838, 4637, -42619, 2179, 35826, -8927, -29444, 14680, 25368, -16822, -19521, 13018, 11482, -7996, -21080, 12177, 20137, -15989, -14957, 13481, 10161, -11015, -8160, 10891, 7423, -8370, -8188, 4055, 8448, -13871, -8840, 16389, 4134, -17630, 171, 16249, -2329, -17623, 4855, 20329, -10470, -20869, 16026, 15152, -17761, -17880, 26857, 13164, -33542, -6688, 38605, 769, -36335, 1998, 35294, -10282, -37741, 20928, 34690, -25762, -25194
1747889004.397, MrmFullScanInfo, 1140, 1511006420, 405479, 0, 0, 0, 0, 10000, 39297, 32, 2, 2, 1, 480, 0, 0, 0, 0, 0, 0, -1767, 4440, 1459, -9630, 1858, 11942, -6501, -10882, 10862, 7832, -14233, -4015, 16467, -65, -17824, 4559, 18557, -9839, -18077, 15689, 15264, -21238, -9503, 25834, 611, -28820, 11174, 28838, -25040, -24369, 40894, 14210, -59079, 3087, 77704, -28417, -93119, 61380, 104026, -102597, -109871, 152806, 105952, -206268, -88054, 254088, 59363, -296549, -24141, 340546, -19958, -383375, 76131, 412838, -143080, -423897, 217369, 419140, -292325, -396782, 358973, 354483, -416139, -300958, 469523, 244970, -516476, -181535, 543692, 101465, -544329, -4251, 525075, -103207, -493974, 208485, 456807, -298936, -422164, 377590, 392183, -455999, -351228, 527110, 285398, -568495, -205390, 575913, 126337, -565305, -45228, 544286, -48404, -509090, 156243, 462119, -269762, -410454, 372718, 353670, -446677, -287725, 490265, 215281, -518008, -140128, 536900, 59275, -540670, 31903, 524791, -134334, -493275, 242225, 450520, -339691, -402628, 411087, 362903, -462537, -335639, 511165, 302182, -553351, -244842, 571086, 176815, -565474, -121789, 555827, 81283, -550891, -48939, 546227, 44023, -543043, -94825, 536623, 197127, -495748, -317909, 392447, 427287, -250498, -508886, 136161, 550016, -95094, -546365, 125372, 510436, -202577, -462061, 300568, 410849, -394386, -358182, 466027, 311143, -517000, -273029, 558033, 230159, -585852, -168978, 589242, 100698, -571603, -47688, 550843, 15684, -538921, 1650, 535485, -2618, -538263, -19805, 547696, 60743, -559676, -107546, 566155, 156544, -568314, -206494, 573783, 242093, -576753, -249757, 564362, 242020, -544716, -235889, 539555, 221429, -549655, -180587, 555401, 117201, -547661, -46171, 532780, -28301, -511828, 108683, 478159, -194915, -429837, 281690, 368519, -354651, -293747, 393921, 207031, -391766, -117110, 357359, 37561, -302545, 18694, 236978, -44273, -173518, 43233, 124783, -28260, -94668, 10162, 80011, 6657, -78142, -20525, 88142, 29163, -106389, -30149, 126924, 22580, -146822, -6684, 166211, -16704, -182707, 44830, 192214, -73802, -195463, 102606, 195434, -132161, -191136, 161261, 180170, -186906, -163996, 207928, 145519, -222862, -125467, 226707, 105727, -216706, -91300, 198695, 85108, -182590, -83492, 170988, 81863, -159322, -81655, 146346, 86881, -136744, -96678, 133495, 106745, -135034, -115515, 140872, 122431, -151920, -123467, 164463, 115205, -171832, -100611, 172938, 84807, -171740, -68524, 168607, 50833, -159988, -33868, 145898, 20590, -129940, -13630, 114729, 15151, -101778, -23567, 92417, 32299, -85536, -35551, 77708, 34206, -67468, -32799, 57056, 34188, -49799, -38855, 48150, 46241, -53200, -54540, 63556, 60057, -74412, -59576, 80028, 54181, -78385, -48511, 72392, 46306, -66861, -48142, 65613, 52773, -70502, -58311, 80934, 62040, -92983, -61652, 101289, 58172, -103937, -55363, 104582, 55239, -108316, -55718, 117814, 53413, -133013, -46395, 151887, 34051, -168753, -17352, 175683, 9, -169933, 13886, 156962, -23715, -144498, 32006, 135736, -40801, -129632, 50629, 124279, -61071, -116975, 69970, 104574, -74043, -87023, 72420, 67855, -67490, -50911, 61713, 37451, -55693, -27009, 49835, 19037, -45185, -13036, 42007, 8559, -39578, -5347, 37881, 2955, -37407, -731, 37069, -1548, -35021, 3680, 31554, -6148, -28678, 10280, 26938, -16611, -24689, 24298, 20677, -32227, -14929, 39117, 8393, -42794, -2829, 42212, -529, -39575, 2830, 37732, -6582, -36282, 12431, 32773, -18475, -26523, 22209, 19062, -22106, -13069, 18937, 10831, -15886, -11893, 15610, 12927, -17188, -11252, 17687, 7670, -15835, -4650, 12572, 3703, -9929, -4475, 9818, 5107, -12521, -3635, 15975, -167, -17663, 4726, 17299, -8613, -16326, 12052, 15440, -15786, -14086, 19964, 11735, -24537, -8139, 29530, 2913, -33997, 3713, 36216, -10412, -35683, 16487, 33318, -22485, -29619
1747889004.413, MrmFullScanInfo, 1140, 1511006420, 405479, 0, 0, 0, 0, 10000, 39297, 32, 4, 2, 1, 480, 0, 0, 0, 0, 0, 0, 42, 12, -108, 65, 43, -147, 167, 106, -311, -25, 273, 84, -156, -243, 133, 336, -200, -282, 284, 137, -311, -5, 233, 2, -80, -163, 42, 355, -217, -347, 451, 60, -465, 361, 185, -683, 140, 727, -228, -463, 179, 42, -244, 270, 450, -284, -647, 133, 779, -114, -861, 337, 747, -597, -370, 703, 86, -749, -254, 1080, 680, -1811, -659, 2563, -37, -2841, 805, 2453, -985, -1463, 514, 264, 157, 401, -549, -23, 316, -1062, 487, 1852, -1256, -1811, 1491, 1284, -1139, -834, 565, 667, -224, -519, 380, 162, -906, 400, 1318, -924, -1156, 1209, 185, -1133, 1201, 683, -2042, -177, 1843, 4, -1086, -161, 486, 227, -171, 97, -42, -653, 290, 1320, -616, -1902, 953, 2011, -974, -1521, 404, 876, 573, -594, -1404, 639, 1824, -801, -1898, 1054, 1777, -1330, -1699, 1280, 1878, -453, -2285, -1268, 2573, 3445, -2573, -5145, 2393, 5536, -2024, -4447, 1395, 2555, -617, -947, 21, 363, 95, -636, 495, 865, -1625, -380, 2715, -595, -3256, 1406, 3104, -1670, -2406, 1399, 1325, -774, 51, 20, -1911, 698, 4940, -1468, -9546, 2313, 14889, -2448, -19384, 1089, 22034, 1044, -22633, -2340, 21124, 2666, -17994, -3124, 14437, 3723, -11332, -3309, 8622, 1662, -6033, 85, 3461, -891, -564, 498, -2504, 763, 4670, -2033, -5561, 2864, 6025, -3861, -6110, 5430, 4673, -6985, -1287, 8056, -3198, -8743, 7908, 8671, -12098, -7177, 15054, 4528, -16663, -1807, 17405, -248, -17695, 1696, 17666, -2834, -17287, 3748, 16145, -4226, -13804, 3927, 10719, -2653, -8115, 780, 6912, 964, -7072, -1990, 8198, 2253, -9926, -1983, 11743, 1677, -13353, -1810, 15587, 1882, -19344, -174, 23713, -4658, -26440, 12123, 26166, -20753, -22968, 28911, 18843, -34636, -17142, 37476, 19337, -39706, -21807, 43637, 18517, -48055, -7375, 49179, -8743, -44829, 25019, 35510, -37409, -23220, 43835, 10210, -44855, 2012, 42357, -12870, -37277, 21773, 29806, -27883, -20828, 31269, 11652, -32734, -5091, 33111, 4510, -33656, -9397, 35445, 13942, -37272, -12668, 36285, 6089, -31182, 2057, 23642, -8944, -16350, 11506, 12086, -7041, -13499, -2326, 20487, 9416, -28329, -8993, 31251, 2833, -27624, 4445, 20067, -9913, -12118, 11279, 7611, -7081, -10155, 105, 19382, 3455, -28851, -658, 31436, -5072, -26135, 9095, 17343, -9761, -9975, 7505, 7850, -3661, -12900, 998, 22746, -2169, -30602, 6498, 30822, -10403, -23990, 11672, 14663, -11044, -6986, 10185, 3550, -10013, -5335, 11071, 10657, -13442, -15301, 15940, 15675, -16847, -11557, 15753, 4595, -13469, 3527, 10735, -11331, -7823, 17583, 5059, -21936, -2644, 24737, 360, -25804, 1862, 24558, -3346, -21323, 3499, 17182, -3341, -12473, 4659, 6803, -7779, -593, 10997, -4325, -12398, 6045, 11769, -3918, -10410, -1237, 9982, 7220, -10211, -10798, 8741, 10380, -4219, -7853, -1134, 6402, 3329, -6911, -592, 7694, -5627, -7069, 12145, 4470, -15225, -1510, 13370, 1155, -9569, -3939, 8535, 6399, -11445, -5023, 15529, 151, -18143, 5503, 18247, -9480, -15891, 10333, 12336, -8305, -9539, 5651, 8259, -4684, -7650, 5607, 7145, -7089, -7027, 8271, 7169, -8756, -6821, 8116, 5688, -6456, -4232, 4642, 3211, -3456, -3419, 3325, 5167, -4576, -7511, 6769, 8798, -8104
1747889004.509, MrmFullScanInfo, 1141, 1511006420, 405604, 0, 0, 0, 0, 10000, 39297, 32, 1, 2, 1, 480, 6672, -7510, -5304, 9438, 3775, -11456, -131, 11920, -2719, -10585, 6436, 10779, -12209, -9648, 15932, 5627, -16164, -1772, 20230, -2734, -23862, 9946, 21804, -16340, -15963, 20730, 9466, -28086, 1099, 35199, -17237, -32417, 27684, 27870, -50512, -18684, 84086, 1890, -102537, 26120, 115213, -60176, -140375, 108412, 166729, -176234, -158238, 224664, 130839, -242242, -121846, 319622, 102982, -403415, -51807, 429644, 957, -437437, 67879, 470188, -171988, -507301, 224326, 459232, -258506, -386719, 366003, 384981, -468425, -400348, 454956, 258688, -472978, -154475, 507502, 70364, -520159, 77640, 519663, -171637, -505197, 180075, 503747, -313665, -519084, 451329, 460821, -444300, -330672, 467384, 302135, -504975, -263001, 520154, 76555, -519349, -11708, 481645, -113703, -482507, 293485, 513183, -311903, -433072, 339399, 323936, -439537, -300087, 507844, 259319, -498625, -119691, 512559, 32909, -519204, 80040, 520192, -237372, -518825, 271178, 465628, -291140, -468702, 390798, 509422, -476846, -404361, 457186, 291468, -471017, -286843, 499384, 300796, -518931, -192201, 511540, 165660, -506768, -242028, 501301, 442244, -471468, -510224, 198918, 510555, 28696, -512153, -76114, 519011, 60265, -513113, 12299, 506026, -60888, -511802, 168271, 519810, -300802, -497931, 319435, 427919, -384320, -423182, 455591, 456157, -508981, -324270, 505235, 229736, -509008, -210295, 514274, 205879, -520027, -145710, 519136, 149378, -514170, -182137, 510966, 271274, -515989, -303413, 493541, 314766, -455192, -385582, 458875, 468646, -487821, -413843, 445253, 365195, -396092, -392600, 438247, 438334, -491674, -335574, 471636, 250813, -474834, -218526, 501375, 159961, -519294, -42264, 509452, -35518, -461063, 151176, 447458, -274816, -430636, 298807, 311493, -294367, -210940, 306668, 123442, -297559, -52197, 230481, 17730, -158337, -8707, 119021, 1423, -88602, -6714, 60834, 24741, -51109, -41060, 59284, 57522, -83296, -71108, 103759, 69476, -112605, -55992, 148079, 41630, -189206, -18712, 196363, -6405, -197547, 30429, 218792, -65416, -238986, 102262, 217233, -117584, -212414, 154346, 205128, -178015, -193484, 197854, 162413, -177546, -138859, 153039, 127001, -147450, -124495, 144444, 113904, -121556, -104018, 111232, 105410, -103603, -115931, 100611, 119200, -86628, -123801, 76116, 142511, -84280, -164548, 100635, 156786, -103031, -141620, 99857, 144736, -115963, -144899, 135439, 119703, -129242, -98870, 116725, 86049, -118325, -72939, 119709, 55932, -98779, -85232, 76319, 78964, -72887, -74650, 70225, 65344, -58081, -60202, 48123, 62259, -44119, -66800, 43295, 61144, -40772, -81649, 46197, 87926, -49904, -95973, 56506, 86549, -58029, -79019, 55120, 81276, -57408, -86030, 61486, 75572, -58780, -88128, 60599, 94423, -68251, -103869, 80499, 98275, -83490, -92497, 84008, 98037, -96758, -102596, 115464, 88196, -113245, -93173, 127459, 90571, -148417, -86647, 175573, 65731, -172759, -46731, 162012, 31600, -166664, -14159, 168211, -1960, -140476, -12115, 139045, -8189, -136187, 28539, 134370, -41877, -108766, 45913, 86445, -51103, -75977, 54261, 66121, -44333, -50290, 33123, 38021, -30293, -32806, 30412, 28856, -29666, -21967, 28722, 15622, -31495, -8777, 33588, 3531, -29944, 924, 28803, 3397, -29967, 1379, 33591, -6364, -32089, 12133, 30001, -16849, -30206, 25107, 27900, -33754, -19317, 34724, 16119, -39476, -10078, 40032, 6431, -41231, -4861, 38063, 1832, -36715, 3265, 39209, -7759, -37672, 11442, 27419, -10573, -32733, 9131, 28795, -7047, -28482, 7478, 25020, -10099, -20341, 14190, 15848, -16226, -11437, 13074, 8222, -21621, -20420, 22130, 15321, -24912, -10381, 24837, 3226, -23056, 4026, 20207, -9459, -18971, 13635, 15795, -15730, -27501, 18338, 19950, -24970, -11436, 31873, 633, -33688, 7773, 31495, -14481, -31451, 19577, 31523, -20919, -27934
1747889004.525, MrmFullScanInfo, 1141, 1511006420, 405604, 0, 0, 0, 0, 10000, 39297, 32, 2, 2, 1, 480, 0, 0, 0, 0, 0, 0, -1600, 4437, 1161, -9681, 2148, 12068, -6702, -11016, 10971, 7907, -14334, -4024, 16650, -116, -18142, 4653, 19060, -9974, -18752, 15885, 15926, -21417, -9890, 25803, 627, -28473, 11371, 28311, -25242, -23869, 40958, 13877, -58964, 3079, 77541, -27956, -92977, 60689, 103639, -102121, -109001, 152852, 104832, -206870, -87003, 255039, 58281, -297463, -22892, 341113, -21104, -383621, 77009, 412861, -144200, -423531, 219327, 418061, -294941, -395044, 361574, 352623, -418470, -299371, 471692, 243784, -518352, -180836, 544974, 101054, -544865, -3158, 524753, -105897, -492656, 212441, 454831, -302830, -420368, 380514, 391205, -457970, -350997, 528367, 285116, -569011, -203704, 575347, 122371, -563460, -39698, 541575, -53663, -506460, 159991, 460245, -272180, -409169, 374761, 352177, -449109, -285247, 492914, 211740, -520052, -136186, 537769, 55647, -540499, 35123, 524012, -137557, -492135, 245786, 449008, -343718, -400544, 415574, 360145, -467035, -332495, 514813, 299245, -555644, -242413, 572259, 174694, -565979, -119856, 555928, 79697, -550887, -47750, 546429, 42945, -543467, -93706, 537234, 196173, -496934, -317191, 394942, 426483, -254749, -507634, 142106, 548198, -102470, -543987, 133922, 507531, -211784, -458696, 309379, 407063, -401675, -354070, 471180, 307056, -520088, -269096, 559465, 225847, -586074, -163417, 588608, 93496, -570244, -39271, 548762, 7072, -536309, 9000, 532882, -6965, -536430, -19942, 547245, 65782, -560424, -116544, 567028, 167788, -568258, -218375, 572540, 253428, -574755, -259716, 562251, 250081, -543030, -241813, 538494, 225276, -549070, -182369, 554987, 117221, -547220, -45598, 532481, -28587, -511832, 109634, 477747, -198335, -427504, 287621, 363244, -361016, -285789, 398320, 197362, -392654, -106959, 354092, 28301, -295389, 26025, 226876, -49501, -161287, 46777, 110650, -30270, -78839, 10438, 63290, 8222, -61707, -23880, 72980, 34227, -93195, -36568, 116151, 29517, -138515, -13217, 159964, -11125, -177921, 40395, 188385, -70655, -192251, 100916, 192545, -131870, -188365, 162097, 177407, -188835, -160916, 211386, 141244, -227996, -118894, 232613, 96277, -221556, -79118, 200506, 70918, -179798, -68708, 164124, 67656, -151650, -67012, 140839, 69100, -132447, -74788, 126255, 83425, -121663, -95238, 120978, 108912, -127240, -118470, 137840, 118674, -146368, -111596, 151295, 102151, -155798, -90541, 159335, 75017, -157312, -57766, 148978, 42542, -137842, -32579, 125776, 30859, -113179, -37346, 102090, 46096, -93926, -49865, 86677, 47819, -77785, -44553, 68232, 43958, -61246, -46767, 58854, 52361, -61201, -59906, 67464, 66884, -75497, -69479, 81711, 66751, -83537, -62021, 82009, 58945, -80362, -58282, 80416, 59611, -82381, -63262, 87126, 68230, -95161, -70963, 104140, 69555, -110999, -66142, 116483, 62991, -123417, -59424, 132138, 54423, -141579, -48608, 153162, 41074, -167593, -28569, 179665, 10671, -182769, 8646, 176673, -25456, -165710, 37544, 153093, -43868, -140916, 46776, 131320, -52048, -122976, 62315, 110794, -73006, -92568, 78363, 71996, -76784, -54530, 69944, 42155, -59997, -33713, 49439, 27654, -41100, -22777, 36358, 17911, -34449, -12217, 33885, 5683, -33400, 965, 32092, -6248, -29953, 9018, 28301, -10046, -28185, 11664, 28715, -15353, -28135, 20659, 25744, -26698, -21653, 32662, 16018, -37497, -9336, 40320, 2723, -41214, 2750, 40809, -6645, -39507, 9244, 37790, -11532, -36116, 14498, 34038, -17873, -30925, 20148, 27388, -20224, -24939, 18624, 24010, -16871, -23279, 16249, 21191, -17015, -17043, 18135, 11602, -18715, -7194, 19330, 5686, -21348, -6205, 24721, 5768, -27325, -2270, 27094, -3606, -23707, 9862, 18594, -14862, -14379, 18353, 12868, -21448, -12855, 25298, 10676, -29437, -3777, 31895, -6521, -31210, 16798, 28017, -24337, -24249
1747889004.541, MrmFullScanInfo, 1141, 1511006420, 405604, 0, 0, 0, 0, 10000, 39297, 32, 4, 2, 1, 480, 0, 0, 0, 0, 0, 0, 188, 1, -350, -24, 316, 72, -137, -101, -15, 75, 11, 20, 112, -149, -252, 231, 413, -248, -562, 251, 547, -179, -303, -35, -12, 290, 220, -397, -303, 383, 262, -347, -78, 186, -109, 147, 249, -375, -544, 275, 1021, 79, -1316, -503, 1353, 829, -1495, -828, 1759, 458, -1724, -1, 1409, -379, -1464, 854, 2153, -1599, -2859, 2397, 3013, -2845, -2729, 2947, 2253, -2741, -1581, 2142, 833, -1434, -222, 1569, -375, -2822, 1197, 4167, -1927, -4485, 2065, 3814, -1568, -2849, 947, 1911, -907, -929, 2134, -305, -4307, 1716, 5928, -2759, -5840, 2915, 4471, -2373, -3059, 1915, 2257, -2124, -2006, 2949, 1795, -3779, -1222, 4025, 363, -3683, 395, 3255, -843, -3147, 1115, 3323, -1413, -3554, 1893, 3754, -2445, -3668, 2802, 2988, -2798, -1887, 2688, 871, -2747, -166, 2780, -315, -2512, 529, 2079, -435, -1870, 181, 1866, 320, -1756, -1508, 1581, 3613, -1674, -6066, 2113, 8035, -2621, -9147, 3001, 9602, -3234, -9588, 3425, 8929, -3770, -7500, 4348, 5429, -4812, -3139, 5139, 1086, -5783, 435, 7026, -1385, -8431, 2000, 9242, -2478, -8936, 2732, 7059, -2481, -3108, 1485, -2819, 118, 9451, -1282, -14959, 897, 18235, 731, -19227, -2270, 18301, 3069, -16005, -3345, 13072, 3167, -10021, -2399, 7075, 1315, -4093, -507, 1400, 244, 203, -208, -933, 269, 2257, -1015, -4941, 3112, 7587, -6335, -8104, 9571, 5730, -11871, -1132, 12789, -4500, -12193, 9963, 10253, -14303, -7595, 17363, 4968, -19709, -2526, 21589, 162, -22574, 2097, 22312, -4225, -20939, 6212, 18592, -7703, -15372, 8111, 11857, -7272, -8914, 5666, 7054, -3888, -6190, 2209, 6032, -630, -6391, -690, 6955, 1721, -7481, -2898, 8511, 4541, -11011, -5720, 14966, 4823, -19037, -1028, 21914, -5274, -22936, 13008, 22110, -19261, -20968, 21073, 22365, -19622, -26711, 19857, 29942, -24657, -27445, 31618, 18403, -36974, -5402, 38639, -8021, -36180, 19192, 30198, -27346, -21754, 32940, 11924, -35813, -1876, 35271, -7030, -31721, 14060, 26453, -19445, -21107, 22785, 17773, -23426, -17821, 22462, 19724, -21976, -19932, 22344, 16880, -21962, -12024, 20176, 7474, -17878, -4622, 15668, 4455, -13569, -7228, 12147, 11467, -12362, -14514, 14229, 14897, -16528, -12991, 18301, 9830, -19248, -6513, 18773, 4542, -16610, -5218, 14222, 7894, -13747, -10038, 15502, 9877, -17831, -7539, 19391, 3981, -19743, -562, 18018, -711, -14028, -1688, 10431, 6322, -11049, -9025, 16354, 6963, -22587, -905, 25756, -6031, -24078, 9629, 18659, -7031, -13169, 248, 11145, 4349, -12317, -2228, 13173, -4755, -11258, 11502, 7247, -14191, -3404, 12225, 1100, -7225, -203, 1434, -69, 3267, 480, -5835, -1588, 6314, 3690, -5873, -6464, 6018, 8988, -6902, -9761, 7340, 7812, -6513, -3689, 4880, -903, -3181, 4351, 1312, -6025, 941, 5962, -3058, -4490, 4236, 1757, -3956, 1693, 2572, -4364, -1545, 5288, 2374, -5742, -4689, 8109, 6048, -12860, -4120, 17664, -815, -19638, 5692, 18179, -7222, -15609, 5196, 14593, -2824, -15170, 3470, 14936, -7576, -11611, 12516, 5410, -15114, 316, 14403, -1804, -12348, -1212, 11533, 5008, -12212, -5690, 12336, 2972, -10071, 509, 5973, -2065, -2912, 1074, 3180, 1169, -6051, -3095, 8593, 3906, -8399, -3711, 5612, 3347, -2552, -3299, 1777, 2881
1747889004.637, MrmFullScanInfo, 1142, 1511006420, 405729, 0, 0, 0, 0, 10000, 39297, 32, 1, 2, 1, 480, 7290, -7375, -5133, 9295, 3278, -11003, 79, 11579, -2511, -10630, 6750, 11319, -11957, -9575, 15333, 5381, -15396, -1975, 19880, -2865, -24013, 10639, 20854, -16380, -16212, 20303, 9679, -28604, 1136, 34751, -17406, -32093, 27223, 26882, -50642, -18718, 84061, 1696, -102243, 27609, 114177, -59619, -140663, 108434, 167533, -176772, -157209, 223150, 130252, -240845, -122248, 318002, 102343, -402925, -49141, 427967, 2350, -434540, 68173, 469967, -170069, -508248, 223217, 459627, -254546, -383852, 364086, 384400, -468880, -399081, 455562, 253646, -469744, -154096, 508810, 69688, -520179, 77534, 519711, -171396, -503536, 175311, 503186, -311367, -519528, 451946, 458090, -446615, -330692, 464346, 303194, -506787, -268718, 520172, 76127, -519117, -14285, 481283, -111130, -483218, 293753, 513838, -310662, -434930, 336951, 325365, -436905, -302520, 508242, 265135, -499757, -119677, 512405, 33382, -519189, 77317, 520192, -238570, -518800, 270254, 465848, -289530, -469131, 387840, 510475, -477484, -405228, 458091, 290372, -470022, -288630, 499152, 300894, -519352, -191120, 511567, 166022, -507122, -245863, 500973, 443834, -473872, -508720, 206617, 509327, 23538, -512520, -75456, 519088, 56834, -512754, 12545, 505789, -57562, -511419, 165337, 519922, -301486, -496847, 322696, 427092, -384288, -423147, 456745, 456143, -510043, -326349, 504993, 230298, -509100, -211270, 514450, 206808, -520139, -146488, 519542, 152363, -514017, -185281, 510576, 278271, -515666, -315835, 488795, 328128, -446532, -398609, 449389, 480733, -484159, -423532, 439888, 374252, -388444, -398257, 434711, 445973, -491043, -340954, 470986, 254242, -473916, -222391, 501929, 160176, -519547, -40455, 509564, -34619, -460840, 154664, 445586, -279367, -429093, 305308, 305568, -298168, -205280, 311385, 113106, -296568, -41301, 225257, 7870, -152321, 561, 109443, -8103, -73906, -530, 45857, 19983, -36799, -37147, 44432, 54994, -66689, -70840, 90100, 70877, -102531, -59102, 139179, 45260, -182344, -24473, 193353, -2400, -196250, 28159, 219843, -65825, -239376, 104030, 217349, -122952, -217573, 154027, 211331, -182225, -201775, 208735, 166996, -192702, -141690, 168856, 122600, -165135, -111498, 159015, 96821, -130019, -110140, 129484, 102377, -123338, -101866, 119516, 96551, -98579, -96308, 81641, 107613, -78524, -125926, 82308, 125897, -77143, -121659, 68406, 134409, -80017, -147076, 97477, 132153, -100109, -117709, 97779, 113406, -107630, -104549, 116810, 84049, -103021, -89066, 57785, 88495, -57376, -90577, 58588, 79935, -53860, -72633, 46404, 74880, -45656, -79972, 44630, 74877, -43491, -77498, 21139, 90853, -26169, -105270, 34690, 98236, -43676, -91264, 46257, 95984, -52700, -104659, 60118, 94728, -63666, -99952, 45412, 106968, -56178, -114313, 70203, 105516, -75612, -98092, 76304, 104657, -88741, -112866, 107979, 101060, -113152, -88338, 107755, 88868, -123921, -89887, 144651, 75351, -145999, -63080, 143734, 52124, -156425, -38266, 171259, 16765, -154526, -27155, 109810, 17452, -116904, -3676, 124863, -12209, -111114, 22980, 93523, -35807, -84271, 47301, 74048, -47151, -53876, 40414, 38129, -39050, -28353, 38240, 22787, -33342, -17793, 30266, 14490, -33162, -11520, 37087, 5584, -34742, -2288, 18504, 4546, -23208, -2255, 32661, -4215, -33405, 13240, 32122, -21194, -30636, 30993, 26643, -39454, -21821, 36623, 20483, -27113, -19874, 35981, 14808, -47183, -8434, 47015, 1220, -43616, 4293, 43707, -6352, -42398, 6186, 36664, 10481, -36766, -7573, 38914, 4975, -43491, 863, 39347, -5168, -35038, 10764, 34234, -14665, -32397, 15771, 26073, -1818, -40042, 7847, 40116, -18194, -38737, 26606, 26696, -31282, -15236, 34289, 3683, -34499, 4162, 26367, -8805, -19662, -5460, 23314, -3400, -27746, 16471, 20679, -25357, -11602, 28301, 528, -28332, 8306, 25596, -14641, -19304
1747889004.653, MrmFullScanInfo, 1142, 1511006420, 405729, 0, 0, 0, 0, 10000, 39297, 32, 2, 2, 1, 480, 0, 0, 0, 0, 0, 0, -1536, 4309, 1033, -9387, 2245, 11765, -6722, -10905, 10932, 8009, -14191, -4227, 16315, 98, -17672, 4497, 18586, -9967, -18328, 16002, 15585, -21535, -9716, 25858, 640, -28463, 11255, 28164, -25063, -23530, 40715, 13447, -58692, 3517, 77224, -28371, -92546, 61001, 103211, -102263, -108781, 152831, 104787, -206592, -86977, 254264, 58306, -296203, -22927, 339640, -21232, -382010, 77219, 411101, -144026, -421995, 218477, 417392, -293518, -395327, 359702, 353221, -416330, -299593, 469744, 243119, -516873, -179123, 543689, 98784, -543567, -1279, 523784, -106828, -492284, 212294, 454814, -301445, -420553, 378158, 391519, -455743, -351079, 527177, 284656, -568742, -203354, 575574, 123117, -564144, -41586, 542662, -51328, -507557, 157850, 461147, -270525, -410006, 373646, 353205, -448199, -286751, 491929, 214085, -519380, -139307, 538049, 58707, -541660, 32997, 525238, -136486, -492809, 245276, 449147, -343309, -400508, 414863, 360391, -465874, -333325, 513695, 300397, -555149, -243318, 572347, 175139, -566187, -120024, 556030, 79726, -550934, -47857, 546521, 43633, -543906, -95011, 538722, 197118, -500063, -316620, 399272, 424400, -258985, -505190, 145212, 546473, -104097, -543276, 133929, 507698, -210372, -459418, 307680, 407692, -400965, -353927, 471715, 306079, -521213, -268000, 560551, 225426, -586947, -163911, 589298, 94588, -570808, -40471, 549251, 8223, -536773, 7635, 533397, -4774, -537137, -23926, 548183, 72648, -561204, -126910, 566803, 181238, -566620, -233418, 570102, 268073, -572245, -272337, 559703, 260245, -540438, -250050, 536570, 232059, -548507, -187767, 555626, 121119, -548368, -47881, 533487, -27858, -512276, 110132, 477423, -199739, -426323, 290019, 360862, -364443, -281695, 402149, 191209, -395626, -98791, 354614, 18821, -292241, 35528, 219875, -57788, -151070, 53207, 97825, -34533, -64006, 12375, 47457, 8354, -45830, -25546, 57506, 37168, -78591, -40796, 103324, 34844, -128318, -19226, 152698, -4889, -173506, 34546, 186562, -66114, -192364, 98562, 193471, -132079, -189237, 164404, 178388, -192349, -163106, 216035, 145181, -235079, -123280, 243518, 98406, -235980, -76218, 216265, 61377, -193748, -54297, 174651, 53405, -160827, -56183, 152489, 58957, -147120, -59407, 139640, 59789, -127967, -64719, 116157, 75624, -110135, -87793, 110189, 95913, -112069, -100330, 114632, 103504, -120411, -103554, 128674, 97226, -134743, -85924, 136754, 73312, -136164, -61542, 130967, 53324, -117676, -52576, 99455, 58655, -84695, -64538, 77192, 64697, -73452, -60675, 69975, 57359, -66802, -56890, 63792, 59256, -59655, -65491, 55761, 75211, -56195, -83354, 62180, 84855, -69959, -81000, 76300, 76750, -81359, -74518, 84997, 74350, -85978, -77007, 85998, 81871, -89149, -84520, 96098, 81835, -103406, -76482, 110139, 72436, -118653, -68701, 128453, 62249, -135859, -53999, 140720, 46473, -146699, -38640, 154260, 28021, -159880, -14814, 162511, 192, -163361, 14407, 159435, -25236, -147037, 28890, 130104, -28389, -116578, 31317, 107769, -40684, -98099, 52989, 84281, -63004, -67810, 67325, 51274, -64945, -36382, 57622, 24363, -48940, -15801, 41725, 10256, -36941, -6646, 34770, 3552, -34753, 199, 34455, -4093, -31394, 6226, 26858, -6377, -24677, 7486, 25957, -12422, -27594, 20904, 26377, -30477, -21688, 38401, 15154, -42194, -9512, 41448, 6621, -39412, -5287, 39985, 2230, -43000, 4108, 44916, -11818, -43667, 17767, 40200, -19310, -36732, 15767, 35292, -9639, -36717, 5563, 39518, -6489, -40642, 11300, 38306, -16980, -33424, 21316, 28134, -22847, -24817, 21250, 25484, -19120, -29587, 20632, 32644, -26819, -29591, 34016, 19593, -37913, -6021, 36714, -6391, -31162, 13474, 24137, -13868, -19699, 11314, 19317, -12047, -19400, 18289, 14965, -25910, -5014, 29605, -7017, -27438
1747889004.669, MrmFullScanInfo, 1142, 1511006420, 405729, 0, 0, 0, 0, 10000, 39297, 32, 4, 2, 1, 480, 0, 0, 0, 0, 0, 0, 137, -128, -260, 280, 218, -260, -78, 55, -31, 143, 136, -205, -284, 172, 367, -83, -301, -74, 183, 208, -102, -184, 38, 34, 12, 142, -29, -331, 68, 518, -162, -579, 272, 499, -383, -318, 539, 114, -644, 0, 623, 10, -557, 54, 543, -419, -543, 915, 634, -1274, -773, 1578, 724, -1864, -370, 1829, -22, -1259, 330, 606, -746, -430, 1121, 814, -1065, -1613, 815, 2447, -914, -2774, 1204, 2506, -1148, -2095, 895, 1527, -811, -347, 611, -935, -236, 1182, 215, -489, -774, -49, 1194, 47, -982, 51, 468, -36, 46, 55, -405, -17, 454, -93, -176, 178, 9, -286, -144, 769, 91, -1455, 465, 1567, -1010, -821, 888, -216, -217, 902, -460, -1152, 864, 964, -832, -469, 391, 191, -26, -318, 175, 465, -628, -296, 923, 0, -979, 134, 749, -37, -82, -415, -576, 1631, 322, -3655, 1074, 5572, -2602, -6356, 3143, 5998, -2653, -5039, 1838, 3717, -1105, -2385, 664, 1866, -902, -2261, 1877, 2654, -2840, -2342, 3035, 1535, -2598, -764, 2209, 219, -2235, 176, 2534, -489, -2561, 674, 1740, -578, 432, 50, -4257, 757, 9426, -1054, -14839, -2, 19084, 1906, -21070, -3215, 20444, 3574, -17754, -3690, 14406, 3629, -11507, -2683, 9087, 996, -6687, 415, 4266, -971, -2185, 869, 545, -381, 1044, -571, -2930, 2178, 4927, -4573, -6157, 7460, 5737, -10345, -3324, 12690, -1017, -13763, 6521, 13050, -11813, -10880, 16050, 8152, -19478, -5197, 22183, 2078, -23563, 782, 23520, -3078, -22607, 5080, 20886, -6928, -17990, 8218, 14181, -8664, -10264, 8391, 6758, -7420, -3810, 5514, 1736, -2714, -949, -397, 1102, 2940, -1086, -4626, 128, 6435, 881, -9471, -39, 13265, -3683, -15755, 9915, 15127, -17209, -10749, 22042, 5200, -21549, -3326, 18562, 6549, -19491, -9740, 26285, 6786, -34305, 3076, 38631, -16708, -37238, 30330, 30022, -40722, -18002, 45820, 3269, -45582, 11774, 41066, -24923, -32894, 34394, 21641, -39514, -8720, 40630, -3857, -37134, 12026, 29369, -11568, -21855, 3981, 19655, 2880, -21928, -2893, 23344, -2444, -21207, 8299, 17174, -11684, -12969, 10491, 9371, -3094, -8491, -8099, 12398, 16151, -19176, -15833, 23999, 8693, -24644, 441, 22603, -8117, -19782, 11844, 17155, -9791, -15900, 3409, 16610, 2375, -17592, -3896, 16660, 2128, -14051, 390, 11742, -2655, -10006, 3204, 7760, 786, -6126, -9643, 8124, 18400, -14221, -20808, 20957, 15342, -24709, -4726, 24027, -6911, -19958, 13638, 16449, -11085, -18510, 2604, 26353, 2344, -33090, 1451, 31726, -9609, -21996, 15269, 9123, -15240, 1496, 10589, -7306, -4068, 8431, -1851, -6355, 5641, 2966, -6780, 6, 5661, -1386, -3536, 990, 1874, -327, -1028, 1281, -87, -3569, 2260, 4758, -4328, -3283, 4402, 417, -2098, 1562, -1078, -1846, 3234, 1532, -3099, -2430, 1013, 5307, 634, -8665, 803, 9704, -5231, -7128, 9756, 2723, -12176, 579, 12969, -554, -13660, -3120, 15189, 8422, -17801, -11670, 20945, 10204, -23175, -4819, 23240, -1590, -21605, 6834, 19540, -9021, -18360, 6773, 19756, -1985, -24329, -109, 29262, -3807, -30043, 11344, 24935, -17734, -16303, 19968, 8318, -17391, -5107, 12060, 8590, -8920, -15576, 11836, 19137, -18718, -15222, 23313, 6889, -22232, -219, 17358, -1361
1747889004.780, MrmFullScanInfo, 1143, 1511006420, 405854, 0, 0, 0, 0, 10000, 39297, 32, 1, 2, 1, 480, 6674, -7173, -5846, 9792, 3860, -11849, -497, 11415, -3236, -10418, 7191, 10790, -12019, -9515, 15999, 6047, -15993, -1874, 20355, -2572, -24120, 9938, 20882, -16148, -16539, 21060, 9286, -28452, 1329, 34909, -16606, -32370, 27394, 27655, -49640, -18776, 83635, 1708, -102254, 27132, 115185, -59626, -140529, 108939, 168466, -177412, -157225, 223934, 132010, -240838, -123641, 319565, 102769, -403894, -52123, 429944, 795, -436892, 69808, 470749, -169149, -508926, 224772, 460315, -254103, -386505, 363717, 385705, -467499, -399848, 453070, 253949, -472117, -151822, 507642, 66659, -520138, 73161, 519853, -172452, -504627, 175509, 502597, -314723, -519412, 451145, 458215, -444807, -328359, 466096, 300681, -506008, -270286, 520121, 75124, -519549, -12165, 480725, -114868, -482677, 296564, 513703, -311421, -432627, 339545, 323320, -440702, -301441, 508771, 261038, -498306, -118948, 513682, 32915, -519200, 80667, 520192, -244669, -518824, 271226, 464475, -290441, -470447, 391057, 509732, -478618, -402283, 456796, 289341, -471673, -286639, 498848, 298838, -519167, -188450, 511942, 164084, -507033, -239467, 502006, 445428, -474071, -508304, 204836, 509757, 22712, -512592, -69957, 519249, 48415, -513071, 17224, 505244, -62883, -511068, 172523, 519954, -304932, -495422, 323181, 425247, -388157, -420530, 458381, 450717, -510875, -317681, 506131, 225100, -509349, -201644, 515676, 198595, -520123, -138510, 519374, 145602, -514697, -181971, 510380, 274932, -514986, -318042, 486654, 333838, -440354, -405328, 445083, 486518, -480048, -429366, 432386, 381599, -381372, -404907, 429493, 453357, -488569, -346213, 469517, 256767, -472975, -224856, 501604, 153650, -519685, -31234, 509325, -33714, -461373, 156933, 445599, -282079, -428813, 308402, 301556, -305900, -196059, 314510, 101943, -301863, -25226, 227118, -7573, -150318, 10494, 104292, -16413, -65298, 7804, 35964, 13525, -27031, -31061, 31725, 50497, -53743, -67898, 78909, 70371, -93322, -60760, 129791, 48140, -172975, -28524, 185620, 3163, -190935, 22755, 216563, -59366, -239489, 100435, 220009, -121026, -212978, 142798, 209618, -168617, -205792, 192787, 176921, -182535, -154625, 166907, 141366, -173597, -129907, 182258, 109692, -157862, -133172, 121914, 135008, -126994, -140296, 136533, 126374, -129008, -114825, 116456, 110912, -119276, -107352, 123726, 94985, -106154, -83871, 84501, 86716, -83485, -92792, 86644, 88695, -76848, -84006, 68677, 88097, -71462, -90936, 75464, 81525, -67867, -56361, 47285, 55319, -44687, -53864, 41529, 47279, -32537, -43565, 22770, 47924, -16589, -58522, 10933, 64204, -11372, -26652, 15796, 29269, -7538, -39936, 223, 49422, 3397, -61261, -2261, 85375, -3018, -110233, 13547, 110853, -29912, -61286, 9027, 78458, -13287, -98070, 23676, 100730, -38356, -98983, 50406, 106923, -66510, -113371, 86267, 100136, -91457, -74565, 89653, 72795, -103188, -68461, 117494, 55260, -112047, -44538, 105763, 38410, -112015, -34132, 120379, 26330, -113458, -1160, 84887, -3823, -79278, 8525, 75621, -9554, -63364, 9007, 53748, -11238, -52466, 12019, 54906, -13456, -50024, 13861, 42505, -23002, -40468, 33319, 32241, -35996, -19731, 33213, 9597, -30702, -3048, 27942, 1161, -23530, -2408, 22229, 3884, -26947, 2978, 30066, -10005, -25088, 15333, 21042, -16430, -20690, 20233, 22422, -25313, -23057, 29377, 16154, -27714, -14651, 32690, 13217, -38171, -12783, 37350, 12376, -37212, -9825, 42688, 5968, -46828, -2816, 43079, 12581, -23199, -14521, 27973, 17214, -36732, -16208, 40063, 13398, -40512, -8305, 44902, 4393, -48803, 2506, 44571, 14468, -29246, -10236, 33038, 4764, -36321, 2470, 31729, -7501, -26021, 14939, 21242, -24153, -14642, 29170, 4336, 4003, -7510, -4618, 3822, 6144, -1616, -7301, 97, 6553, 1368, -5900, -7132, 7096, 14646, -11422, -18951
1747889004.780, MrmFullScanInfo, 1143, 1511006420, 405854, 0, 0, 0, 0, 10000, 39297, 32, 2, 2, 1, 480, 0, 0, 0, 0, 0, 0, -1706, 4522, 1322, -9807, 2104, 12075, -6855, -10832, 11227, 7651, -14521, -3893, 16712, -32, -18177, 4434, 19105, -9758, -18758, 15742, 15867, -21388, -9789, 25894, 535, -28606, 11375, 28385, -25026, -23895, 40480, 13935, -58344, 3016, 76957, -27985, -92560, 60849, 103530, -102448, -109222, 153365, 105211, -207346, -87482, 255134, 59012, -297232, -23864, 340962, -20292, -383726, 76793, 413018, -144492, -423640, 219643, 418411, -294723, -395935, 360498, 353996, -416656, -300876, 469581, 244744, -516377, -180480, 543157, 99095, -543105, -492, 523263, -107782, -491860, 212575, 454881, -301406, -420967, 378600, 391711, -456541, -350698, 527652, 283710, -568524, -202109, 574902, 122007, -563480, -40842, 542270, -52152, -507280, 159440, 460524, -272858, -408743, 376067, 351349, -450236, -284517, 493600, 211564, -520595, -136637, 538456, 56316, -541282, 34784, 524624, -138157, -492254, 247652, 448326, -346292, -399271, 417616, 359125, -467950, -332258, 515127, 299265, -555873, -241856, 572324, 173427, -565686, -118166, 555355, 77711, -550206, -45476, 545799, 40839, -543210, -92339, 538066, 195403, -499567, -316217, 399406, 424737, -260728, -505263, 149236, 545453, -109837, -541097, 140130, 504991, -216153, -456816, 312556, 405408, -404558, -351835, 474003, 303722, -522524, -264558, 561001, 220342, -586356, -157337, 587760, 87075, -568708, -32487, 546891, 161, -534335, 15092, 531115, -10922, -535282, -19698, 546807, 71002, -559967, -128520, 565296, 186210, -564760, -240765, 567918, 276364, -569480, -280743, 556110, 268731, -536546, -258559, 533526, 239863, -547029, -193844, 555449, 124527, -548587, -47781, 533093, -31304, -510749, 115088, 475259, -203932, -424580, 292748, 359784, -366753, -279942, 404956, 186693, -398641, -90108, 356594, 6130, -291862, 50401, 216441, -71968, -144668, 64225, 89183, -41680, -53946, 16541, 36443, 5919, -33929, -24183, 44800, 36949, -65764, -42072, 91532, 37722, -118318, -23520, 144450, 589, -166701, 28108, 181241, -59071, -188957, 91592, 192431, -126200, -190114, 159850, 179747, -187453, -164301, 208232, 147914, -223885, -130291, 231989, 110777, -229086, -92418, 218587, 77891, -207523, -67824, 196719, 64406, -183523, -70267, 170869, 81518, -164501, -88319, 163374, 85435, -160925, -76417, 154801, 67423, -147555, -60291, 139534, 54671, -128599, -52203, 116330, 54163, -107451, -57949, 103091, 60093, -100243, -60528, 97441, 60595, -95549, -58551, 92797, 52120, -85213, -43486, 72702, 37254, -59919, -34803, 50298, 34411, -43105, -35809, 36887, 40335, -32104, -45410, 29599, 45127, -27725, -38275, 23737, 31721, -17697, -33131, 12939, 43787, -13027, -60856, 19619, 79741, -32311, -91621, 45769, 89483, -51491, -78626, 47604, 72433, -43112, -76179, 47784, 83054, -62028, -86312, 80604, 84508, -98520, -77254, 111593, 64613, -117293, -49953, 118088, 37397, -119095, -27200, 121298, 17479, -121776, -8448, 120040, 1156, -118416, 6069, 115710, -15321, -107260, 24985, 92309, -31164, -76059, 32372, 63445, -30543, -55039, 28122, 49824, -26736, -46983, 26911, 45041, -28420, -42100, 31247, 36998, -35394, -29355, 39506, 19405, -40918, -8575, 38206, -600, -32564, 6049, 26602, -7382, -22767, 6450, 22277, -6577, -23903, 10058, 24485, -15912, -21968, 21194, 17580, -24467, -14074, 26843, 12248, -29529, -10664, 32192, 8132, -34274, -4985, 36055, 2159, -37776, -45, 39290, -1674, -40860, 3894, 42549, -6418, -42523, 7095, 39225, -3873, -34793, -1982, 33459, 6301, -36483, -6045, 41007, 1553, -44201, 4915, 45284, -10171, -43946, 11256, 40496, -7976, -36833, 4176, 34589, -4358, -32804, 9124, 29103, -16066, -22609, 22732, 14072, -25668, -5753, 21370, 1061, -10750, -1514, -266, 4537, 6556, -6169, -8112, 4735, 7580, -592, -7717, -4988
1747889004.796, MrmFullScanInfo, 1143, 1511006420, 405854, 0, 0, 0, 0, 10000, 39297, 32, 4, 2, 1, 480, 0, 0, 0, 0, 0, 0, -127, 161, 208, -306, -72, 202, -161, 104, 290, -308, -281, 252, 282, -48, -348, -115, 380, 198, -327, -192, 212, 82, -41, 54, -97, -103, 93, 110, 89, -178, -324, 283, 468, -326, -409, 267, 173, -95, 109, -193, -265, 531, 294, -702, -388, 655, 608, -615, -825, 790, 774, -1095, -254, 1216, -507, -993, 1022, 644, -896, -547, 307, 829, 297, -1213, -724, 1241, 899, -601, -917, -637, 928, 1648, -939, -1594, 704, 618, -136, 203, -308, -207, 220, -104, 372, 125, -1157, 274, 1554, -637, -1207, 576, 542, -227, -415, 101, 1108, -448, -1912, 1056, 2179, -1593, -1915, 1880, 1542, -1936, -1149, 1817, 606, -1529, -68, 1258, -201, -1564, 399, 2528, -915, -3221, 1459, 2917, -1443, -2060, 1050, 1350, -965, -754, 1343, 129, -1745, 367, 1984, -623, -2161, 709, 2457, -664, -2625, 478, 2263, 1, -1431, -873, 703, 2116, -576, -3861, 1029, 5860, -1891, -7127, 2701, 7059, -2929, -6136, 2650, 5078, -2410, -4037, 2560, 3017, -3156, -2068, 4274, 1027, -5683, 220, 6933, -1324, -7795, 2011, 8346, -2371, -8461, 2513, 7646, -2335, -5705, 1756, 2621, -1045, 1604, 851, -6656, -1509, 11476, 2520, -14551, -3283, 15282, 3969, -14449, -4822, 13358, 5098, -12395, -3919, 10902, 1762, -8413, 37, 4969, -633, -754, -20, -3182, 1349, 5250, -2334, -5095, 2449, 4282, -2558, -4316, 4187, 4778, -7943, -4291, 12965, 1862, -17409, 2354, 19407, -7244, -18016, 11712, 13945, -15184, -9052, 17577, 4969, -19018, -2225, 19895, 361, -20410, 1464, 19988, -3608, -17999, 5702, 14910, -7350, -11778, 8531, 9049, -9220, -6432, 9175, 3683, -8080, -957, 5825, -947, -3546, 1475, 3298, -1762, -5597, 3880, 7848, -8107, -6576, 12278, 639, -13821, 8807, 11279, -19075, -6283, 25592, 3880, -25598, -8287, 22489, 16726, -22820, -20569, 28363, 13860, -34142, 2537, 34726, -22866, -28109, 40273, 15622, -49998, -263, 51535, -15130, -47064, 28709, 38198, -38774, -25830, 43796, 11743, -43893, 1786, 40496, -10488, -34988, 9352, 29524, 1620, -26839, -14997, 27629, 22435, -29790, -22173, 31049, 17242, -31272, -10686, 31331, 6640, -31147, -10759, 31748, 24446, -36313, -39476, 46111, 43683, -56884, -32569, 61848, 11201, -58002, 11377, 47299, -24611, -35915, 21712, 31860, -7612, -38225, -3362, 48224, 1987, -51245, 7269, 43709, -15043, -30882, 16626, 20528, -12633, -16901, 5595, 19997, 1669, -27480, -6213, 36078, 6290, -42725, -2534, 45976, -3541, -46164, 11050, 43764, -17038, -39452, 17061, 36200, -11444, -37576, 7591, 42478, -12109, -44910, 23174, 40293, -34421, -29128, 40850, 15153, -40638, -2114, 34115, -7455, -23140, 12180, 10819, -11737, -636, 7022, -4460, -387, 3390, -4731, 2048, 5713, -7404, -2896, 8558, -358, -5483, 878, 2226, 1039, -2397, -2191, 5497, 24, -8036, 5051, 6928, -9907, -2488, 11315, -1872, -8993, 3396, 5695, -2920, -3951, 3474, 3504, -6526, -2273, 10724, -1171, -13336, 6312, 12741, -9898, -10302, 8750, 9566, -4091, -12468, 1253, 16975, -3988, -19469, 10899, 18430, -18568, -14571, 24553, 10145, -26449, -8274, 22989, 11152, -16855, -17216, 13289, 21697, -14840, -21143, 19291, 15426, -23160, -6418, 23944, -1248, -21340, 1854, 18270, 5740, -18844, -15351, 23997, 18959, -30333, -14093, 33214, 3901, -30091, 6042, 21712
1747889004.892, MrmFullScanInfo, 1144, 1511006420, 405979, 0, 0, 0, 0, 10000, 39297, 32, 1, 2, 1, 480, 6879, -7816, -6163, 9372, 4106, -11558, 0, 11458, -3202, -10841, 6676, 10875, -12245, -9481, 16443, 6054, -15895, -2042, 19120, -2997, -23469, 10247, 20862, -16453, -16349, 20971, 10030, -28706, 993, 35068, -16571, -32545, 27711, 26639, -50826, -18544, 84266, 1179, -102274, 26880, 115413, -59512, -141802, 107700, 169031, -176354, -156890, 223152, 130182, -242729, -122562, 319437, 101677, -403613, -50816, 429778, 1849, -436935, 66366, 470759, -169636, -508678, 223644, 459700, -258674, -384323, 365118, 385546, -467660, -399065, 455567, 257177, -473142, -153183, 508413, 72723, -520169, 73253, 519587, -172113, -504011, 180657, 503323, -315475, -519295, 450313, 460332, -445489, -331000, 467435, 306689, -506457, -269887, 520135, 77533, -519221, -13260, 481646, -108635, -483867, 294202, 514039, -313277, -433406, 337590, 325689, -438465, -304273, 508824, 261389, -499344, -119205, 512090, 35039, -519125, 74841, 520192, -238926, -518839, 273072, 465169, -289478, -470874, 387304, 510174, -479150, -408182, 458222, 292673, -470135, -290962, 498061, 302929, -518972, -187190, 511652, 168608, -506307, -251581, 501175, 446047, -473791, -510365, 206650, 509275, 22420, -512955, -71264, 519392, 50819, -513742, 22782, 505747, -64155, -510917, 172589, 519856, -309790, -496114, 327386, 426007, -388160, -421235, 459254, 449741, -510892, -315782, 507302, 223758, -509962, -202099, 515459, 187124, -520144, -135304, 519607, 143495, -514066, -180087, 510571, 274648, -514654, -318824, 485094, 337561, -437294, -409210, 440214, 488307, -477420, -436494, 430064, 384109, -381506, -409964, 428245, 457895, -487486, -351441, 468442, 257893, -473314, -227656, 501157, 158523, -519462, -38992, 509930, -43324, -460115, 162903, 442698, -288180, -423585, 315463, 294634, -312404, -188228, 319838, 95906, -304508, -18120, 229283, -12951, -150980, 21266, 102252, -27186, -62396, 17156, 32702, 4782, -23461, -23747, 27596, 43635, -47119, -62389, 71841, 66842, -89630, -54738, 124593, 43866, -166619, -24212, 179004, 32, -184994, 24952, 210245, -58834, -233344, 97523, 216773, -114657, -204460, 146726, 200605, -168659, -195884, 188447, 167960, -174948, -148821, 158453, 141401, -163110, -135790, 170722, 120194, -154448, -120845, 110264, 129392, -112661, -143517, 122627, 135811, -118904, -128648, 114633, 130066, -125746, -127027, 135803, 106820, -122989, -88348, 103044, 83179, -102092, -81047, 100699, 71894, -83802, -66342, 69107, 70172, -67510, -74332, 68953, 66947, -60650, -49336, 48412, 50480, -46362, -52423, 45161, 45928, -39370, -40131, 30827, 37413, -24308, -38668, 16448, 36691, -8778, -36991, 31946, 30951, -27990, -28600, 20260, 24982, -10001, -26973, 1460, 41690, 3580, -67234, -4288, 82236, -2386, -47959, 21352, 57447, -18112, -74230, 21689, 80437, -29274, -82878, 36206, 94981, -49781, -104338, 67860, 94066, -78049, -69721, 95862, 69006, -109474, -62605, 124057, 49408, -116813, -38169, 105884, 29217, -107342, -21188, 108282, 12818, -93559, 6578, 101264, -17027, -93635, 25094, 85157, -23515, -65430, 18380, 52391, -17795, -46521, 17314, 42046, -14609, -34180, 9936, 23356, -10346, -23046, 11520, 25680, -14726, -25462, 18697, 23528, -26604, -16714, 33333, 8037, -30886, 665, 20384, -3421, -22786, 5806, 27565, -7724, -29250, 10815, 30591, -14124, -30138, 21155, 28967, -27601, -22565, 27792, 7442, -34985, -7670, 36251, 8473, -38655, -10039, 36213, 11108, -33030, -9972, 35150, 10139, -39626, -11176, 38628, -2629, -11982, -2916, 15828, 9053, -20055, -12680, 22401, 16107, -24506, -18124, 30620, 17683, -39970, -12200, 40020, 12722, -15774, -10558, 18900, 11351, -22021, -8845, 20508, 7127, -19002, -3859, 18348, 108, -16169, 2693, 11579, -458, 2172, -2607, -5137, 9296, 4733, -14225, -3097, 17848, 457, -22665, 846, 26958, -2954, -26152, 5696
1747889004.908, MrmFullScanInfo, 1144, 1511006420, 405979, 0, 0, 0, 0, 10000, 39297, 32, 2, 2, 1, 480, 0, 0, 0, 0, 0, 0, -1759, 4490, 1388, -9742, 2062, 12062, -6829, -10929, 11235, 7802, -14615, -3988, 16800, -23, -18019, 4454, 18603, -9762, -18098, 15749, 15371, -21446, -9668, 26062, 754, -28900, 11061, 28662, -24926, -23889, 40731, 13493, -58820, 3745, 77404, -28633, -92906, 61101, 103971, -102208, -109906, 152750, 105892, -206660, -87641, 254689, 58329, -297050, -22501, 340787, -21726, -383385, 77470, 412742, -143971, -423770, 218277, 418911, -293597, -396198, 360558, 353340, -417842, -299250, 471146, 243026, -517790, -179760, 544563, 99977, -544761, -2781, 525064, -105040, -493357, 210764, 455551, -301478, -420597, 380158, 390772, -458357, -350229, 528949, 284738, -569638, -204697, 576376, 125146, -565151, -43429, 543576, -50163, -508157, 157250, 461512, -270355, -410183, 374017, 353001, -449154, -286179, 493167, 213356, -520481, -138448, 538617, 57785, -541523, 33405, 524787, -135876, -492663, 244213, 449396, -342857, -400756, 415348, 360398, -466797, -333392, 514608, 301034, -556061, -244754, 573293, 177235, -566992, -122062, 556465, 80962, -550832, -48546, 546078, 44919, -543753, -97487, 539334, 199961, -501266, -318657, 400718, 425172, -260909, -504890, 148547, 545364, -109569, -541354, 141177, 505008, -218269, -456318, 315181, 404616, -407466, -351070, 476792, 303174, -524546, -264149, 562004, 219755, -586612, -156418, 587665, 85422, -568373, -29381, 545999, -4408, -532678, 19865, 529150, -14385, -533774, -17995, 546067, 70919, -559645, -130005, 564680, 189187, -563388, -245034, 565968, 281504, -567746, -286152, 555331, 273813, -536749, -263128, 534217, 244067, -547771, -197602, 556091, 127775, -549143, -51083, 533814, -27961, -511729, 113401, 475633, -205699, -422769, 297670, 354889, -372729, -272387, 410221, 177721, -402410, -81052, 358786, -2074, -292721, 57709, 216075, -79216, -142745, 72197, 85264, -50253, -48221, 24829, 29789, -1352, -27102, -18164, 37885, 32273, -58667, -38660, 84537, 35089, -111717, -21016, 137983, -1935, -159913, 30214, 174129, -60190, -181932, 91214, 186130, -123884, -184947, 155972, 175245, -183339, -159013, 204708, 140691, -220030, -121828, 226066, 103494, -220593, -89091, 208610, 80304, -198176, -74558, 189357, 70784, -176767, -72790, 161635, 82057, -151962, -92162, 150946, 95737, -153827, -92219, 156667, 84878, -158680, -74693, 157171, 62236, -148667, -51157, 135060, 44810, -121958, -42222, 111397, 41040, -101567, -41377, 92521, 43629, -86310, -44941, 82083, 42267, -76307, -37036, 68074, 33119, -60137, -31543, 54294, 30354, -49158, -28713, 42871, 27761, -35285, -28472, 29154, 29743, -27758, -28919, 30532, 24832, -32363, -19876, 28785, 18697, -20842, -25252, 13519, 40213, -11886, -56954, 17626, 65379, -27087, -62807, 34856, 57210, -39582, -57078, 44212, 62781, -51894, -70418, 63633, 76014, -78427, -75164, 93501, 65421, -105848, -49629, 115178, 33284, -122562, -19281, 126584, 7712, -124887, 1268, 118471, -7858, -110622, 14069, 103314, -22232, -96427, 32763, 89205, -43209, -80453, 49360, 69230, -48541, -56872, 41999, 46141, -33899, -38599, 27534, 33093, -23283, -27831, 20156, 22901, -18060, -19700, 17982, 18511, -20633, -17478, 25581, 14129, -30844, -7382, 33153, -1150, -30522, 8213, 24976, -11982, -20925, 13641, 20689, -15573, -22800, 19066, 24453, -24002, -23629, 29204, 19193, -33145, -11485, 34963, 2953, -35324, 3140, 35626, -5227, -36278, 4343, 36845, -2458, -37251, 1072, 37998, -1544, -37344, 3933, 32359, -5574, -24027, 3530, 17908, 1632, -17993, -6518, 22921, 8869, -29636, -8246, 36004, 5251, -39162, -1695, 36528, 236, -29555, -1700, 23223, 3848, -20630, -4038, 20432, 1708, -20071, 1914, 18187, -5034, -14182, 5898, 8181, -3267, -1858, -2593, -2064, 9639, 2021, -15545, 1071, 19444, -5186, -21807, 8917
1747889004.924, MrmFullScanInfo, 1144, 1511006420, 405979, 0, 0, 0, 0, 10000, 39297, 32, 4, 2, 1, 480, 0, 0, 0, 0, 0, 0, -114, 41, 169, -73, -88, 80, -28, -56, 122, 17, -211, 18, 213, -21, 3, -20, -340, 80, 531, -85, -416, -10, 109, 188, 179, -349, -276, 350, 133, -105, 133, -289, -308, 572, 309, -534, -308, 222, 526, 152, -838, -402, 846, 412, -357, -174, -397, -102, 984, 206, -1069, -184, 528, 315, 352, -633, -983, 841, 786, -533, 191, -286, -1102, 1091, 1305, -1133, -1066, 349, 1065, 779, -1340, -1786, 1495, 2267, -1290, -1713, 695, 83, 186, 1499, -829, -1911, 613, 1369, 604, -999, -2054, 1228, 2770, -1473, -2477, 1258, 1893, -875, -1767, 829, 1736, -1017, -1192, 1012, 358, -917, 137, 1018, -304, -1055, 352, 818, -205, -876, 40, 1720, -253, -2539, 755, 2282, -986, -1237, 791, 438, -790, -57, 1432, -427, -2403, 968, 3168, -1125, -3168, 851, 2448, -338, -2127, 0, 3031, -307, -4209, 1155, 3966, -1813, -2221, 1798, 361, -1301, 588, 1231, -668, -2189, 685, 3529, -1048, -4286, 1467, 4405, -1642, -4273, 1616, 3758, -1587, -2658, 1895, 1291, -2662, -105, 3499, -640, -4548, 1118, 6180, -1786, -7678, 2586, 7619, -2825, -5702, 2180, 2995, -1195, -53, 739, -3164, -1240, 6311, 2280, -8711, -3066, 9921, 3091, -10033, -2471, 9493, 1612, -8796, -718, 8004, -94, -6728, 635, 5001, -757, -3489, 664, 2037, -412, 345, -523, -3584, 2626, 6253, -5564, -7241, 8665, 6771, -11393, -5271, 13347, 3036, -14228, -391, 14208, -2439, -13748, 5506, 13022, -8657, -11857, 11232, 10148, -12642, -8232, 13175, 6397, -13544, -4469, 13688, 2479, -12994, -949, 11621, 185, -10492, 291, 9952, -1053, -9422, 2152, 8376, -3401, -6624, 4646, 4729, -5468, -3859, 5722, 4591, -6180, -5735, 7624, 5220, -9443, -2121, 9808, -2861, -7471, 8065, 2442, -10703, 2518, 9353, -3239, -7072, -716, 8549, 4119, -13869, -1595, 18197, -6714, -17428, 16841, 10846, -24382, -333, 26610, -11207, -23249, 21423, 15743, -28953, -5783, 32668, -4992, -31684, 14732, 26494, -21867, -18975, 25653, 11910, -25462, -8087, 21441, 8563, -15592, -11438, 10615, 13686, -7709, -14483, 6519, 15430, -7076, -18043, 10142, 20518, -13627, -20345, 12893, 19684, -7185, -23451, 2664, 31957, -5803, -39705, 16316, 41763, -29342, -36549, 39944, 26203, -43375, -16576, 37839, 13797, -28218, -17632, 22547, 21081, -23701, -18556, 27445, 10928, -29418, -2720, 28623, -2258, -25204, 2537, 19443, 1403, -13206, -7202, 9664, 11487, -10439, -12247, 14420, 9917, -19972, -6063, 26007, 2351, -29251, -1081, 26132, 4428, -18343, -10788, 12453, 14311, -12246, -10708, 14837, 1393, -16236, 8722, 15387, -15804, -13528, 19252, 11715, -20822, -9371, 21969, 4931, -21873, 2000, 18444, -9117, -11160, 12856, 2460, -11168, 3647, 5132, -4447, 1574, 723, -5117, 3639, 4194, -4660, -762, 1472, -1987, 3417, 2491, -6512, -1688, 5697, 980, -1299, -818, -4183, 1186, 7444, -2083, -6527, 3238, 2214, -3982, 3246, 3976, -8043, -2994, 9887, 2282, -7068, -4502, 1664, 10357, 1189, -16422, 1486, 18417, -7905, -15293, 14734, 8616, -19403, -766, 20080, -4629, -16756, 4017, 12893, 2042, -12868, -7899, 17242, 8157, -22427, -2546, 25094, -5685, -24598, 13148, 21153, -16606, -15451, 13851, 10379, -6874, -9295, 1771, 11903, -2952, -14515, 9125, 14720, -16513, -12637, 22567
1747889005.020, MrmFullScanInfo, 1145, 1511006420, 406104, 0, 0, 0, 0, 10000, 39297, 32, 1, 2, 1, 480, 7616, -6619, -5751, 9387, 4157, -11449, -292, 11407, -3505, -10915, 7132, 10364, -11623, -9982, 15617, 6300, -15003, -2102, 20043, -2746, -23487, 9819, 21074, -16671, -16922, 21147, 9237, -28968, 1436, 34404, -16837, -31951, 27438, 28066, -50061, -19020, 83203, 1429, -102856, 27423, 115145, -60087, -141755, 109273, 168116, -177367, -156504, 224172, 130611, -239826, -122711, 318034, 103769, -402826, -50486, 428735, 388, -436169, 70079, 470203, -170468, -508104, 226519, 458693, -252948, -382569, 364157, 384027, -466842, -401757, 454080, 253520, -472888, -151787, 508882, 67312, -520163, 77812, 519651, -177387, -504060, 176717, 502875, -315576, -519462, 450497, 458116, -444333, -329950, 467551, 302273, -506865, -265717, 520163, 73221, -519336, -12908, 480517, -114862, -483201, 298489, 513980, -311468, -433312, 335944, 321873, -440756, -300138, 508343, 259802, -498404, -119909, 512926, 32807, -518908, 81316, 520192, -244045, -518693, 272864, 465104, -288547, -467945, 392701, 509780, -479225, -405509, 456986, 290662, -469898, -286439, 498075, 298625, -519149, -189417, 512337, 166975, -506097, -243483, 502465, 445150, -473729, -509256, 203762, 509496, 20130, -512898, -65023, 519378, 46291, -513448, 23098, 504965, -66393, -510639, 178008, 519859, -312970, -495506, 325279, 422447, -389977, -417257, 460284, 447239, -512048, -311304, 507601, 218360, -510349, -191416, 516537, 178559, -520154, -131157, 519616, 133527, -514110, -167763, 511047, 261610, -515466, -315424, 484223, 336475, -433871, -408920, 440172, 488455, -475220, -437692, 425180, 382325, -375517, -408794, 428964, 457271, -488073, -350386, 466762, 258735, -472913, -221845, 502372, 158534, -519632, -35385, 509204, -43761, -456529, 173786, 440205, -300030, -419214, 319769, 290794, -317864, -181352, 328238, 84411, -311694, -8818, 234110, -22258, -154974, 30600, 105287, -37130, -63246, 25953, 32007, -2290, -20637, -17276, 24098, 37571, -40144, -56497, 65362, 61448, -84028, -51490, 120173, 40792, -163613, -21294, 174760, -1903, -180256, 26469, 205397, -62212, -226124, 97527, 207852, -112826, -200283, 150473, 193985, -174603, -185894, 195400, 155836, -175395, -133402, 151522, 123824, -150346, -122018, 149290, 112821, -129749, -99527, 108507, 102496, -102347, -116216, 101955, 119019, -90153, -123917, 84541, 139444, -98562, -153452, 116486, 138321, -118576, -118283, 110827, 110420, -119976, -102042, 127898, 78623, -109779, -63294, 89897, 57590, -83465, -56141, 77390, 52362, -61664, -50529, 62424, 45501, -52548, -47969, 46234, 47736, -39670, -47458, 34393, 50136, -35191, -49723, 36159, 40877, -31117, -56273, 31749, 61808, -37421, -63755, 45424, 51098, -45523, -41101, 37191, 37515, -32105, -38447, 24509, 41077, -18261, -64812, 51132, 63423, -52888, -65722, 56217, 62678, -55635, -62465, 53678, 71739, -62883, -82681, 77672, 77955, -83206, -58918, 100551, 56980, -110849, -53776, 125636, 40333, -122162, -29050, 115428, 17263, -120544, -4107, 124311, -7364, -106182, -1366, 98238, -8427, -95900, 19160, 96580, -26579, -79255, 28825, 63969, -34383, -56379, 37729, 48222, -32149, -37976, 23049, 28383, -22097, -27137, 22759, 26599, -22224, -21546, 21329, 15849, -21784, -11870, 22586, 7531, -21930, -5756, 41970, 4038, -50026, 5148, 55230, -16251, -44669, 25085, 32925, -28057, -24599, 30393, 19337, -33568, -15816, 30599, 26990, -48166, -17207, 54683, 6007, -55879, 854, 42455, -5191, -29060, 5197, 22106, -4333, -19127, 1787, 17436, -1639, -17800, 2820, 15059, -370, -13196, -4299, 10792, 8453, -10340, -13029, 12177, 14810, -14372, -12817, 15693, 10687, -22691, -7047, 23019, 3916, -21795, -611, 16523, -1583, -10038, 2414, 6259, -2484, -2070, 1013, -1305, -17387, 1503, 18626, -11759, -15642, 21821, 6374, -24895, 3111, 24699, -13244, -25555, 22660, 25197, -27641, -18515
1747889005.036, MrmFullScanInfo, 1145, 1511006420, 406104, 0, 0, 0, 0, 10000, 39297, 32, 2, 2, 1, 480, 0, 0, 0, 0, 0, 0, -1777, 4408, 1440, -9637, 2025, 11960, -6857, -10819, 11221, 7755, -14363, -4147, 16353, 358, -17681, 4022, 18604, -9476, -18405, 15699, 15732, -21609, -9800, 26255, 537, -28851, 11444, 28362, -25125, -23706, 40564, 13792, -58432, 3065, 77075, -28072, -92746, 61109, 103791, -102873, -109421, 153803, 105101, -207523, -86914, 254755, 58264, -296214, -23383, 339554, -20379, -382306, 76736, 411809, -144588, -422654, 220066, 417465, -295397, -394625, 360986, 352058, -416455, -298752, 468767, 243304, -515694, -180094, 543283, 99298, -544033, -394, 524309, -109008, -492155, 215147, 454004, -304539, -419372, 381032, 390337, -457615, -350262, 527735, 284348, -568531, -203102, 575399, 122115, -564094, -39558, 542283, -53971, -506674, 160699, 459926, -273444, -408614, 376246, 351606, -449932, -284792, 492693, 211511, -519382, -136196, 537381, 55795, -540546, 35086, 524234, -138206, -492101, 247668, 448310, -346382, -399192, 417722, 358757, -468018, -331774, 515261, 299245, -556207, -242640, 572673, 174644, -565737, -119240, 555071, 78589, -549877, -46683, 545788, 42710, -543694, -94471, 538788, 197043, -500158, -317013, 400096, 424781, -262209, -504678, 151932, 544361, -113548, -539630, 144412, 503280, -220865, -454960, 317616, 403325, -409425, -349302, 477681, 300672, -524431, -260983, 561433, 216038, -585898, -151805, 586735, 79283, -566905, -21851, 543844, -12376, -530118, 27774, 526542, -22988, -531077, -8297, 543048, 61627, -556388, -123485, 561767, 186519, -561398, -245320, 564740, 283024, -566189, -287624, 552574, 274778, -533366, -263497, 531523, 243877, -546337, -196775, 555503, 126243, -548840, -48900, 533440, -30408, -510905, 116025, 473843, -209460, -419367, 303323, 349529, -379491, -265481, 416447, 169806, -407404, -72055, 362747, -12388, -295681, 68854, 217879, -90293, -143370, 82647, 84702, -59782, -46342, 33112, 26535, -8119, -22504, -12871, 31957, 28160, -51596, -35483, 76966, 32707, -104659, -19214, 132136, -3461, -155164, 31580, 169785, -61300, -177225, 91874, 180446, -123652, -178292, 154600, 168355, -181708, -152249, 204505, 133038, -221636, -111707, 227246, 90496, -217707, -74698, 198788, 67488, -180849, -65483, 167458, 63859, -155102, -62933, 142319, 66066, -132123, -73638, 126479, 83218, -124898, -93396, 128277, 102216, -137633, -104523, 148612, 96817, -154069, -82463, 152473, 67296, -147369, -53151, 139676, 40002, -127299, -30134, 111451, 25872, -96553, -26145, 85427, 27760, -77621, -28547, 71378, 28589, -65288, -29110, 58932, 30919, -53249, -33591, 49534, 35497, -47893, -35881, 47094, 36578, -46848, -39785, 48861, 43801, -53756, -43806, 58299, 37951, -58023, -29803, 51814, 24865, -42731, -26788, 37220, 34888, -41104, -43863, 53892, 47873, -67990, -45963, 75813, 42683, -77042, -43008, 77446, 47532, -82679, -50905, 93168, 47243, -104944, -36407, 115043, 22832, -122890, -9915, 127373, -1750, -127180, 12368, 123370, -22456, -117918, 31559, 110918, -37595, -102269, 39882, 93924, -41311, -86955, 44832, 79081, -49490, -68005, 52539, 54719, -52515, -42260, 49285, 32450, -43280, -25554, 36153, 21348, -30488, -19014, 27717, 16956, -27023, -13760, 26719, 9323, -25828, -4631, 25568, 431, -28542, 4155, 35608, -11072, -43166, 20827, 45225, -30822, -39025, 37241, 27310, -38682, -15574, 36923, 8299, -35831, -6198, 38976, 5453, -46308, -1099, 52730, -7506, -52026, 15685, 43036, -18708, -30374, 15995, 20151, -10712, -15278, 6630, 14540, -5280, -14940, 5371, 14477, -4445, -13207, 1209, 12457, 3555, -13272, -7768, 15511, 9594, -18314, -8434, 20919, 4956, -22701, -467, 22820, -3609, -20486, 6135, 15911, -6646, -10305, 5445, 5120, -4327, -993, 5625, -3049, -9406, 8745, 12164, -16157, -9725, 22699, 1473, -25352, 9800, 23603, -20597, -19114
1747889005.052, MrmFullScanInfo, 1145, 1511006420, 406104, 0, 0, 0, 0, 10000, 39297, 32, 4, 2, 1, 480, 0, 0, 0, 0, 0, 0, -55, -73, 108, 89, -67, -75, -30, 79, 19, -21, 181, -163, -371, 372, 351, -429, -147, 305, -86, -72, 191, -170, -90, 264, -140, -82, 270, -166, -154, 148, -89, 171, 232, -437, -176, 340, 20, 93, 28, -587, 168, 860, -476, -662, 613, -24, -266, 806, -429, -1170, 867, 1044, -505, -851, -455, 900, 1359, -1143, -1469, 1407, 532, -1466, 880, 1021, -1768, -246, 1581, -180, -770, -294, 112, 1551, -85, -2966, 646, 3687, -1271, -3085, 1332, 1541, -790, -63, 193, -647, -72, 683, 684, -454, -1885, 455, 2911, -809, -3093, 1160, 2732, -1252, -2320, 1119, 1651, -919, -547, 945, -479, -1379, 1023, 1795, -1130, -1641, 918, 1308, -548, -1584, 454, 2317, -739, -2448, 1094, 1742, -1257, -966, 1271, 588, -1193, -293, 1101, -234, -1238, 782, 1449, -1016, -1273, 778, 873, -250, -856, -88, 1224, -104, -1265, 478, 708, -83, -182, -1546, 354, 3512, -1140, -4444, 1839, 4273, -1991, -4020, 1817, 3973, -1836, -3480, 2283, 2233, -2955, -824, 3674, -124, -4459, 671, 5638, -1121, -7550, 1812, 9571, -2747, -10601, 3467, 10563, -3621, -10602, 3486, 10802, -3452, -9489, 3509, 5765, -3309, -979, 2725, -2728, -2225, 4405, 2527, -4475, -3427, 3847, 3691, -3046, -2721, 2272, 1285, -1283, -348, 107, 59, 872, -125, -1454, 585, 2445, -1856, -4886, 4301, 7895, -7424, -9383, 10103, 8613, -11954, -6802, 13487, 5036, -14864, -3265, 15555, 1314, -15394, 784, 14740, -2993, -13672, 5175, 12014, -7017, -9918, 8520, 7838, -9964, -6004, 11193, 4414, -11548, -3146, 10698, 2374, -9258, -1987, 8145, 1565, -7720, -852, 7858, -187, -8307, 1747, 8634, -3378, -8554, 3766, 8760, -2392, -10268, 1055, 12805, -2340, -14673, 6973, 14103, -13580, -10198, 19688, 5029, -22637, -3273, 22098, 7440, -21171, -13518, 23116, 14095, -27064, -5833, 28473, -8667, -23778, 23500, 12854, -32840, 1430, 33483, -15081, -26074, 25075, 13810, -29917, -77, 29043, -12372, -22811, 21443, 13030, -25814, -2485, 24539, -4758, -18567, 5494, 11978, -1221, -8323, -2759, 6710, 3547, -4086, -3476, 447, 5748, 1005, -10409, 514, 14343, -731, -15909, -4401, 17845, 11864, -23409, -13605, 30928, 5112, -34613, 11705, 30187, -30859, -17769, 42322, 4414, -38619, -806, 25110, 10098, -16369, -22391, 19589, 25340, -28084, -16956, 32784, 4071, -30672, 5798, 24239, -9255, -17618, 7339, 13756, -3561, -13004, 1046, 13678, -392, -14423, 273, 15624, 24, -18107, 316, 19857, -1726, -17135, 2469, 9840, -300, -3196, -4206, 2372, 7732, -7134, -7559, 13604, 3660, -17853, 1775, 17959, -6044, -14289, 7412, 8923, -5928, -4138, 3192, 904, -997, 1327, -35, -3568, 671, 5923, -2036, -5749, 3746, -259, -3329, 11254, -1271, -20972, 8877, 22871, -15462, -15994, 17353, 4727, -13892, 4994, 7508, -8406, -2865, 4844, 4196, 579, -10889, -959, 16540, -5240, -14626, 12682, 4651, -15548, 8602, 12407, -19431, -5928, 23558, 565, -20172, 190, 13586, 3291, -10256, -6665, 12599, 5804, -17427, -534, 21113, -6426, -22489, 11779, 20848, -12918, -15694, 9120, 9040, -2762, -4754, -1928, 4692, 2420, -7037, 940, 9122, -6193, -9374, 9510, 7894, -6737, -6889, -2250, 9183, 11869, -15074, -15535, 21509, 11738, -24825, -3638, 23933, -4495, -20224
1747889005.163, MrmFullScanInfo, 1146, 1511006420, 406229, 0, 0, 0, 0, 10000, 39297, 32, 1, 2, 1, 480, 6825, -7168, -5861, 9715, 4005, -11343, -118, 11430, -2597, -10912, 6998, 10831, -11885, -9866, 16401, 5511, -16026, -1990, 20207, -2967, -23301, 10239, 21211, -17325, -16725, 20900, 9646, -28507, 1043, 34926, -16664, -32342, 27734, 28165, -50682, -18958, 84744, 682, -103089, 26985, 114822, -59876, -141681, 109503, 167194, -176964, -156900, 223472, 132440, -242495, -122856, 319419, 102855, -404022, -50016, 430044, 830, -435761, 67279, 470638, -169070, -508108, 225306, 459803, -255503, -386583, 363389, 384954, -468609, -398828, 455317, 252754, -470579, -151127, 508548, 67512, -520161, 76235, 519759, -173056, -504531, 178449, 502753, -314130, -519143, 451198, 457775, -447015, -327114, 466334, 302118, -506392, -268910, 520144, 75576, -519297, -13438, 480006, -113020, -482684, 295421, 513897, -310610, -432155, 342389, 319247, -439239, -299608, 508262, 254071, -498963, -114343, 512995, 32827, -519178, 80038, 520192, -241401, -518893, 270115, 462151, -294730, -468518, 391448, 508012, -479830, -401634, 458740, 289539, -469958, -287628, 498953, 299307, -519073, -189295, 511248, 161581, -507904, -241461, 501779, 442485, -475071, -509669, 208484, 509903, 17497, -512864, -64968, 519270, 46177, -513501, 25208, 504936, -73628, -510365, 178088, 519810, -316710, -493797, 332071, 422168, -391926, -414919, 460147, 445468, -511470, -310647, 507421, 213476, -511126, -188798, 515983, 169714, -520176, -117207, 519677, 130746, -514053, -162563, 511045, 259245, -515097, -315359, 484092, 332493, -436885, -409597, 438722, 487059, -474108, -436524, 425681, 385014, -374392, -412006, 424333, 460220, -487109, -350108, 467944, 257963, -474267, -223792, 501492, 154842, -519617, -31162, 508883, -45294, -456506, 166868, 442841, -301112, -419890, 327954, 286295, -326860, -178125, 334310, 83133, -319639, -3231, 240036, -29117, -158672, 36151, 110152, -42363, -65235, 32506, 33820, -7233, -20429, -13225, 22396, 32760, -39116, -50520, 63393, 57033, -81146, -50740, 116870, 40810, -160675, -22335, 175051, -3231, -181534, 27882, 206428, -63048, -227646, 103098, 208308, -121204, -203818, 149975, 200942, -176069, -193091, 202075, 160155, -188419, -135399, 166526, 119679, -164869, -108126, 162168, 92541, -134177, -107222, 124217, 103869, -121185, -104579, 120763, 97033, -103730, -94073, 87471, 102798, -85432, -115114, 89677, 114303, -81742, -111052, 72147, 122553, -83986, -133229, 103185, 117151, -104667, -101994, 100257, 91471, -108159, -78285, 113519, 58789, -93651, -77187, 63035, 70139, -63428, -61425, 62384, 50286, -49137, -44803, 36187, 46620, -29983, -54669, 26690, 57716, -27629, -45878, 13498, 55430, -12514, -72022, 15399, 74666, -23571, -76090, 30256, 86080, -41947, -94142, 54956, 81113, -61869, -93019, 33180, 101609, -46241, -108303, 64568, 95001, -73278, -83278, 75151, 81682, -87149, -80299, 101512, 68347, -98705, -79511, 111781, 71441, -121991, -61595, 133428, 45661, -123610, -34613, 113434, 24716, -118125, -14857, 123291, 4253, -110173, -4121, 98486, -3717, -93457, 11896, 89618, -14931, -73290, 14464, 61303, -18794, -56704, 21456, 54878, -18979, -47697, 15197, 37578, -15595, -38276, 19182, 40524, -22933, -35712, 25912, 30909, -32310, -26722, 40413, 19130, -40172, -11237, 29017, 12713, -38087, -7229, 49817, -333, -49784, 10202, 46847, -18444, -47954, 28347, 44933, -37148, -34735, 39433, 21784, -38670, -16143, 42681, 9878, -46220, -6055, 39347, 1919, -32526, -294, 29934, -750, -27407, 558, 21653, -3901, -17282, 1563, 13496, 2943, -12688, -6771, 11666, 11025, -12699, -14292, 16914, 16861, -21233, -13747, 20777, 11546, -22422, -11443, 24901, 10507, -27897, -4603, 22843, -401, -18646, 6224, 15548, -10936, -10357, 12147, 2897, -8833, -10172, 10818, 3864, -12958, 3287, 9499, -10727, -6453, 14606, 3668, -21118, 1936, 27131, -8815, -27908
1747889005.179, MrmFullScanInfo, 1146, 1511006420, 406229, 0, 0, 0, 0, 10000, 39297, 32, 2, 2, 1, 480, 0, 0, 0, 0, 0, 0, -1712, 4450, 1362, -9687, 1983, 12047, -6660, -11001, 11068, 7921, -14515, -4054, 16823, -93, -18210, 4658, 18917, -10055, -18420, 16104, 15579, -21793, -9709, 26257, 665, -28849, 11170, 28530, -24981, -23986, 40816, 13897, -59096, 3328, 77843, -28553, -93242, 61458, 103846, -102876, -109165, 153478, 104922, -207207, -87152, 255035, 58730, -297389, -23451, 341236, -20984, -383757, 77447, 412681, -144534, -423157, 218936, 418051, -293897, -395686, 360214, 353636, -416980, -300261, 470281, 243815, -517140, -179278, 543664, 97946, -543210, 345, 523121, -108473, -491641, 213558, 454521, -302775, -420423, 379922, 391103, -457469, -350123, 528236, 283189, -569031, -201639, 575393, 121628, -563822, -40674, 542359, -51863, -507190, 158479, 460519, -271420, -408991, 374836, 351443, -449725, -283677, 493495, 209250, -520116, -132920, 537153, 51977, -539418, 38458, 522904, -139900, -491426, 247206, 448540, -344782, -399739, 416587, 358696, -468080, -330513, 516003, 296914, -556755, -240024, 572839, 172816, -565837, -118726, 555354, 78682, -550228, -46088, 545803, 40770, -543178, -91752, 538276, 194666, -500670, -315478, 402060, 423851, -264781, -504023, 153964, 543952, -115131, -539344, 146434, 502708, -223649, -453787, 320882, 401588, -412919, -347108, 481033, 298152, -526737, -258579, 562069, 214069, -585243, -150019, 585580, 76774, -565607, -17307, 542099, -19414, -527504, 36051, 523351, -30255, -528255, -3482, 541343, 59020, -555984, -122051, 562283, 185329, -562021, -244113, 564778, 282209, -565588, -287808, 551655, 276421, -532320, -266359, 530581, 246830, -545922, -198646, 555733, 126563, -549241, -47768, 533365, -32667, -510057, 118279, 472806, -210243, -419292, 302961, 350473, -380382, -265568, 420350, 167129, -413608, -66638, 369408, -19288, -301405, 76250, 222068, -97625, -146021, 89557, 86175, -66189, -46870, 38990, 26055, -13303, -21004, -8403, 29606, 24097, -48596, -31752, 73457, 29901, -100923, -18084, 128853, -3002, -153158, 30668, 169371, -61196, -177939, 93248, 181394, -126785, -178810, 159239, 168671, -186790, -153624, 209226, 136488, -226955, -116296, 235232, 93376, -229152, -72623, 212090, 58289, -192572, -50821, 175414, 49553, -161445, -53385, 151777, 58653, -146172, -61016, 140531, 60747, -131414, -62336, 121122, 68627, -114831, -76797, 113244, 82838, -113185, -86983, 114578, 90320, -120201, -89810, 128565, 81908, -133949, -68135, 133803, 52684, -129457, -39638, 120714, 33142, -107196, -34753, 92569, 39778, -81154, -41053, 72346, 37256, -62705, -33231, 52075, 33843, -43951, -38289, 39927, 42454, -37545, -45548, 34733, 50446, -33433, -57800, 36672, 64610, -44510, -68891, 55292, 70375, -67222, -69216, 76262, 67627, -78699, -69948, 77320, 76347, -79371, -79923, 87224, 74988, -96197, -63703, 102973, 51908, -108316, -43203, 113822, 38094, -120317, -34744, 128333, 29325, -136021, -19071, 138649, 5880, -133856, 6119, 125132, -15240, -117588, 22568, 111812, -28682, -105141, 33082, 96661, -35953, -87265, 37905, 77119, -38628, -66204, 37878, 55937, -36372, -48079, 34765, 42496, -32785, -37944, 30372, 34183, -28717, -31609, 29243, 29520, -32029, -26315, 36119, 21071, -40293, -13929, 42513, 6426, -41426, -775, 39174, -2796, -39451, 7025, 42396, -14272, -44434, 23833, 43019, -33543, -38151, 41605, 30406, -46531, -20578, 47600, 10480, -46069, -2014, 43979, -4178, -41677, 8275, 38176, -10315, -33454, 10525, 28635, -9777, -24309, 8931, 20187, -7819, -16297, 5597, 13484, -1927, -12551, -2453, 13690, 6446, -16610, -8956, 20445, 9205, -23731, -7460, 25483, 5014, -26173, -2706, 26555, 119, -26024, 3344, 23383, -7387, -18456, 11057, 12136, -13184, -6188, 13245, 2417, -12265, -704, 11546, -1312, -10660, 5449, 8125, -10967, -3460, 16322, -2721, -20502
1747889005.195, MrmFullScanInfo, 1146, 1511006420, 406229, 0, 0, 0, 0, 10000, 39297, 32, 4, 2, 1, 480, 0, 0, 0, 0, 0, 0, 52, 6, -50, -1, -60, 45, 188, -147, -157, 162, -59, 20, 300, -297, -378, 465, 264, -464, -71, 385, -57, -254, 50, 97, 63, -7, -152, 76, 74, -205, 211, 181, -555, 64, 681, -320, -466, 378, 27, -244, 382, 34, -426, 39, 37, 262, 371, -822, -284, 1171, -209, -985, 485, 471, -139, -69, -550, 58, 893, -457, -594, 999, -88, -1147, 719, 451, -748, 754, 10, -1535, 949, 1465, -1309, -777, 845, -16, -34, 532, -523, -603, 498, 261, 173, 145, -1211, -168, 1842, -248, -1385, 528, 174, -310, 783, -10, -1058, 57, 1039, 107, -722, -554, 4, 1504, 570, -2819, -283, 3995, -705, -4466, 1495, 3907, -1534, -2397, 859, 576, -97, 534, -69, -412, -589, -434, 1795, 951, -2869, -624, 3171, 15, -2483, 271, 1253, -163, -530, -31, 1033, -72, -2414, 485, 3410, -602, -3088, -238, 1949, 1847, -1042, -3109, 777, 3317, -818, -3147, 950, 3421, -1260, -4033, 1766, 4503, -2331, -4568, 2978, 3987, -3575, -2461, 3711, 508, -3514, 915, 3723, -1536, -5129, 1919, 7866, -2695, -10681, 3803, 11918, -4430, -11054, 4051, 8865, -2986, -6332, 1739, 3893, -710, -1959, 311, 666, -647, 308, 1397, -1312, -2099, 2537, 2378, -3466, -1949, 3297, 914, -1915, 58, 32, -334, 1675, -152, -2902, 1080, 3135, -1714, -2463, 1616, 2391, -1689, -4193, 3432, 6920, -6739, -8578, 9922, 8464, -11845, -6993, 12585, 4874, -12487, -2708, 11887, 856, -11074, 796, 10021, -2446, -8616, 4022, 7187, -5413, -6175, 6538, 5343, -7236, -4021, 7219, 2102, -6267, -403, 4584, -154, -2862, -451, 1872, 1600, -1954, -2808, 2660, 3702, -2889, -4017, 1859, 4287, -332, -5574, 305, 7865, -3047, -9440, 8165, 8375, -14084, -3857, 17619, -1538, -16438, 2999, 13239, 808, -13754, -4858, 19648, 3023, -26447, 5765, 29009, -18324, -24907, 30108, 14354, -37027, 610, 36717, -16937, -29056, 31083, 15552, -39457, 1031, 39585, -17074, -31588, 29432, 18013, -36076, -4612, 35554, -1406, -29209, -2164, 22050, 8964, -17947, -10642, 15669, 6158, -11697, -880, 5805, 183, -1419, -3677, -35, 7072, 1663, -9173, -6116, 13543, 10299, -22240, -8236, 31851, -2140, -37347, 18186, 35418, -34786, -26894, 44065, 18132, -40761, -16925, 29768, 23217, -22391, -27602, 23694, 22238, -28200, -8140, 29355, -7865, -25328, 17614, 18712, -16338, -13866, 6984, 12945, 1901, -13608, -4617, 12121, 2868, -7903, -836, 3565, 475, -1808, -1195, 2696, 2077, -4125, -3174, 4314, 4913, -3350, -7039, 2557, 8683, -2835, -9056, 4281, 7981, -6444, -5756, 8594, 3010, -10051, -491, 10804, -1466, -11354, 3267, 11852, -5533, -11957, 8593, 11298, -12286, -9540, 14566, 7251, -12867, -6377, 8089, 8100, -4882, -10568, 6605, 10484, -11981, -6350, 17539, -685, -20310, 8005, 18444, -12135, -12347, 10507, 5509, -4259, -1797, -1951, 1678, 4200, -2433, -2627, 1814, 32, 217, 889, -2243, 314, 3063, -2167, -2591, 3355, 1514, -3920, -380, 4419, -618, -4760, 1497, 4664, -2312, -4190, 2891, 3401, -3017, -2076, 2767, -1, -2332, 2437, 1567, -4262, -37, 4797, -2305, -3990, 4943, 2201, -6510, -761, 5964, 1686, -4565, -5241, 5053, 8547, -8372, -8159, 12717, 3450, -15931, 3776, 16950, -11210
1747889005.243, MrmFullScanInfo, 1147, 1511006420, 406354, 0, 0, 0, 0, 10000, 39297, 32, 1, 2, 1, 480, 6596, -6859, -6134, 9092, 3769, -12175, -329, 11451, -2355, -10803, 7161, 10571, -12509, -9994, 15462, 5869, -15258, -1914, 19717, -2973, -24214, 10354, 20955, -16043, -16308, 20504, 9359, -28880, 836, 35002, -17379, -31533, 27503, 27163, -49908, -19200, 84587, 1522, -102792, 27640, 115301, -59329, -142029, 108798, 169158, -176950, -156871, 224707, 131690, -240902, -124545, 318732, 103572, -404841, -51689, 430332, 1309, -436768, 68723, 470919, -168340, -509573, 225747, 458940, -251597, -385772, 362181, 387375, -468381, -401193, 455333, 256303, -471752, -153576, 508882, 66593, -520192, 76829, 519732, -173666, -504610, 174596, 503376, -312680, -519554, 451816, 458509, -445503, -329064, 466815, 301053, -506387, -269345, 520174, 73537, -519224, -10934, 480252, -111601, -482838, 295673, 514086, -311086, -429875, 337288, 321045, -438219, -299661, 508753, 254515, -498829, -116522, 512518, 31014, -519046, 80055, 520192, -241187, -518622, 270706, 463092, -288332, -467948, 391274, 508455, -479293, -402638, 457751, 288594, -470933, -286102, 499224, 299300, -519248, -183005, 511436, 163474, -507003, -241396, 501700, 440680, -474631, -509823, 209620, 509216, 18329, -513108, -68697, 519308, 46922, -513729, 23347, 504880, -69630, -510692, 176596, 519895, -314513, -493960, 329496, 420842, -391169, -417274, 460916, 446946, -511816, -307825, 507875, 213733, -510640, -189698, 516360, 169660, -520162, -119011, 519662, 127672, -513854, -165701, 511736, 256093, -515422, -310039, 484609, 333220, -435395, -407107, 438881, 486536, -474664, -437061, 425918, 385447, -375868, -412961, 424255, 455309, -487894, -345819, 468794, 252884, -474615, -219731, 502176, 151736, -519678, -27450, 508223, -49471, -457603, 173006, 440928, -308991, -416621, 333872, 281429, -331376, -172333, 340413, 76551, -323765, 2217, 241064, -33727, -162646, 41026, 110914, -47245, -65533, 36526, 32770, -10957, -19430, -10496, 21024, 30032, -37406, -48589, 61262, 56979, -80651, -50313, 116758, 40188, -160863, -21249, 174264, -3414, -181265, 28639, 207519, -64091, -228706, 103270, 209797, -122004, -204987, 150268, 201776, -176168, -193816, 203604, 162480, -188797, -138314, 170172, 124576, -171842, -112803, 171670, 94845, -144292, -111693, 126983, 109863, -125877, -109730, 129672, 100600, -114699, -94277, 100013, 97636, -100365, -101805, 100456, 97073, -87069, -92074, 70450, 101683, -73316, -114970, 83542, 109281, -82326, -102039, 80870, 101364, -93387, -96774, 104103, 76494, -94326, -70862, 46490, 72347, -48325, -71252, 50226, 61020, -43883, -51833, 34465, 49976, -29218, -54212, 23330, 53499, -21131, -46280, 11507, 54742, -9615, -69025, 7691, 73558, -11288, -77050, 15425, 91888, -23936, -108298, 35883, 99976, -49417, -90370, 23695, 104050, -36955, -118364, 54816, 111163, -67876, -100555, 73335, 100215, -87816, -99666, 103840, 81437, -101242, -83891, 112319, 75642, -127588, -67061, 142110, 50470, -132694, -37534, 120557, 27851, -122642, -20439, 126216, 10085, -110773, 2416, 99562, -12418, -94831, 20697, 92079, -22916, -75432, 20918, 61548, -24289, -55354, 25147, 51817, -20653, -41811, 15549, 31029, -16296, -29148, 17841, 30688, -19294, -29388, 19519, 29661, -25630, -29748, 34629, 26982, -40483, -19663, 21854, 1548, -27617, 1427, 37492, -5951, -40371, 11781, 41529, -16800, -46230, 25631, 48115, -36822, -39578, 40491, 14509, -45850, -10404, 50209, 6507, -54731, -4168, 46072, 931, -37767, 1383, 34389, -3389, -28999, 1861, 21458, -13973, -22434, 11542, 17616, -8320, -15101, 621, 12947, 5210, -12061, -10544, 13480, 16949, -16959, -18684, 21133, 6938, -18268, -9946, 20529, 11251, -23629, -9223, 23304, 6970, -20170, -3326, 18972, -1620, -16859, 7017, 11511, -2635, -14723, 730, 13094, -791, -9945, -35, 5348, 1465, -741, -1682, -5315, 4056, 11739, -5147, -15503
1747889005.259, MrmFullScanInfo, 1147, 1511006420, 406354, 0, 0, 0, 0, 10000, 39297, 32, 2, 2, 1, 480, 0, 0, 0, 0, 0, 0, -1720, 4463, 1397, -9779, 1941, 12180, -6665, -11051, 11117, 7880, -14470, -4052, 16534, 68, -17778, 4391, 18623, -9796, -18383, 15828, 15676, -21431, -9787, 25892, 645, -28593, 11308, 28266, -25092, -23577, 40672, 13523, -58669, 3391, 77420, -28314, -93117, 61138, 104175, -102645, -109938, 153492, 105810, -207475, -87769, 255234, 59114, -297275, -24049, 341064, -19991, -384008, 76491, 413419, -144143, -424061, 219211, 418766, -294245, -396045, 359808, 353903, -415630, -301039, 468738, 245565, -516513, -181833, 544399, 100497, -544818, -1283, 524600, -108146, -492246, 213881, 454365, -302607, -420285, 378860, 391613, -456094, -351290, 527339, 284525, -568835, -202605, 575622, 121853, -564054, -40014, 542263, -53115, -506753, 159691, 460051, -272078, -408693, 374652, 351339, -448535, -283933, 491585, 210050, -518412, -134104, 536416, 53017, -539510, 37964, 523198, -139992, -491459, 247586, 448334, -344731, -399660, 415512, 359126, -466131, -331527, 514041, 298095, -555593, -240707, 572531, 172591, -565973, -117440, 555430, 76591, -549851, -43971, 545004, 39423, -542358, -91302, 537816, 194528, -500599, -315243, 401913, 423603, -263985, -504111, 152415, 544557, -113135, -540294, 144238, 503770, -221348, -454830, 318616, 402450, -410819, -347767, 479308, 298859, -525810, -259321, 562144, 214380, -585848, -149659, 586018, 76214, -565675, -17217, 542068, -19068, -527589, 35663, 523511, -30137, -528420, -2879, 541418, 57367, -555664, -119639, 561386, 183096, -560893, -242722, 564011, 281676, -565592, -287883, 552386, 276462, -533321, -265420, 531203, 244232, -545698, -194542, 554707, 121851, -547848, -43318, 532028, -36538, -508961, 121932, 471758, -214430, -417653, 308109, 347382, -385992, -260585, 425403, 160593, -417479, -59306, 372007, -26582, -302942, 82840, 222896, -103313, -146428, 94570, 86056, -70706, -45926, 42898, 24313, -16442, -18785, -6018, 27231, 22413, -46312, -30788, 71594, 29551, -99807, -17934, 128437, -3360, -152997, 31274, 169151, -61882, -177776, 93949, 181604, -127582, -179513, 160168, 169694, -187759, -154680, 210143, 137457, -227845, -117374, 236416, 94960, -231399, -74911, 216474, 60793, -199775, -52650, 184612, 50500, -170622, -54438, 159675, 60811, -153539, -63697, 149073, 61799, -141896, -59170, 132606, 59446, -124941, -61624, 119077, 63690, -112420, -66969, 106039, 72911, -104129, -78535, 107271, 79503, -111788, -75384, 115605, 67903, -118711, -57824, 116961, 47716, -105159, -43009, 86352, 45424, -70204, -49222, 61590, 48326, -56702, -43377, 51017, 39378, -44322, -38863, 38269, 40698, -33299, -44166, 29411, 50210, -27714, -58405, 29405, 66631, -34367, -74253, 42334, 81285, -53346, -85195, 64054, 84261, -69206, -82638, 69422, 85254, -72075, -89389, 81636, 88365, -94488, -80862, 106159, 70282, -115321, -59535, 122059, 49903, -127288, -41643, 133472, 32923, -140976, -21135, 145274, 7083, -142136, 5458, 133455, -14227, -124368, 20816, 116383, -27648, -107371, 35084, 96655, -41837, -85661, 46337, 74931, -47508, -64133, 45560, 53948, -41958, -45600, 37893, 38924, -33514, -32930, 29096, 27644, -25785, -23981, 24650, 22213, -25808, -21534, 29049, 20698, -34158, -18316, 38883, 13094, -39555, -5364, 35607, -2928, -31045, 10377, 29863, -17066, -31922, 23851, 34876, -31414, -36221, 39613, 32845, -46718, -22961, 50421, 9035, -50617, 3626, 49220, -11482, -47093, 14656, 43575, -14845, -38418, 13644, 32402, -12637, -26415, 13023, 20933, -14513, -16280, 15055, 12937, -12550, -11395, 7052, 11890, -188, -14163, -6120, 17752, 9772, -21471, -9449, 23582, 6364, -23634, -3356, 23104, 1819, -23164, -802, 23171, -861, -21963, 3559, 19050, -6531, -15114, 8211, 11809, -7787, -10336, 6074, 10007, -4252, -8956, 2518, 6117, -412, -1611, -2388, -3696
1747889005.275, MrmFullScanInfo, 1147, 1511006420, 406354, 0, 0, 0, 0, 10000, 39297, 32, 4, 2, 1, 480, 0, 0, 0, 0, 0, 0, 16, 22, 9, -101, -62, 158, 71, -111, -13, 20, 10, 23, -145, 19, 255, -55, -168, 55, 0, -118, 72, 272, -54, -344, 9, 262, 66, -226, -73, 315, -59, -302, 200, 101, -148, 103, -56, -179, 333, 163, -622, -10, 738, -227, -638, 318, 564, -272, -713, 378, 887, -722, -744, 994, 351, -993, 2, 805, 72, -626, -671, 771, 1279, -1331, -1174, 1982, 258, -2261, 759, 1943, -1205, -1093, 929, 143, -278, 126, -103, 567, -159, -1418, 773, 1508, -1114, -817, 833, 106, -220, 129, -272, -16, 601, -194, -789, 379, 669, -389, -156, 304, -524, -308, 1195, 329, -1635, -288, 1521, 352, -951, -685, 457, 1023, -292, -1002, 293, 541, -221, 338, 17, -1290, 241, 1802, -347, -1599, 70, 928, 575, -302, -1214, -50, 1774, 49, -2290, 332, 2541, -821, -2343, 1032, 1840, -718, -1380, -22, 1014, 576, -658, -362, 195, -397, 341, 965, -662, -1063, 660, 928, -437, -715, 38, 507, 395, -295, -550, 16, 537, 272, -848, -271, 1536, -116, -2176, 598, 2660, -944, -3265, 1217, 3714, -1376, -3649, 1233, 3499, -908, -3624, 807, 3638, -981, -2975, 1078, 1845, -874, -706, 392, -295, 88, 795, -243, -241, -23, -1435, 533, 3439, -991, -4736, 1263, 5122, -1403, -5018, 1517, 4816, -1641, -4875, 2010, 5569, -3248, -6641, 5639, 7237, -8398, -6851, 10398, 5660, -11085, -4121, 10663, 2684, -9727, -1529, 8823, 413, -8032, 921, 7088, -2259, -5888, 3279, 4702, -3907, -3719, 4191, 2774, -4023, -1710, 3316, 782, -2313, -327, 1438, 378, -819, -754, 348, 1316, 21, -2026, -244, 2648, 461, -2837, -929, 2786, 1584, -3178, -1900, 4496, 1436, -6535, -18, 8723, -2456, -10158, 4944, 10190, -5467, -9547, 3752, 9749, -2406, -11002, 4220, 11716, -9187, -10195, 15472, 5783, -20882, 1116, 23280, -9169, -21281, 16578, 15075, -21955, -5950, 24398, -4481, -22909, 14254, 16928, -21324, -7363, 24168, -3438, -21702, 10696, 15276, -9923, -9888, 2590, 9669, 4088, -12702, -4925, 13661, 1812, -10488, 624, 5647, -53, -2277, -2730, 1278, 6058, -2009, -9139, 4319, 11709, -8594, -12966, 14610, 11830, -21451, -7736, 27579, 995, -29933, 5369, 26681, -6945, -21229, 3377, 19363, -96, -21938, 2136, 24289, -8466, -22695, 14778, 17277, -17684, -10824, 16465, 6331, -13029, -4911, 10442, 5150, -10239, -4788, 11214, 3309, -11179, -2050, 9518, 2440, -7376, -3599, 5689, 3063, -3962, -5, 1561, -3550, 830, 5209, -1986, -4629, 1679, 2871, -643, -989, -213, -504, 382, 1469, 286, -1988, -1559, 2397, 2659, -3009, -2435, 3580, 131, -3195, 3846, 851, -7830, 2390, 9224, -3084, -6966, -1077, 3269, 7667, -1449, -11210, 2302, 8726, -3527, -1573, 2717, -6294, 653, 10193, -4734, -7605, 6672, 816, -5550, 4851, 3451, -6199, -2850, 4551, 4074, -2797, -5508, 2423, 5376, -3401, -3511, 5282, 1223, -7679, 383, 9732, -1286, -10223, 1897, 8813, -2352, -6009, 2749, 2408, -2768, 846, 2179, -2273, -1635, 1846, 1835, -1421, -1996, 2446, 659, -4245, 2324, 5394, -5790, -4899, 8414, 3181, -9684, -2012, 10455, 2720, -12351, -4242, 15848, 4098, -19237, -1243, 20196, -3219, -17967, 7604, 13448
1747889005.371, MrmFullScanInfo, 1148, 1511006420, 406479, 0, 0, 0, 0, 10000, 39297, 32, 1, 2, 1, 480, 7294, -7502, -5846, 9473, 4476, -11730, -46, 11168, -2769, -10988, 6891, 10703, -12043, -8938, 15551, 6208, -15379, -2258, 20302, -2639, -23355, 9858, 21049, -16228, -16779, 20562, 9532, -28520, 1592, 35004, -16633, -32389, 28138, 27101, -50151, -19319, 83632, 1030, -102404, 26703, 115326, -59712, -143061, 108461, 169644, -176180, -159121, 223520, 130806, -242901, -123708, 317816, 103619, -403006, -51535, 429218, 1773, -437697, 65094, 472342, -165208, -509325, 219939, 461552, -259283, -387053, 363575, 386205, -465882, -398892, 454691, 255347, -472108, -152631, 508052, 71356, -520131, 72816, 519711, -171689, -504094, 182441, 503567, -314138, -519392, 448370, 457012, -445484, -329718, 468752, 305063, -505431, -272616, 520150, 78270, -519321, -13491, 481459, -111439, -484294, 294333, 513235, -312672, -436562, 343628, 323667, -439352, -299763, 508707, 252224, -498726, -113482, 512670, 31597, -519257, 77540, 520192, -241506, -518835, 271539, 465247, -295309, -469632, 392147, 507517, -480093, -400010, 458923, 291880, -473854, -289330, 499385, 296598, -519092, -188234, 512275, 162403, -508976, -237191, 502714, 435457, -477006, -508514, 209921, 510187, 20181, -512666, -71814, 519181, 47759, -513515, 21486, 506646, -68369, -510972, 176970, 519809, -316513, -493779, 329833, 422781, -393804, -421191, 460629, 445388, -511649, -313400, 507552, 218380, -512023, -188486, 516190, 169935, -520191, -116927, 519730, 132755, -514680, -165147, 511949, 253613, -515535, -310333, 487227, 331628, -442658, -404160, 443351, 483066, -477711, -432931, 429080, 381362, -380660, -406710, 427714, 455011, -488866, -346843, 469897, 255423, -473180, -219788, 502200, 153661, -519501, -32352, 509378, -53294, -455726, 179241, 437962, -311010, -415341, 334723, 283857, -330913, -175633, 341743, 76786, -327230, 1108, 248322, -31939, -166033, 42511, 113752, -48942, -69567, 37854, 36287, -11842, -22891, -10071, 23999, 29660, -40720, -48055, 65175, 56316, -83954, -48366, 119576, 37563, -161842, -19830, 175533, -3839, -181793, 28313, 207445, -64216, -229608, 100900, 212928, -118015, -204243, 150167, 199022, -175123, -192140, 197759, 164519, -183694, -141381, 164237, 129878, -168253, -123456, 170308, 108641, -149951, -116964, 120354, 118109, -120350, -124205, 124723, 117283, -115330, -110197, 104502, 113023, -111566, -114780, 118345, 100915, -106397, -86459, 87856, 83882, -87621, -84386, 87028, 77001, -72852, -73374, 61745, 78343, -61616, -85257, 65943, 78700, -63549, -52047, 35780, 53415, -30246, -59307, 26830, 57033, -24412, -54761, 22274, 57285, -20738, -61489, 18890, 55938, -17208, -44830, 12439, 49728, -9020, -58384, 5632, 58113, -4207, -59541, 3675, 73641, -4952, -95573, 11679, 99027, -23145, -72905, 13530, 88125, -17090, -106095, 26261, 107366, -39636, -104507, 51063, 110545, -68625, -114811, 92631, 97208, -99457, -87966, 100744, 87528, -118732, -81873, 137740, 63537, -132416, -46022, 124896, 31533, -128149, -16816, 130779, 3503, -115025, 2555, 103676, -13779, -98874, 25183, 93810, -28110, -74697, 29554, 59646, -35456, -50894, 40500, 45485, -37714, -36526, 30250, 27346, -30577, -23333, 29906, 20418, -25111, -16829, 19703, 16160, -20266, -15531, 22955, 15372, -23826, -13842, 37273, -9455, -40779, 14053, 43680, -19656, -38459, 23227, 34211, -23219, -34409, 29525, 35218, -38235, -29743, 39947, 27727, -57935, -21909, 65354, 12689, -71372, -7377, 62877, 1116, -52387, 4532, 49126, -7506, -44818, 10517, 33001, -169, -42310, 3570, 42357, -6981, -40118, 7784, 31454, -5049, -23615, 3025, 20936, 512, -19515, -3866, 15718, 201, -36661, 3634, 36031, -7572, -32247, 9079, 25222, -6855, -19923, 6380, 17066, -4902, -15212, 2183, 11252, -18338, -9547, 19223, 3791, -18151, 2751, 13033, -5489, -7331, 6051, 2232, -6967, 3342, 6128, -8250, -3857
1747889005.387, MrmFullScanInfo, 1148, 1511006420, 406479, 0, 0, 0, 0, 10000, 39297, 32, 2, 2, 1, 480, 0, 0, 0, 0, 0, 0, -1795, 4501, 1489, -9777, 1901, 12107, -6659, -10925, 11044, 7714, -14296, -3904, 16390, 39, -17786, 4237, 18741, -9513, -18512, 15539, 15809, -21259, -9910, 25841, 702, -28616, 11340, 28377, -25229, -23774, 40861, 13688, -58734, 3293, 77216, -28168, -92832, 60911, 104168, -102430, -110459, 153328, 106795, -207418, -88761, 255348, 59557, -297328, -23842, 340610, -20314, -383029, 76223, 412659, -142882, -424313, 216872, 420289, -291670, -398409, 358658, 355996, -416614, -301633, 470507, 244450, -517136, -180013, 543538, 99370, -543492, -1882, 523957, -105723, -492765, 211127, 455515, -301690, -420867, 380215, 390903, -457966, -349838, 528051, 283689, -568589, -203393, 575560, 124391, -564791, -43655, 543733, -49471, -508626, 157041, 461792, -270881, -410136, 375119, 352846, -450865, -285617, 495293, 211248, -521897, -133998, 538126, 51740, -539276, 39321, 522078, -140388, -490711, 247047, 448569, -344574, -400632, 417050, 359992, -469232, -331401, 517220, 297007, -557666, -239804, 573768, 172730, -567132, -118494, 556689, 77950, -551083, -44907, 546202, 38894, -543358, -88687, 538272, 190800, -500374, -312216, 401083, 422392, -262700, -504508, 150897, 545751, -111639, -541671, 143018, 504991, -220726, -455589, 318801, 402631, -411753, -347855, 480762, 299386, -527446, -260492, 563538, 216391, -586908, -152465, 587104, 78998, -566844, -18739, 542838, -18860, -527715, 35677, 523458, -29782, -528689, -3160, 542037, 56926, -556815, -118243, 563659, 180487, -564336, -238700, 567686, 276628, -568580, -282412, 554629, 271073, -535127, -260843, 532727, 241489, -546946, -194110, 555684, 123137, -548536, -45507, 532576, -34225, -509527, 120711, 471806, -215379, -416231, 310781, 344618, -388642, -258226, 427002, 160251, -418609, -60808, 374029, -24779, -306626, 82188, 227701, -104313, -151059, 96841, 89661, -73443, -48681, 45404, 26827, -18437, -21465, -4449, 30199, 21013, -49506, -29235, 74810, 27542, -102615, -15422, 130379, -5961, -153975, 33283, 169498, -62897, -177983, 93993, 182175, -126767, -180778, 158712, 171318, -186056, -155673, 208216, 137390, -225105, -117316, 232436, 96632, -226787, -79450, 212676, 68497, -198581, -62582, 186667, 60620, -174059, -63688, 161555, 70695, -153245, -76419, 149243, 77300, -145838, -74986, 142197, 72243, -140040, -68257, 137597, 61670, -130761, -54839, 119892, 50980, -109320, -49845, 100924, 49738, -93392, -51007, 87052, 54094, -84024, -55473, 82276, 51329, -75858, -44129, 62907, 40350, -48982, -42137, 40362, 45840, -37639, -48237, 37770, 49033, -37957, -48309, 36651, 45999, -33225, -43874, 28459, 44630, -24373, -48518, 22416, 53825, -22571, -60656, 24998, 70182, -30937, -79068, 39272, 81957, -45435, -80033, 47255, 80231, -48974, -85025, 55940, 89800, -68523, -90685, 84445, 86978, -101348, -78490, 115838, 66355, -125173, -54267, 131312, 44221, -137954, -33538, 143821, 19570, -144319, -3679, 138758, -11281, -130290, 23880, 120695, -33635, -109853, 40710, 98484, -46130, -87417, 50454, 75800, -52886, -62741, 53025, 49359, -51776, -37745, 49709, 28749, -46418, -21994, 41977, 16922, -37375, -13169, 33172, 10582, -29220, -9146, 25993, 8649, -24522, -8354, 25760, 5987, -29501, 1077, 33791, -12645, -35829, 24750, 34203, -32873, -30146, 36053, 26166, -36961, -23531, 38942, 21233, -43664, -17461, 50918, 11074, -59298, -2158, 65921, -7666, -67278, 15758, 62395, -20312, -53752, 21713, 44728, -20936, -37738, 18595, 34399, -16103, -34808, 15547, 36185, -17032, -34757, 17914, 29767, -15891, -23667, 11178, 19265, -6101, -18488, 3546, 21808, -5452, -27126, 11118, 30302, -16924, -28589, 19220, 23343, -17223, -17815, 12905, 14074, -9704, -11755, 10263, 8912, -14158, -4061, 17807, -2139, -17554, 7375, 12979, -9680, -6222, 8945, -339, -6425
1747889005.403, MrmFullScanInfo, 1148, 1511006420, 406479, 0, 0, 0, 0, 10000, 39297, 32, 4, 2, 1, 480, 0, 0, 0, 0, 0, 0, -71, 48, 98, -39, -60, -10, 24, 88, -67, -164, 177, 158, -212, -9, 112, -196, 31, 329, -115, -358, 156, 299, -144, -196, 62, 80, 60, 22, -166, -61, 157, 26, 39, -46, -295, 193, 286, -319, 131, 307, -803, -189, 1322, -17, -1262, 222, 643, -124, -38, -354, 14, 734, -579, -377, 1422, -664, -2341, 1867, 2586, -2613, -1389, 2357, -495, -1055, 1303, -363, -515, 880, -529, -241, 765, -1175, -169, 2608, -709, -2783, 1139, 1161, -631, 819, -428, -1307, 999, 404, -417, 275, -1027, 29, 2580, -802, -3488, 1439, 3355, -1748, -2386, 1613, 1136, -1361, 252, 1449, -1833, -1675, 3024, 1292, -2876, -39, 1392, -1242, 310, 1497, -1134, -601, 802, -432, 175, 337, -994, 994, 1031, -2327, -152, 2469, -848, -1662, 892, 1130, -133, -1222, -487, 1318, 532, -1115, -28, 880, -1261, -619, 3067, 221, -4020, 202, 3275, -691, -1402, 1347, -366, -1933, 1395, 2137, -1727, -1895, 1588, 1264, -1058, -394, 352, -442, -132, 1100, 558, -1495, -1227, 1487, 1939, -1236, -2482, 1146, 2309, -1065, -1031, 583, -356, 101, 687, -308, -323, -52, 441, 479, -1362, -981, 2504, 1965, -3620, -3053, 4699, 3373, -5342, -2929, 5423, 2443, -5207, -2101, 4666, 1678, -3485, -1116, 1887, 590, -566, -170, -295, 6, 539, -41, 466, -474, -2701, 2085, 4695, -3905, -4982, 4344, 4010, -3223, -3298, 1973, 3727, -1804, -4870, 2723, 5555, -4007, -5058, 4967, 3705, -5184, -2429, 4656, 1769, -3768, -1642, 2969, 1782, -2478, -1980, 2311, 2120, -2429, -1987, 2685, 1447, -2697, -712, 2160, 217, -1279, -212, 462, 750, 183, -1597, -619, 2065, 807, -1552, -1087, 666, 1853, -830, -2707, 2594, 2568, -5246, -713, 7786, -2859, -9196, 6530, 9068, -7741, -8716, 5986, 10005, -4057, -12532, 4992, 13675, -8786, -11443, 13469, 5765, -16861, 2209, 17317, -11076, -13946, 19683, 6649, -26591, 3955, 29534, -15975, -26536, 26596, 17677, -33596, -5039, 35695, -6272, -32657, 9981, 27158, -5042, -23812, -1696, 24016, 2623, -24188, 2576, 20519, -8882, -13415, 11703, 6611, -9916, -2996, 5186, 2703, 268, -4492, -5009, 7661, 8245, -12057, -9331, 17204, 7543, -22170, -2187, 25510, -4506, -25760, 7623, 23808, -5079, -22983, 1387, 24881, -2817, -26789, 10016, 24733, -18755, -17887, 24483, 8608, -24716, -859, 20261, -2210, -15216, 1224, 13387, -273, -14143, 2325, 13731, -6162, -10026, 8809, 4073, -8601, 1464, 6230, -4681, -3660, 5747, 2101, -6110, -1144, 6797, -201, -7843, 2400, 9072, -5261, -10437, 8265, 11615, -10598, -12145, 11703, 11793, -12053, -10239, 12603, 6838, -13297, -1423, 13045, -4943, -11023, 10643, 7277, -12879, -3839, 9514, 4113, -2885, -8941, -1049, 14334, -955, -15269, 6239, 10869, -10396, -4181, 11205, -999, -8425, 1909, 3109, 2488, 1964, -10476, -3619, 17922, 1227, -21316, 2913, 20493, -6439, -17626, 8770, 14681, -9348, -13068, 7439, 14330, -4521, -18656, 4298, 22930, -8478, -22833, 14298, 17280, -18067, -8858, 18315, 929, -15685, 3345, 12298, -2077, -11270, -2822, 13991, 6191, -17690, -4833, 18085, 835, -13825, 1930, 6908, -1508, -1396, -729, 800, 1407, -4865, 1477, 9482, -6134, -10831, 8845, 8883, -7525, -5916, 2656, 3970, 3854
1747889005.501, MrmFullScanInfo, 1149, 1511006420, 406604, 0, 0, 0, 0, 10000, 39297, 32, 1, 2, 1, 480, 6709, -7145, -5919, 9595, 3918, -11520, -212, 11312, -2806, -11126, 6831, 11057, -12130, -9519, 16201, 5624, -15843, -1660, 20656, -2828, -23703, 10286, 20792, -16419, -16330, 20327, 9644, -28803, 919, 35310, -16823, -31987, 27862, 27187, -50164, -19186, 84147, 1233, -103133, 27369, 114933, -60282, -140669, 107669, 168880, -176454, -157242, 224564, 130409, -240876, -123034, 318846, 103435, -403148, -51654, 429666, 971, -437287, 66319, 470126, -168954, -507944, 224348, 459208, -254364, -382651, 363387, 385042, -467153, -399230, 452818, 254704, -472351, -151329, 507664, 67309, -520132, 79835, 519643, -177017, -503598, 178318, 503096, -316886, -519196, 451324, 459297, -444656, -328196, 468567, 301022, -505875, -264492, 520138, 70540, -519278, -10840, 479354, -116217, -481993, 298314, 513234, -313472, -430611, 340342, 321463, -439230, -299693, 508806, 258741, -498925, -115287, 512883, 28216, -518900, 85316, 520192, -246436, -518740, 273854, 464191, -292633, -468717, 390772, 508737, -480308, -399035, 459126, 284918, -472908, -280630, 500607, 289179, -519276, -182039, 512199, 160276, -508145, -236260, 502902, 438043, -477020, -507567, 211023, 510291, 18712, -512780, -67393, 519277, 45774, -513241, 23387, 505684, -68502, -510982, 175660, 519782, -311840, -493995, 329376, 421507, -392595, -416387, 462638, 443467, -512207, -309565, 507224, 216041, -511559, -189437, 515834, 177095, -520164, -117185, 519794, 124697, -514736, -153790, 512691, 245085, -515901, -302367, 488493, 326482, -443164, -401111, 444616, 483460, -478134, -431108, 431500, 380166, -378863, -405009, 427987, 450557, -488726, -342511, 470073, 251354, -474086, -218881, 501985, 151393, -519779, -26447, 508599, -50338, -454265, 177025, 436934, -313345, -410982, 336085, 278292, -332055, -172108, 341297, 74478, -326710, 5142, 247313, -37973, -164227, 42913, 113394, -49240, -68169, 39508, 35741, -12093, -22183, -10620, 23365, 29226, -40354, -49190, 65172, 56197, -83305, -49781, 119592, 39361, -162708, -20278, 176385, -4323, -182929, 27513, 207772, -63200, -231621, 100929, 213253, -119648, -206446, 148530, 201837, -174452, -194441, 199192, 165026, -183505, -142411, 162488, 130559, -163838, -125671, 166612, 110430, -144394, -116655, 119212, 118265, -117102, -124408, 122083, 120250, -110384, -116121, 99247, 124481, -106626, -131220, 117371, 118757, -110155, -102231, 95566, 99947, -103068, -96701, 110584, 81687, -95806, -68350, 80635, 62401, -76755, -59041, 71669, 52538, -55809, -61132, 55168, 57909, -49927, -55794, 43813, 49481, -35464, -45829, 26086, 46015, -21440, -50071, 17414, 47261, -14788, -46360, 33655, 46735, -31373, -49252, 26804, 43533, -20549, -42604, 13769, 50494, -8858, -64909, 6494, 69129, -7938, -53205, 25900, 63321, -26328, -77905, 29158, 82998, -34897, -85779, 41077, 98379, -52828, -110316, 71311, 101331, -80294, -72098, 91620, 73823, -109247, -73215, 127784, 61285, -126538, -48028, 121520, 36193, -127793, -23926, 133542, 8673, -118078, 261, 105890, -12762, -104326, 26047, 102399, -31977, -83611, 33233, 65957, -39147, -55605, 44638, 45713, -40523, -31921, 32112, 19980, -31614, -14985, 32666, 12629, -30482, -11852, 28717, 12439, -33260, -11291, 39884, 7071, -39467, -1683, 28901, -8533, -33038, 11834, 41229, -16933, -42478, 22768, 43812, -27501, -48346, 38451, 48368, -52060, -39350, 56473, 18640, -43162, -18136, 50325, 15635, -60270, -14212, 57035, 11595, -53223, -6056, 56185, 1217, -57594, 3308, 47303, 3973, -26644, -4877, 29521, 5314, -33830, -5611, 31951, 6553, -30840, -5427, 32640, 5841, -35429, -5349, 31310, 9915, -26829, -8168, 31079, 4802, -34178, 4, 29895, -3019, -25596, 6424, 22640, -10043, -19429, 10017, 14263, -2182, -6494, 5011, 3458, -7906, 830, 5985, -3148, -4279, 4521, 328, -6017, 3968, 6582, -8157, -5595
1747889005.513, MrmFullScanInfo, 1149, 1511006420, 406604, 0, 0, 0, 0, 10000, 39297, 32, 2, 2, 1, 480, 0, 0, 0, 0, 0, 0, -1708, 4447, 1349, -9695, 2009, 12089, -6709, -11068, 11133, 7968, -14549, -4035, 16799, -168, -18196, 4755, 18986, -10105, -18517, 15963, 15616, -21408, -9709, 25819, 679, -28615, 11184, 28466, -25025, -23870, 40738, 13717, -58795, 3378, 77468, -28443, -92955, 61268, 103727, -102544, -109353, 153042, 105362, -206851, -87443, 254717, 58631, -296830, -23376, 340447, -20531, -383211, 76517, 412748, -143599, -423705, 218320, 418576, -293444, -395620, 359574, 352779, -415919, -299006, 468789, 243055, -515622, -179633, 542748, 99050, -543160, -423, 523467, -109056, -491529, 215547, 453561, -305320, -418981, 382067, 389983, -458727, -349950, 528717, 283924, -569165, -202345, 575478, 120937, -563585, -38031, 541327, -55717, -505415, 162324, 458489, -274589, -407108, 377111, 350010, -450916, -283067, 493722, 209871, -520040, -134739, 537480, 53996, -540120, 37860, 523230, -141863, -490637, 251345, 446758, -349381, -397945, 419841, 357946, -469314, -330938, 515855, 297378, -556335, -238851, 572678, 168739, -565615, -111708, 554399, 70332, -548398, -38682, 543884, 35423, -542111, -87920, 538359, 191516, -501494, -313001, 402796, 422474, -264806, -503861, 153263, 544611, -113858, -540378, 144475, 503969, -220849, -455265, 317468, 403116, -409567, -348457, 478721, 298971, -526179, -258413, 562897, 213027, -586362, -149009, 586300, 77093, -566119, -19457, 542907, -16656, -528616, 35227, 524052, -33720, -527622, 4844, 539161, 47428, -553313, -109838, 560988, 174546, -563265, -235330, 568173, 274990, -569895, -281370, 555714, 269760, -535236, -258808, 531793, 238550, -545447, -190579, 554175, 119737, -547435, -42532, 531882, -36808, -508825, 122459, 470864, -215694, -415076, 310005, 342878, -387810, -255227, 426449, 156064, -417919, -56394, 372882, -28739, -304965, 85626, 225622, -107064, -148877, 98561, 87857, -74190, -47482, 45626, 26077, -18440, -20941, -4628, 29800, 21367, -49234, -29747, 74666, 28283, -102668, -16420, 130798, -4961, -154834, 32694, 170569, -62778, -179038, 94034, 183208, -126863, -181885, 158994, 172613, -186483, -157343, 208693, 139443, -225714, -119307, 233111, 98096, -226875, -80569, 211435, 70004, -195868, -64896, 183121, 63345, -170557, -66001, 158550, 72315, -150557, -78160, 146429, 80820, -142905, -82080, 140012, 83840, -140268, -83523, 141834, 78192, -139816, -69860, 134020, 62124, -128303, -54884, 123071, 46665, -115026, -38796, 103638, 33601, -91661, -31909, 81399, 33261, -73678, -36217, 68430, 38382, -64129, -38070, 58343, 36166, -50277, -35087, 41563, 36294, -34659, -38821, 31801, 40393, -33752, -39626, 38549, 37013, -42019, -34236, 40898, 33389, -35609, -36583, 29362, 44491, -25733, -53575, 26802, 58498, -31911, -58237, 38716, 57257, -45565, -59625, 52376, 65125, -60122, -71960, 70206, 77949, -83267, -78474, 97136, 69854, -108280, -54795, 116588, 39701, -124746, -27354, 132477, 16175, -136494, -4950, 135844, -6459, -132107, 18086, 125475, -29177, -115358, 38650, 103560, -46565, -92432, 53286, 81394, -57856, -68616, 59314, 54348, -58093, -40466, 54756, 28189, -49239, -17957, 42398, 10194, -36366, -5123, 32651, 2485, -31330, -1521, 32256, 853, -35038, 1171, 37525, -5376, -37034, 10975, 33797, -16688, -30955, 22277, 30713, -28194, -32372, 34889, 34137, -42848, -34071, 51978, 29526, -59280, -19791, 60825, 8535, -57367, -518, 54121, -3287, -54137, 5397, 55683, -7949, -56352, 11600, 55129, -15227, -50750, 16291, 42935, -13147, -34712, 7493, 30146, -3072, -29937, 1848, 31454, -2943, -32641, 4549, 33158, -5322, -32918, 4681, 32012, -3174, -31311, 2571, 31332, -4377, -30930, 8108, 28555, -11963, -24201, 14550, 19110, -15048, -14200, 13181, 9779, -9918, -5759, 7054, 1917, -5394, 1666, 4075, -4461, -1968, 5908, -1283, -5855
1747889005.529, MrmFullScanInfo, 1149, 1511006420, 406604, 0, 0, 0, 0, 10000, 39297, 32, 4, 2, 1, 480, 0, 0, 0, 0, 0, 0, 57, -36, -98, 74, 88, -33, -47, -97, 65, 184, -178, -70, 322, -202, -369, 429, 262, -452, -52, 281, -129, -43, 144, -78, -1, 18, -129, 107, 139, -133, -61, 57, -43, 52, 128, -191, 4, 234, -410, -3, 820, -350, -949, 563, 860, -565, -709, 488, 490, -361, -246, 185, 91, -140, -173, 417, 539, -1032, -778, 1808, 416, -2352, 436, 2312, -1163, -1664, 1328, 852, -1060, -514, 702, 1057, -599, -2330, 968, 3350, -1508, -3246, 1667, 2288, -1152, -1371, 352, 861, 34, -457, 636, -83, -2416, 887, 4234, -1826, -4913, 2506, 4345, -2652, -3294, 2481, 2160, -2243, -863, 1851, -278, -817, 634, -816, -34, 1850, -758, -966, 733, -1642, 370, 4120, -1736, -4737, 2306, 3299, -1655, -1126, 412, -288, 54, 618, 1246, -625, -3957, 1040, 6493, -1778, -7282, 2230, 6062, -1918, -3816, 929, 1858, 223, -788, -1022, 449, 1366, -426, -1511, 479, 1604, -601, -1420, 647, 749, -427, 356, -83, -1484, 643, 2023, -702, -1631, -133, 705, 1537, -74, -2528, 62, 2370, -325, -847, 251, -1317, 374, 2321, -959, -482, 589, -3783, 943, 7953, -2620, -9839, 3074, 9204, -1850, -7207, -192, 5118, 1880, -3709, -2510, 3222, 2055, -3463, -930, 3960, -261, -4296, 1022, 4114, -1220, -3355, 965, 2544, -608, -2044, 585, 1625, -1026, -1113, 1888, 807, -3154, -788, 4441, 592, -4976, -148, 4546, -77, -3967, 33, 3836, -73, -3719, 289, 3129, -373, -2292, 191, 1616, 82, -1114, -325, 687, 551, -374, -776, 206, 956, -96, -1064, 22, 1155, -75, -1233, 275, 1188, -354, -1120, 129, 1283, 151, -1682, -207, 2047, 158, -2171, -201, 2124, 398, -2075, -797, 2291, 1532, -3163, -2321, 4839, 2470, -6468, -1804, 6868, 1209, -6117, -1462, 5790, 2069, -7097, -1891, 9825, 308, -13103, 2800, 15798, -7278, -16400, 12228, 13799, -16314, -8167, 18816, 631, -19452, 7564, 17479, -15219, -12059, 21237, 3344, -24494, 7312, 22686, -15126, -15164, 14104, 6639, -4476, -3432, -5563, 6084, 8414, -9561, -4412, 10191, -1611, -8322, 5807, 5652, -5662, -3660, -72, 4503, 9177, -9872, -15737, 18176, 14960, -25355, -7305, 28976, -3865, -29040, 15555, 26346, -23603, -22716, 23982, 21569, -18194, -24091, 13379, 26199, -14400, -22762, 18958, 13080, -22604, -512, 22970, -9198, -20366, 11261, 17042, -6267, -15073, 359, 13922, 1016, -11262, 1720, 6124, -4991, 39, 6101, -4863, -4742, 6962, 2167, -6720, 391, 5807, -2739, -5556, 5322, 5723, -8008, -5110, 10043, 2954, -10802, 668, 10086, -4987, -8054, 8912, 5446, -11670, -3332, 13134, 2429, -13479, -2852, 13059, 4334, -12652, -6047, 13073, 6153, -13539, -3323, 12016, -1076, -7942, 3801, 3611, -3007, -1922, -264, 3718, 3673, -7892, -5270, 12568, 3892, -14412, -367, 10387, -1867, -1995, -109, -4595, 5174, 4525, -9282, 1356, 9724, -9229, -6572, 15708, 2103, -17750, 334, 13996, 1651, -7312, -6910, 3205, 11105, -4408, -10769, 8658, 6003, -12530, 574, 14229, -5513, -13010, 6135, 9305, -2313, -5327, -2821, 3564, 5220, -4224, -3517, 5259, -631, -5077, 4634, 3737, -5947, -1994, 3235, 647, 2139, -150, -6606, 331, 7480, -616, -5279, 609, 2235, -606, -90, 1159
1747889005.640, MrmFullScanInfo, 1150, 1511006420, 406729, 0, 0, 0, 0, 10000, 39297, 32, 1, 2, 1, 480, 7212, -7212, -6411, 9551, 4008, -11498, -50, 11381, -2654, -10941, 6891, 10904, -11920, -9724, 15554, 5876, -15535, -1993, 19949, -2727, -23763, 10477, 20749, -16495, -16234, 20521, 9732, -28907, 1311, 34922, -16981, -32597, 27337, 27773, -49592, -19234, 84672, 1510, -102142, 27194, 114543, -59577, -142519, 108316, 169250, -178252, -157426, 223348, 131045, -240423, -123734, 317416, 105862, -404101, -51486, 430322, 2382, -436541, 66319, 471571, -169427, -508846, 222573, 458491, -256364, -385942, 361201, 385925, -468229, -402389, 453844, 254253, -470896, -151290, 508172, 66711, -520179, 79303, 519611, -172833, -504168, 178419, 502972, -312333, -519281, 450246, 458506, -443725, -327288, 466544, 302207, -506168, -263141, 520085, 73685, -519062, -12070, 481107, -113858, -484110, 300902, 513328, -312670, -432084, 343688, 319075, -440266, -299465, 508862, 255072, -499376, -113449, 512795, 32159, -519356, 82691, 520192, -246766, -518570, 272790, 462807, -296324, -469415, 393712, 508308, -480183, -401463, 459448, 288277, -471176, -284740, 499841, 287545, -519380, -179090, 512077, 153378, -509733, -236886, 503084, 435178, -475281, -507759, 209637, 510258, 22536, -512742, -72380, 519194, 48448, -513452, 20727, 505543, -69217, -510850, 175982, 519758, -311620, -494540, 330904, 422739, -390406, -418444, 461864, 443425, -511841, -309142, 507538, 211346, -512101, -189858, 516226, 170063, -520182, -115737, 519718, 126360, -514494, -157713, 513029, 239858, -516277, -299056, 489200, 321296, -445230, -399719, 445958, 481363, -478794, -430767, 432923, 379606, -383942, -403796, 430386, 452313, -490454, -343849, 469603, 248613, -476135, -212462, 502796, 140244, -519605, -19617, 508463, -57582, -453836, 183615, 436068, -319787, -413679, 340667, 281393, -343190, -169229, 353879, 73161, -340523, 8473, 260631, -40306, -178049, 49370, 125050, -56132, -81535, 47298, 45774, -19867, -29313, -2128, 28525, 21316, -44485, -39063, 68023, 47539, -85014, -44248, 119669, 34588, -164004, -15958, 175551, -6244, -182107, 30745, 207392, -65600, -229787, 103364, 212175, -120375, -208116, 151606, 204038, -175056, -197068, 201423, 166555, -184421, -143593, 165217, 131477, -166467, -125180, 167406, 112056, -144134, -118894, 124298, 120251, -122875, -126559, 127628, 121911, -113897, -117069, 103374, 125783, -109630, -134814, 119559, 124829, -112456, -110502, 99032, 111616, -106441, -109750, 115964, 93112, -104069, -78949, 90261, 71648, -88815, -66058, 85491, 55689, -66567, -67432, 65356, 64925, -62796, -63490, 59454, 57006, -49832, -53011, 39782, 54158, -37508, -57310, 34012, 50840, -27227, -51417, 43450, 51558, -43718, -52953, 44266, 46220, -39339, -43113, 32086, 44234, -29298, -52327, 25504, 55572, -21203, -52197, 38756, 57753, -38999, -67196, 42602, 68354, -44415, -70461, 46280, 81377, -55966, -94022, 72597, 91188, -80411, -63974, 93588, 65939, -107646, -65221, 124875, 54838, -121283, -44881, 118170, 34723, -126623, -22423, 135606, 8375, -122791, -4558, 107892, -5203, -108273, 18377, 109478, -25472, -92324, 29987, 76321, -40115, -67572, 49423, 58035, -47255, -42594, 40124, 29441, -40172, -20778, 39650, 13840, -32777, -8122, 26455, 5786, -26505, -3613, 29191, 2392, -30116, 37, 40700, -13953, -39627, 19014, 39384, -23332, -33473, 25708, 31855, -25166, -34994, 32194, 38531, -41327, -36477, 44601, 15134, -48616, -9593, 48945, 5913, -50464, -5724, 45224, 5624, -41962, -4826, 46433, 3940, -51046, -3826, 46266, -1645, -21892, -175, 20165, 3262, -21617, -5908, 22457, 7875, -23709, -7959, 28353, 8674, -34066, -6637, 32970, 9725, -19900, -9012, 20120, 8453, -20852, -4744, 19200, 1279, -17104, 2403, 16194, -6318, -14686, 8079, 10161, 8776, -6231, -11010, 3038, 14104, -575, -13523, -1025, 12968, 2742, -12932, -4341, 14634, 6173, -14166, -6488
